"name_club","round","total_points","opp_team","id","games","GW_Type"
"A.Becker (LIV)",1,1,"BOU",366,1,"SGW"
"A.Becker (LIV)",2,1,"NEW",366,1,"SGW"
"A.Becker (LIV)",3,8,"ARS",366,1,"SGW"
"A.Becker (LIV)",4,6,"BUR",366,1,"SGW"
"A.Becker (LIV)",5,2,"EVE",366,1,"SGW"
"A.Becker (LIV)",6,2,"CRY",366,1,"SGW"
"A.Becker (LIV)",7,0,"CHE",366,1,"SGW"
"A.Becker (LIV)",8,0,"MUN",366,1,"SGW"
"A.Becker (LIV)",9,0,"BRE",366,1,"SGW"
"A.Becker (LIV)",10,0,"AVL",366,1,"SGW"
"A.Becker (LIV)",11,0,"MCI",366,1,"SGW"
"A.Becker (LIV)",12,2,"NFO",366,1,"SGW"
"A.Becker (LIV)",13,6,"WHU",366,1,"SGW"
"A.Becker (LIV)",14,3,"SUN",366,1,"SGW"
"A.Becker (LIV)",15,1,"LEE",366,1,"SGW"
"A.Becker (LIV)",16,7,"BHA",366,1,"SGW"
"A.Becker (LIV)",17,3,"TOT",366,1,"SGW"
"A.Becker (LIV)",18,3,"WOL",366,1,"SGW"
"A.Becker (LIV)",19,6,"LEE",366,1,"SGW"
"A.Becker (LIV)",20,1,"FUL",366,1,"SGW"
"A.Becker (LIV)",21,10,"ARS",366,1,"SGW"
"A.Becker (LIV)",22,2,"BUR",366,1,"SGW"
"A.Becker (LIV)",23,1,"BOU",366,1,"SGW"
"A.García (AVL)",1,0,"NEW",42,1,"SGW"
"A.García (AVL)",2,0,"BRE",42,1,"SGW"
"A.García (AVL)",3,0,"CRY",42,1,"SGW"
"A.García (AVL)",4,0,"EVE",42,1,"SGW"
"A.García (AVL)",5,0,"SUN",42,1,"SGW"
"A.García (AVL)",6,0,"FUL",42,1,"SGW"
"A.García (AVL)",7,0,"BUR",42,1,"SGW"
"A.García (AVL)",8,0,"TOT",42,1,"SGW"
"A.García (AVL)",9,0,"MCI",42,1,"SGW"
"A.García (AVL)",10,0,"LIV",42,1,"SGW"
"A.García (AVL)",11,0,"BOU",42,1,"SGW"
"A.García (AVL)",12,0,"LEE",42,1,"SGW"
"A.García (AVL)",13,0,"WOL",42,1,"SGW"
"A.García (AVL)",14,0,"BHA",42,1,"SGW"
"A.García (AVL)",15,0,"ARS",42,1,"SGW"
"A.García (AVL)",16,0,"WHU",42,1,"SGW"
"A.García (AVL)",17,0,"MUN",42,1,"SGW"
"A.García (AVL)",18,0,"CHE",42,1,"SGW"
"A.García (AVL)",19,0,"ARS",42,1,"SGW"
"A.García (AVL)",20,1,"NFO",42,1,"SGW"
"A.García (AVL)",21,0,"CRY",42,1,"SGW"
"A.García (AVL)",22,0,"EVE",42,1,"SGW"
"A.García (AVL)",23,0,"NEW",42,1,"SGW"
"A.Jimenez (BOU)",1,NA,NA,713,NA,"BGW"
"A.Jimenez (BOU)",2,NA,NA,713,NA,"BGW"
"A.Jimenez (BOU)",3,NA,NA,713,NA,"BGW"
"A.Jimenez (BOU)",4,0,"BHA",713,1,"SGW"
"A.Jimenez (BOU)",5,0,"NEW",713,1,"SGW"
"A.Jimenez (BOU)",6,0,"LEE",713,1,"SGW"
"A.Jimenez (BOU)",7,1,"FUL",713,1,"SGW"
"A.Jimenez (BOU)",8,1,"CRY",713,1,"SGW"
"A.Jimenez (BOU)",9,6,"NFO",713,1,"SGW"
"A.Jimenez (BOU)",10,1,"MCI",713,1,"SGW"
"A.Jimenez (BOU)",11,-1,"AVL",713,1,"SGW"
"A.Jimenez (BOU)",12,1,"WHU",713,1,"SGW"
"A.Jimenez (BOU)",13,0,"SUN",713,1,"SGW"
"A.Jimenez (BOU)",14,4,"EVE",713,1,"SGW"
"A.Jimenez (BOU)",15,6,"CHE",713,1,"SGW"
"A.Jimenez (BOU)",16,3,"MUN",713,1,"SGW"
"A.Jimenez (BOU)",17,2,"BUR",713,1,"SGW"
"A.Jimenez (BOU)",18,3,"BRE",713,1,"SGW"
"A.Jimenez (BOU)",19,3,"CHE",713,1,"SGW"
"A.Jimenez (BOU)",20,1,"ARS",713,1,"SGW"
"A.Jimenez (BOU)",21,0,"TOT",713,1,"SGW"
"A.Jimenez (BOU)",22,2,"BHA",713,1,"SGW"
"A.Jimenez (BOU)",23,7,"LIV",713,1,"SGW"
"A.Murphy (NEW)",1,0,"AVL",481,1,"SGW"
"A.Murphy (NEW)",2,0,"LIV",481,1,"SGW"
"A.Murphy (NEW)",3,0,"LEE",481,1,"SGW"
"A.Murphy (NEW)",4,0,"WOL",481,1,"SGW"
"A.Murphy (NEW)",5,0,"BOU",481,1,"SGW"
"A.Murphy (NEW)",6,0,"ARS",481,1,"SGW"
"A.Murphy (NEW)",7,0,"NFO",481,1,"SGW"
"A.Murphy (NEW)",8,0,"BHA",481,1,"SGW"
"A.Murphy (NEW)",9,0,"FUL",481,1,"SGW"
"A.Murphy (NEW)",10,0,"WHU",481,1,"SGW"
"A.Murphy (NEW)",11,0,"BRE",481,1,"SGW"
"A.Murphy (NEW)",12,0,"MCI",481,1,"SGW"
"A.Murphy (NEW)",13,0,"EVE",481,1,"SGW"
"A.Murphy (NEW)",14,0,"TOT",481,1,"SGW"
"A.Murphy (NEW)",15,0,"BUR",481,1,"SGW"
"A.Murphy (NEW)",16,0,"SUN",481,1,"SGW"
"A.Murphy (NEW)",17,0,"CHE",481,1,"SGW"
"A.Murphy (NEW)",18,0,"MUN",481,1,"SGW"
"A.Murphy (NEW)",19,0,"BUR",481,1,"SGW"
"A.Murphy (NEW)",20,0,"CRY",481,1,"SGW"
"A.Murphy (NEW)",21,0,"LEE",481,1,"SGW"
"A.Murphy (NEW)",22,0,"WOL",481,1,"SGW"
"A.Murphy (NEW)",23,0,"AVL",481,1,"SGW"
"A.Ramsey (BUR)",1,0,"TOT",211,1,"SGW"
"A.Ramsey (BUR)",2,0,"SUN",211,1,"SGW"
"A.Ramsey (BUR)",3,0,"MUN",211,1,"SGW"
"A.Ramsey (BUR)",4,0,"LIV",211,1,"SGW"
"A.Ramsey (BUR)",5,0,"NFO",211,1,"SGW"
"A.Ramsey (BUR)",6,0,"MCI",211,1,"SGW"
"A.Ramsey (BUR)",7,0,"AVL",211,1,"SGW"
"A.Ramsey (BUR)",8,0,"LEE",211,1,"SGW"
"A.Ramsey (BUR)",9,0,"WOL",211,1,"SGW"
"A.Ramsey (BUR)",10,0,"ARS",211,1,"SGW"
"A.Ramsey (BUR)",11,0,"WHU",211,1,"SGW"
"A.Ramsey (BUR)",12,0,"CHE",211,1,"SGW"
"A.Ramsey (BUR)",13,0,"BRE",211,1,"SGW"
"A.Ramsey (BUR)",14,0,"CRY",211,1,"SGW"
"A.Ramsey (BUR)",15,0,"NEW",211,1,"SGW"
"A.Ramsey (BUR)",16,0,"FUL",211,1,"SGW"
"A.Ramsey (BUR)",17,0,"BOU",211,1,"SGW"
"A.Ramsey (BUR)",18,0,"EVE",211,1,"SGW"
"A.Ramsey (BUR)",19,0,"NEW",211,1,"SGW"
"A.Ramsey (BUR)",20,0,"BHA",211,1,"SGW"
"A.Ramsey (BUR)",21,0,"MUN",211,1,"SGW"
"A.Ramsey (BUR)",22,0,"LIV",211,1,"SGW"
"A.Ramsey (BUR)",23,0,"TOT",211,1,"SGW"
"Aaronson (LEE)",1,1,"EVE",350,1,"SGW"
"Aaronson (LEE)",2,1,"ARS",350,1,"SGW"
"Aaronson (LEE)",3,1,"NEW",350,1,"SGW"
"Aaronson (LEE)",4,5,"FUL",350,1,"SGW"
"Aaronson (LEE)",5,2,"WOL",350,1,"SGW"
"Aaronson (LEE)",6,4,"BOU",350,1,"SGW"
"Aaronson (LEE)",7,5,"TOT",350,1,"SGW"
"Aaronson (LEE)",8,2,"BUR",350,1,"SGW"
"Aaronson (LEE)",9,11,"WHU",350,1,"SGW"
"Aaronson (LEE)",10,2,"BHA",350,1,"SGW"
"Aaronson (LEE)",11,7,"NFO",350,1,"SGW"
"Aaronson (LEE)",12,2,"AVL",350,1,"SGW"
"Aaronson (LEE)",13,1,"MCI",350,1,"SGW"
"Aaronson (LEE)",14,0,"CHE",350,1,"SGW"
"Aaronson (LEE)",15,4,"LIV",350,1,"SGW"
"Aaronson (LEE)",16,1,"BRE",350,1,"SGW"
"Aaronson (LEE)",17,6,"CRY",350,1,"SGW"
"Aaronson (LEE)",18,5,"SUN",350,1,"SGW"
"Aaronson (LEE)",19,3,"LIV",350,1,"SGW"
"Aaronson (LEE)",20,7,"MUN",350,1,"SGW"
"Aaronson (LEE)",21,14,"NEW",350,1,"SGW"
"Aaronson (LEE)",22,3,"FUL",350,1,"SGW"
"Aaronson (LEE)",23,4,"EVE",350,1,"SGW"
"Abbott (NFO)",1,0,"BRE",513,1,"SGW"
"Abbott (NFO)",2,0,"CRY",513,1,"SGW"
"Abbott (NFO)",3,0,"WHU",513,1,"SGW"
"Abbott (NFO)",4,0,"ARS",513,1,"SGW"
"Abbott (NFO)",5,0,"BUR",513,1,"SGW"
"Abbott (NFO)",6,0,"SUN",513,1,"SGW"
"Abbott (NFO)",7,0,"NEW",513,1,"SGW"
"Abbott (NFO)",8,0,"CHE",513,1,"SGW"
"Abbott (NFO)",9,0,"BOU",513,1,"SGW"
"Abbott (NFO)",10,0,"MUN",513,1,"SGW"
"Abbott (NFO)",11,0,"LEE",513,1,"SGW"
"Abbott (NFO)",12,0,"LIV",513,1,"SGW"
"Abbott (NFO)",13,0,"BHA",513,1,"SGW"
"Abbott (NFO)",14,0,"WOL",513,1,"SGW"
"Abbott (NFO)",15,1,"EVE",513,1,"SGW"
"Abbott (NFO)",16,0,"TOT",513,1,"SGW"
"Abbott (NFO)",17,0,"FUL",513,1,"SGW"
"Abbott (NFO)",18,0,"MCI",513,1,"SGW"
"Abbott (NFO)",19,0,"EVE",513,1,"SGW"
"Abbott (NFO)",20,0,"AVL",513,1,"SGW"
"Abbott (NFO)",21,0,"WHU",513,1,"SGW"
"Abbott (NFO)",22,0,"ARS",513,1,"SGW"
"Abbott (NFO)",23,0,"BRE",513,1,"SGW"
"Abdullahi (SUN)",1,0,"WHU",562,1,"SGW"
"Abdullahi (SUN)",2,0,"BUR",562,1,"SGW"
"Abdullahi (SUN)",3,0,"BRE",562,1,"SGW"
"Abdullahi (SUN)",4,0,"CRY",562,1,"SGW"
"Abdullahi (SUN)",5,0,"AVL",562,1,"SGW"
"Abdullahi (SUN)",6,0,"NFO",562,1,"SGW"
"Abdullahi (SUN)",7,0,"MUN",562,1,"SGW"
"Abdullahi (SUN)",8,0,"WOL",562,1,"SGW"
"Abdullahi (SUN)",9,0,"CHE",562,1,"SGW"
"Abdullahi (SUN)",10,0,"EVE",562,1,"SGW"
"Abdullahi (SUN)",11,0,"ARS",562,1,"SGW"
"Abdullahi (SUN)",12,0,"FUL",562,1,"SGW"
"Abdullahi (SUN)",13,0,"BOU",562,1,"SGW"
"Abdullahi (SUN)",14,0,"LIV",562,1,"SGW"
"Abdullahi (SUN)",15,0,"MCI",562,1,"SGW"
"Abdullahi (SUN)",16,0,"NEW",562,1,"SGW"
"Abdullahi (SUN)",17,0,"BHA",562,1,"SGW"
"Abdullahi (SUN)",18,0,"LEE",562,1,"SGW"
"Abdullahi (SUN)",19,0,"MCI",562,1,"SGW"
"Abdullahi (SUN)",20,0,"TOT",562,1,"SGW"
"Abdullahi (SUN)",21,0,"BRE",562,1,"SGW"
"Abdullahi (SUN)",22,0,"CRY",562,1,"SGW"
"Abdullahi (SUN)",23,0,"WHU",562,1,"SGW"
"Acheampong (CHE)",1,9,"CRY",233,1,"SGW"
"Acheampong (CHE)",2,0,"WHU",233,1,"SGW"
"Acheampong (CHE)",3,0,"FUL",233,1,"SGW"
"Acheampong (CHE)",4,0,"BRE",233,1,"SGW"
"Acheampong (CHE)",5,0,"MUN",233,1,"SGW"
"Acheampong (CHE)",6,0,"BHA",233,1,"SGW"
"Acheampong (CHE)",7,2,"LIV",233,1,"SGW"
"Acheampong (CHE)",8,14,"NFO",233,1,"SGW"
"Acheampong (CHE)",9,2,"SUN",233,1,"SGW"
"Acheampong (CHE)",10,0,"TOT",233,1,"SGW"
"Acheampong (CHE)",11,0,"WOL",233,1,"SGW"
"Acheampong (CHE)",12,0,"BUR",233,1,"SGW"
"Acheampong (CHE)",13,0,"ARS",233,1,"SGW"
"Acheampong (CHE)",14,0,"LEE",233,1,"SGW"
"Acheampong (CHE)",15,0,"BOU",233,1,"SGW"
"Acheampong (CHE)",16,0,"EVE",233,1,"SGW"
"Acheampong (CHE)",17,0,"NEW",233,1,"SGW"
"Acheampong (CHE)",18,0,"AVL",233,1,"SGW"
"Acheampong (CHE)",19,0,"BOU",233,1,"SGW"
"Acheampong (CHE)",20,2,"MCI",233,1,"SGW"
"Acheampong (CHE)",21,1,"FUL",233,1,"SGW"
"Acheampong (CHE)",22,1,"BRE",233,1,"SGW"
"Acheampong (CHE)",23,0,"CRY",233,1,"SGW"
"Adama (FUL)",1,1,"BHA",326,1,"SGW"
"Adama (FUL)",2,0,"MUN",326,1,"SGW"
"Adama (FUL)",3,1,"CHE",326,1,"SGW"
"Adama (FUL)",4,1,"LEE",326,1,"SGW"
"Adama (FUL)",5,0,"BRE",326,1,"SGW"
"Adama (FUL)",6,2,"AVL",326,1,"SGW"
"Adama (FUL)",7,1,"BOU",326,1,"SGW"
"Adama (FUL)",8,1,"ARS",326,1,"SGW"
"Adama (FUL)",9,2,"NEW",326,1,"SGW"
"Adama (FUL)",10,1,"WOL",326,1,"SGW"
"Adama (FUL)",11,1,"EVE",326,1,"SGW"
"Adama (FUL)",12,0,"SUN",326,1,"SGW"
"Adama (FUL)",13,0,"TOT",326,1,"SGW"
"Adama (FUL)",14,0,"MCI",326,1,"SGW"
"Adama (FUL)",15,1,"CRY",326,1,"SGW"
"Adama (FUL)",16,1,"BUR",326,1,"SGW"
"Adama (FUL)",17,1,"NFO",326,1,"SGW"
"Adama (FUL)",18,0,"WHU",326,1,"SGW"
"Adama (FUL)",19,1,"CRY",326,1,"SGW"
"Adama (FUL)",20,1,"LIV",326,1,"SGW"
"Adama (FUL)",21,1,"CHE",326,1,"SGW"
"Adama (FUL)",22,0,"LEE",326,1,"SGW"
"Adama (FUL)",23,0,"BHA",326,1,"SGW"
"Adams (BOU)",1,4,"LIV",85,1,"SGW"
"Adams (BOU)",2,2,"WOL",85,1,"SGW"
"Adams (BOU)",3,4,"TOT",85,1,"SGW"
"Adams (BOU)",4,1,"BHA",85,1,"SGW"
"Adams (BOU)",5,3,"NEW",85,1,"SGW"
"Adams (BOU)",6,2,"LEE",85,1,"SGW"
"Adams (BOU)",7,2,"FUL",85,1,"SGW"
"Adams (BOU)",8,3,"CRY",85,1,"SGW"
"Adams (BOU)",9,6,"NFO",85,1,"SGW"
"Adams (BOU)",10,8,"MCI",85,1,"SGW"
"Adams (BOU)",11,2,"AVL",85,1,"SGW"
"Adams (BOU)",12,2,"WHU",85,1,"SGW"
"Adams (BOU)",13,9,"SUN",85,1,"SGW"
"Adams (BOU)",14,1,"EVE",85,1,"SGW"
"Adams (BOU)",15,0,"CHE",85,1,"SGW"
"Adams (BOU)",16,1,"MUN",85,1,"SGW"
"Adams (BOU)",17,0,"BUR",85,1,"SGW"
"Adams (BOU)",18,0,"BRE",85,1,"SGW"
"Adams (BOU)",19,0,"CHE",85,1,"SGW"
"Adams (BOU)",20,0,"ARS",85,1,"SGW"
"Adams (BOU)",21,0,"TOT",85,1,"SGW"
"Adams (BOU)",22,0,"BHA",85,1,"SGW"
"Adams (BOU)",23,0,"LIV",85,1,"SGW"
"Adewumi (BUR)",1,0,"TOT",212,1,"SGW"
"Adewumi (BUR)",2,0,"SUN",212,1,"SGW"
"Adewumi (BUR)",3,0,"MUN",212,1,"SGW"
"Adewumi (BUR)",4,0,"LIV",212,1,"SGW"
"Adewumi (BUR)",5,0,"NFO",212,1,"SGW"
"Adewumi (BUR)",6,0,"MCI",212,1,"SGW"
"Adewumi (BUR)",7,0,"AVL",212,1,"SGW"
"Adewumi (BUR)",8,0,"LEE",212,1,"SGW"
"Adewumi (BUR)",9,0,"WOL",212,1,"SGW"
"Adewumi (BUR)",10,0,"ARS",212,1,"SGW"
"Adewumi (BUR)",11,0,"WHU",212,1,"SGW"
"Adewumi (BUR)",12,0,"CHE",212,1,"SGW"
"Adewumi (BUR)",13,0,"BRE",212,1,"SGW"
"Adewumi (BUR)",14,0,"CRY",212,1,"SGW"
"Adewumi (BUR)",15,0,"NEW",212,1,"SGW"
"Adewumi (BUR)",16,0,"FUL",212,1,"SGW"
"Adewumi (BUR)",17,0,"BOU",212,1,"SGW"
"Adewumi (BUR)",18,0,"EVE",212,1,"SGW"
"Adewumi (BUR)",19,0,"NEW",212,1,"SGW"
"Adewumi (BUR)",20,0,"BHA",212,1,"SGW"
"Adewumi (BUR)",21,0,"MUN",212,1,"SGW"
"Adewumi (BUR)",22,0,"LIV",212,1,"SGW"
"Adewumi (BUR)",23,0,"TOT",212,1,"SGW"
"Adingra (SUN)",1,6,"WHU",543,1,"SGW"
"Adingra (SUN)",2,1,"BUR",543,1,"SGW"
"Adingra (SUN)",3,1,"BRE",543,1,"SGW"
"Adingra (SUN)",4,3,"CRY",543,1,"SGW"
"Adingra (SUN)",5,0,"AVL",543,1,"SGW"
"Adingra (SUN)",6,1,"NFO",543,1,"SGW"
"Adingra (SUN)",7,1,"MUN",543,1,"SGW"
"Adingra (SUN)",8,0,"WOL",543,1,"SGW"
"Adingra (SUN)",9,0,"CHE",543,1,"SGW"
"Adingra (SUN)",10,0,"EVE",543,1,"SGW"
"Adingra (SUN)",11,1,"ARS",543,1,"SGW"
"Adingra (SUN)",12,1,"FUL",543,1,"SGW"
"Adingra (SUN)",13,0,"BOU",543,1,"SGW"
"Adingra (SUN)",14,0,"LIV",543,1,"SGW"
"Adingra (SUN)",15,1,"MCI",543,1,"SGW"
"Adingra (SUN)",16,0,"NEW",543,1,"SGW"
"Adingra (SUN)",17,3,"BHA",543,1,"SGW"
"Adingra (SUN)",18,10,"LEE",543,1,"SGW"
"Adingra (SUN)",19,2,"MCI",543,1,"SGW"
"Adingra (SUN)",20,2,"TOT",543,1,"SGW"
"Adingra (SUN)",21,1,"BRE",543,1,"SGW"
"Adingra (SUN)",22,0,"CRY",543,1,"SGW"
"Adingra (SUN)",23,0,"WHU",543,1,"SGW"
"Adli (BOU)",1,NA,NA,697,NA,"BGW"
"Adli (BOU)",2,1,"WOL",697,1,"SGW"
"Adli (BOU)",3,1,"TOT",697,1,"SGW"
"Adli (BOU)",4,1,"BHA",697,1,"SGW"
"Adli (BOU)",5,1,"NEW",697,1,"SGW"
"Adli (BOU)",6,1,"LEE",697,1,"SGW"
"Adli (BOU)",7,0,"FUL",697,1,"SGW"
"Adli (BOU)",8,1,"CRY",697,1,"SGW"
"Adli (BOU)",9,1,"NFO",697,1,"SGW"
"Adli (BOU)",10,0,"MCI",697,1,"SGW"
"Adli (BOU)",11,1,"AVL",697,1,"SGW"
"Adli (BOU)",12,1,"WHU",697,1,"SGW"
"Adli (BOU)",13,7,"SUN",697,1,"SGW"
"Adli (BOU)",14,1,"EVE",697,1,"SGW"
"Adli (BOU)",15,1,"CHE",697,1,"SGW"
"Adli (BOU)",16,0,"MUN",697,1,"SGW"
"Adli (BOU)",17,1,"BUR",697,1,"SGW"
"Adli (BOU)",18,1,"BRE",697,1,"SGW"
"Adli (BOU)",19,1,"CHE",697,1,"SGW"
"Adli (BOU)",20,0,"ARS",697,1,"SGW"
"Adli (BOU)",21,1,"TOT",697,1,"SGW"
"Adli (BOU)",22,6,"BHA",697,1,"SGW"
"Adli (BOU)",23,10,"LIV",697,1,"SGW"
"Adu-Adjei (BOU)",1,0,"LIV",99,1,"SGW"
"Adu-Adjei (BOU)",2,0,"WOL",99,1,"SGW"
"Adu-Adjei (BOU)",3,0,"TOT",99,1,"SGW"
"Adu-Adjei (BOU)",4,0,"BHA",99,1,"SGW"
"Adu-Adjei (BOU)",5,0,"NEW",99,1,"SGW"
"Adu-Adjei (BOU)",6,0,"LEE",99,1,"SGW"
"Adu-Adjei (BOU)",7,0,"FUL",99,1,"SGW"
"Adu-Adjei (BOU)",8,0,"CRY",99,1,"SGW"
"Adu-Adjei (BOU)",9,0,"NFO",99,1,"SGW"
"Adu-Adjei (BOU)",10,0,"MCI",99,1,"SGW"
"Adu-Adjei (BOU)",11,0,"AVL",99,1,"SGW"
"Adu-Adjei (BOU)",12,0,"WHU",99,1,"SGW"
"Adu-Adjei (BOU)",13,0,"SUN",99,1,"SGW"
"Adu-Adjei (BOU)",14,0,"EVE",99,1,"SGW"
"Adu-Adjei (BOU)",15,0,"CHE",99,1,"SGW"
"Adu-Adjei (BOU)",16,0,"MUN",99,1,"SGW"
"Adu-Adjei (BOU)",17,0,"BUR",99,1,"SGW"
"Adu-Adjei (BOU)",18,0,"BRE",99,1,"SGW"
"Adu-Adjei (BOU)",19,0,"CHE",99,1,"SGW"
"Adu-Adjei (BOU)",20,0,"ARS",99,1,"SGW"
"Adu-Adjei (BOU)",21,0,"TOT",99,1,"SGW"
"Adu-Adjei (BOU)",22,0,"BHA",99,1,"SGW"
"Adu-Adjei (BOU)",23,0,"LIV",99,1,"SGW"
"Agbadou (WOL)",1,0,"MCI",631,1,"SGW"
"Agbadou (WOL)",2,4,"BOU",631,1,"SGW"
"Agbadou (WOL)",3,1,"EVE",631,1,"SGW"
"Agbadou (WOL)",4,4,"NEW",631,1,"SGW"
"Agbadou (WOL)",5,3,"LEE",631,1,"SGW"
"Agbadou (WOL)",6,1,"TOT",631,1,"SGW"
"Agbadou (WOL)",7,1,"BHA",631,1,"SGW"
"Agbadou (WOL)",8,0,"SUN",631,1,"SGW"
"Agbadou (WOL)",9,0,"BUR",631,1,"SGW"
"Agbadou (WOL)",10,-3,"FUL",631,1,"SGW"
"Agbadou (WOL)",11,0,"CHE",631,1,"SGW"
"Agbadou (WOL)",12,3,"CRY",631,1,"SGW"
"Agbadou (WOL)",13,2,"AVL",631,1,"SGW"
"Agbadou (WOL)",14,2,"NFO",631,1,"SGW"
"Agbadou (WOL)",15,2,"MUN",631,1,"SGW"
"Agbadou (WOL)",16,0,"ARS",631,1,"SGW"
"Agbadou (WOL)",17,0,"BRE",631,1,"SGW"
"Agbadou (WOL)",18,0,"LIV",631,1,"SGW"
"Agbadou (WOL)",19,0,"MUN",631,1,"SGW"
"Agbadou (WOL)",20,0,"WHU",631,1,"SGW"
"Agbadou (WOL)",21,0,"EVE",631,1,"SGW"
"Agbadou (WOL)",22,0,"NEW",631,1,"SGW"
"Agbadou (WOL)",23,0,"MCI",631,1,"SGW"
"Agbinone (CRY)",1,0,"CHE",274,1,"SGW"
"Agbinone (CRY)",2,0,"NFO",274,1,"SGW"
"Agbinone (CRY)",3,0,"AVL",274,1,"SGW"
"Agbinone (CRY)",4,0,"SUN",274,1,"SGW"
"Agbinone (CRY)",5,0,"WHU",274,1,"SGW"
"Agbinone (CRY)",6,0,"LIV",274,1,"SGW"
"Agbinone (CRY)",7,0,"EVE",274,1,"SGW"
"Agbinone (CRY)",8,0,"BOU",274,1,"SGW"
"Agbinone (CRY)",9,0,"ARS",274,1,"SGW"
"Agbinone (CRY)",10,0,"BRE",274,1,"SGW"
"Agbinone (CRY)",11,0,"BHA",274,1,"SGW"
"Agbinone (CRY)",12,0,"WOL",274,1,"SGW"
"Agbinone (CRY)",13,0,"MUN",274,1,"SGW"
"Agbinone (CRY)",14,0,"BUR",274,1,"SGW"
"Agbinone (CRY)",15,0,"FUL",274,1,"SGW"
"Agbinone (CRY)",16,0,"MCI",274,1,"SGW"
"Agbinone (CRY)",17,0,"LEE",274,1,"SGW"
"Agbinone (CRY)",18,0,"TOT",274,1,"SGW"
"Agbinone (CRY)",19,0,"FUL",274,1,"SGW"
"Agbinone (CRY)",20,0,"NEW",274,1,"SGW"
"Agbinone (CRY)",21,0,"AVL",274,1,"SGW"
"Agbinone (CRY)",22,0,"SUN",274,1,"SGW"
"Agbinone (CRY)",23,0,"CHE",274,1,"SGW"
"Ahamada (CRY)",1,0,"CHE",275,1,"SGW"
"Ahamada (CRY)",2,0,"NFO",275,1,"SGW"
"Ahamada (CRY)",3,0,"AVL",275,1,"SGW"
"Ahamada (CRY)",4,0,"SUN",275,1,"SGW"
"Ahamada (CRY)",5,0,"WHU",275,1,"SGW"
"Ahamada (CRY)",6,0,"LIV",275,1,"SGW"
"Ahamada (CRY)",7,0,"EVE",275,1,"SGW"
"Ahamada (CRY)",8,0,"BOU",275,1,"SGW"
"Ahamada (CRY)",9,0,"ARS",275,1,"SGW"
"Ahamada (CRY)",10,0,"BRE",275,1,"SGW"
"Ahamada (CRY)",11,0,"BHA",275,1,"SGW"
"Ahamada (CRY)",12,0,"WOL",275,1,"SGW"
"Ahamada (CRY)",13,0,"MUN",275,1,"SGW"
"Ahamada (CRY)",14,0,"BUR",275,1,"SGW"
"Ahamada (CRY)",15,0,"FUL",275,1,"SGW"
"Ahamada (CRY)",16,0,"MCI",275,1,"SGW"
"Ahamada (CRY)",17,0,"LEE",275,1,"SGW"
"Ahamada (CRY)",18,0,"TOT",275,1,"SGW"
"Ahamada (CRY)",19,0,"FUL",275,1,"SGW"
"Ahamada (CRY)",20,0,"NEW",275,1,"SGW"
"Ahamada (CRY)",21,0,"AVL",275,1,"SGW"
"Ahamada (CRY)",22,0,"SUN",275,1,"SGW"
"Ahamada (CRY)",23,0,"CHE",275,1,"SGW"
"Aina (NFO)",1,4,"BRE",507,1,"SGW"
"Aina (NFO)",2,1,"CRY",507,1,"SGW"
"Aina (NFO)",3,1,"WHU",507,1,"SGW"
"Aina (NFO)",4,0,"ARS",507,1,"SGW"
"Aina (NFO)",5,0,"BUR",507,1,"SGW"
"Aina (NFO)",6,0,"SUN",507,1,"SGW"
"Aina (NFO)",7,0,"NEW",507,1,"SGW"
"Aina (NFO)",8,0,"CHE",507,1,"SGW"
"Aina (NFO)",9,0,"BOU",507,1,"SGW"
"Aina (NFO)",10,0,"MUN",507,1,"SGW"
"Aina (NFO)",11,0,"LEE",507,1,"SGW"
"Aina (NFO)",12,0,"LIV",507,1,"SGW"
"Aina (NFO)",13,0,"BHA",507,1,"SGW"
"Aina (NFO)",14,0,"WOL",507,1,"SGW"
"Aina (NFO)",15,0,"EVE",507,1,"SGW"
"Aina (NFO)",16,0,"TOT",507,1,"SGW"
"Aina (NFO)",17,0,"FUL",507,1,"SGW"
"Aina (NFO)",18,0,"MCI",507,1,"SGW"
"Aina (NFO)",19,0,"EVE",507,1,"SGW"
"Aina (NFO)",20,1,"AVL",507,1,"SGW"
"Aina (NFO)",21,2,"WHU",507,1,"SGW"
"Aina (NFO)",22,5,"ARS",507,1,"SGW"
"Aina (NFO)",23,11,"BRE",507,1,"SGW"
"Aït-Nouri (MCI)",1,9,"WOL",402,1,"SGW"
"Aït-Nouri (MCI)",2,1,"TOT",402,1,"SGW"
"Aït-Nouri (MCI)",3,0,"BHA",402,1,"SGW"
"Aït-Nouri (MCI)",4,0,"MUN",402,1,"SGW"
"Aït-Nouri (MCI)",5,0,"ARS",402,1,"SGW"
"Aït-Nouri (MCI)",6,0,"BUR",402,1,"SGW"
"Aït-Nouri (MCI)",7,0,"BRE",402,1,"SGW"
"Aït-Nouri (MCI)",8,0,"EVE",402,1,"SGW"
"Aït-Nouri (MCI)",9,0,"AVL",402,1,"SGW"
"Aït-Nouri (MCI)",10,1,"BOU",402,1,"SGW"
"Aït-Nouri (MCI)",11,0,"LIV",402,1,"SGW"
"Aït-Nouri (MCI)",12,0,"NEW",402,1,"SGW"
"Aït-Nouri (MCI)",13,0,"LEE",402,1,"SGW"
"Aït-Nouri (MCI)",14,0,"FUL",402,1,"SGW"
"Aït-Nouri (MCI)",15,0,"SUN",402,1,"SGW"
"Aït-Nouri (MCI)",16,1,"CRY",402,1,"SGW"
"Aït-Nouri (MCI)",17,0,"WHU",402,1,"SGW"
"Aït-Nouri (MCI)",18,0,"NFO",402,1,"SGW"
"Aït-Nouri (MCI)",19,0,"SUN",402,1,"SGW"
"Aït-Nouri (MCI)",20,0,"CHE",402,1,"SGW"
"Aït-Nouri (MCI)",21,0,"BHA",402,1,"SGW"
"Aït-Nouri (MCI)",22,1,"MUN",402,1,"SGW"
"Aït-Nouri (MCI)",23,0,"WOL",402,1,"SGW"
"Ajer (BRE)",1,0,"NFO",108,1,"SGW"
"Ajer (BRE)",2,1,"AVL",108,1,"SGW"
"Ajer (BRE)",3,0,"SUN",108,1,"SGW"
"Ajer (BRE)",4,4,"CHE",108,1,"SGW"
"Ajer (BRE)",5,1,"FUL",108,1,"SGW"
"Ajer (BRE)",6,0,"MUN",108,1,"SGW"
"Ajer (BRE)",7,2,"MCI",108,1,"SGW"
"Ajer (BRE)",8,6,"WHU",108,1,"SGW"
"Ajer (BRE)",9,4,"LIV",108,1,"SGW"
"Ajer (BRE)",10,1,"CRY",108,1,"SGW"
"Ajer (BRE)",11,0,"NEW",108,1,"SGW"
"Ajer (BRE)",12,4,"BHA",108,1,"SGW"
"Ajer (BRE)",13,0,"BUR",108,1,"SGW"
"Ajer (BRE)",14,1,"ARS",108,1,"SGW"
"Ajer (BRE)",15,-1,"TOT",108,1,"SGW"
"Ajer (BRE)",16,1,"LEE",108,1,"SGW"
"Ajer (BRE)",17,0,"WOL",108,1,"SGW"
"Ajer (BRE)",18,4,"BOU",108,1,"SGW"
"Ajer (BRE)",19,9,"TOT",108,1,"SGW"
"Ajer (BRE)",20,3,"EVE",108,1,"SGW"
"Ajer (BRE)",21,6,"SUN",108,1,"SGW"
"Ajer (BRE)",22,1,"CHE",108,1,"SGW"
"Ajer (BRE)",23,1,"NFO",108,1,"SGW"
"Akanji (MCI)",1,0,"WOL",404,1,"SGW"
"Akanji (MCI)",2,0,"TOT",404,1,"SGW"
"Akanji (MCI)",3,0,"BHA",404,1,"SGW"
"Akanji (MCI)",4,0,"MUN",404,1,"SGW"
"Akanji (MCI)",5,0,"ARS",404,1,"SGW"
"Akanji (MCI)",6,0,"BUR",404,1,"SGW"
"Akanji (MCI)",7,0,"BRE",404,1,"SGW"
"Akanji (MCI)",8,0,"EVE",404,1,"SGW"
"Akanji (MCI)",9,0,"AVL",404,1,"SGW"
"Akanji (MCI)",10,0,"BOU",404,1,"SGW"
"Akanji (MCI)",11,0,"LIV",404,1,"SGW"
"Akanji (MCI)",12,0,"NEW",404,1,"SGW"
"Akanji (MCI)",13,0,"LEE",404,1,"SGW"
"Akanji (MCI)",14,0,"FUL",404,1,"SGW"
"Akanji (MCI)",15,0,"SUN",404,1,"SGW"
"Akanji (MCI)",16,0,"CRY",404,1,"SGW"
"Akanji (MCI)",17,0,"WHU",404,1,"SGW"
"Akanji (MCI)",18,0,"NFO",404,1,"SGW"
"Akanji (MCI)",19,0,"SUN",404,1,"SGW"
"Akanji (MCI)",20,0,"CHE",404,1,"SGW"
"Akanji (MCI)",21,0,"BHA",404,1,"SGW"
"Akanji (MCI)",22,0,"MUN",404,1,"SGW"
"Akanji (MCI)",23,0,"WOL",404,1,"SGW"
"Aké (MCI)",1,0,"WOL",405,1,"SGW"
"Aké (MCI)",2,1,"TOT",405,1,"SGW"
"Aké (MCI)",3,0,"BHA",405,1,"SGW"
"Aké (MCI)",4,1,"MUN",405,1,"SGW"
"Aké (MCI)",5,1,"ARS",405,1,"SGW"
"Aké (MCI)",6,1,"BUR",405,1,"SGW"
"Aké (MCI)",7,0,"BRE",405,1,"SGW"
"Aké (MCI)",8,6,"EVE",405,1,"SGW"
"Aké (MCI)",9,0,"AVL",405,1,"SGW"
"Aké (MCI)",10,0,"BOU",405,1,"SGW"
"Aké (MCI)",11,0,"LIV",405,1,"SGW"
"Aké (MCI)",12,0,"NEW",405,1,"SGW"
"Aké (MCI)",13,0,"LEE",405,1,"SGW"
"Aké (MCI)",14,1,"FUL",405,1,"SGW"
"Aké (MCI)",15,1,"SUN",405,1,"SGW"
"Aké (MCI)",16,0,"CRY",405,1,"SGW"
"Aké (MCI)",17,0,"WHU",405,1,"SGW"
"Aké (MCI)",18,1,"NFO",405,1,"SGW"
"Aké (MCI)",19,8,"SUN",405,1,"SGW"
"Aké (MCI)",20,1,"CHE",405,1,"SGW"
"Aké (MCI)",21,2,"BHA",405,1,"SGW"
"Aké (MCI)",22,1,"MUN",405,1,"SGW"
"Aké (MCI)",23,0,"WOL",405,1,"SGW"
"Akhamrich (TOT)",1,NA,NA,751,NA,"BGW"
"Akhamrich (TOT)",2,NA,NA,751,NA,"BGW"
"Akhamrich (TOT)",3,NA,NA,751,NA,"BGW"
"Akhamrich (TOT)",4,NA,NA,751,NA,"BGW"
"Akhamrich (TOT)",5,NA,NA,751,NA,"BGW"
"Akhamrich (TOT)",6,NA,NA,751,NA,"BGW"
"Akhamrich (TOT)",7,NA,NA,751,NA,"BGW"
"Akhamrich (TOT)",8,NA,NA,751,NA,"BGW"
"Akhamrich (TOT)",9,NA,NA,751,NA,"BGW"
"Akhamrich (TOT)",10,NA,NA,751,NA,"BGW"
"Akhamrich (TOT)",11,0,"MUN",751,1,"SGW"
"Akhamrich (TOT)",12,0,"ARS",751,1,"SGW"
"Akhamrich (TOT)",13,0,"FUL",751,1,"SGW"
"Akhamrich (TOT)",14,0,"NEW",751,1,"SGW"
"Akhamrich (TOT)",15,0,"BRE",751,1,"SGW"
"Akhamrich (TOT)",16,0,"NFO",751,1,"SGW"
"Akhamrich (TOT)",17,0,"LIV",751,1,"SGW"
"Akhamrich (TOT)",18,0,"CRY",751,1,"SGW"
"Akhamrich (TOT)",19,0,"BRE",751,1,"SGW"
"Akhamrich (TOT)",20,0,"SUN",751,1,"SGW"
"Akhamrich (TOT)",21,0,"BOU",751,1,"SGW"
"Akhamrich (TOT)",22,0,"WHU",751,1,"SGW"
"Akhamrich (TOT)",23,0,"BUR",751,1,"SGW"
"Akinmboni (BOU)",1,0,"LIV",75,1,"SGW"
"Akinmboni (BOU)",2,0,"WOL",75,1,"SGW"
"Akinmboni (BOU)",3,0,"TOT",75,1,"SGW"
"Akinmboni (BOU)",4,0,"BHA",75,1,"SGW"
"Akinmboni (BOU)",5,0,"NEW",75,1,"SGW"
"Akinmboni (BOU)",6,0,"LEE",75,1,"SGW"
"Akinmboni (BOU)",7,0,"FUL",75,1,"SGW"
"Akinmboni (BOU)",8,0,"CRY",75,1,"SGW"
"Akinmboni (BOU)",9,0,"NFO",75,1,"SGW"
"Akinmboni (BOU)",10,0,"MCI",75,1,"SGW"
"Akinmboni (BOU)",11,0,"AVL",75,1,"SGW"
"Akinmboni (BOU)",12,0,"WHU",75,1,"SGW"
"Akinmboni (BOU)",13,0,"SUN",75,1,"SGW"
"Akinmboni (BOU)",14,0,"EVE",75,1,"SGW"
"Akinmboni (BOU)",15,0,"CHE",75,1,"SGW"
"Akinmboni (BOU)",16,0,"MUN",75,1,"SGW"
"Akinmboni (BOU)",17,0,"BUR",75,1,"SGW"
"Akinmboni (BOU)",18,0,"BRE",75,1,"SGW"
"Akinmboni (BOU)",19,0,"CHE",75,1,"SGW"
"Akinmboni (BOU)",20,0,"ARS",75,1,"SGW"
"Akinmboni (BOU)",21,0,"TOT",75,1,"SGW"
"Akinmboni (BOU)",22,0,"BHA",75,1,"SGW"
"Akinmboni (BOU)",23,0,"LIV",75,1,"SGW"
"Alabi (NEW)",1,NA,NA,772,NA,"BGW"
"Alabi (NEW)",2,NA,NA,772,NA,"BGW"
"Alabi (NEW)",3,NA,NA,772,NA,"BGW"
"Alabi (NEW)",4,NA,NA,772,NA,"BGW"
"Alabi (NEW)",5,NA,NA,772,NA,"BGW"
"Alabi (NEW)",6,NA,NA,772,NA,"BGW"
"Alabi (NEW)",7,NA,NA,772,NA,"BGW"
"Alabi (NEW)",8,NA,NA,772,NA,"BGW"
"Alabi (NEW)",9,NA,NA,772,NA,"BGW"
"Alabi (NEW)",10,NA,NA,772,NA,"BGW"
"Alabi (NEW)",11,NA,NA,772,NA,"BGW"
"Alabi (NEW)",12,NA,NA,772,NA,"BGW"
"Alabi (NEW)",13,NA,NA,772,NA,"BGW"
"Alabi (NEW)",14,NA,NA,772,NA,"BGW"
"Alabi (NEW)",15,NA,NA,772,NA,"BGW"
"Alabi (NEW)",16,NA,NA,772,NA,"BGW"
"Alabi (NEW)",17,NA,NA,772,NA,"BGW"
"Alabi (NEW)",18,0,"MUN",772,1,"SGW"
"Alabi (NEW)",19,0,"BUR",772,1,"SGW"
"Alabi (NEW)",20,0,"CRY",772,1,"SGW"
"Alabi (NEW)",21,0,"LEE",772,1,"SGW"
"Alabi (NEW)",22,0,"WOL",772,1,"SGW"
"Alabi (NEW)",23,0,"AVL",772,1,"SGW"
"Alcaraz (EVE)",1,1,"LEE",301,1,"SGW"
"Alcaraz (EVE)",2,1,"BHA",301,1,"SGW"
"Alcaraz (EVE)",3,1,"WOL",301,1,"SGW"
"Alcaraz (EVE)",4,0,"AVL",301,1,"SGW"
"Alcaraz (EVE)",5,1,"LIV",301,1,"SGW"
"Alcaraz (EVE)",6,0,"WHU",301,1,"SGW"
"Alcaraz (EVE)",7,1,"CRY",301,1,"SGW"
"Alcaraz (EVE)",8,2,"MCI",301,1,"SGW"
"Alcaraz (EVE)",9,1,"TOT",301,1,"SGW"
"Alcaraz (EVE)",10,0,"SUN",301,1,"SGW"
"Alcaraz (EVE)",11,0,"FUL",301,1,"SGW"
"Alcaraz (EVE)",12,1,"MUN",301,1,"SGW"
"Alcaraz (EVE)",13,1,"NEW",301,1,"SGW"
"Alcaraz (EVE)",14,5,"BOU",301,1,"SGW"
"Alcaraz (EVE)",15,3,"NFO",301,1,"SGW"
"Alcaraz (EVE)",16,2,"CHE",301,1,"SGW"
"Alcaraz (EVE)",17,2,"ARS",301,1,"SGW"
"Alcaraz (EVE)",18,3,"BUR",301,1,"SGW"
"Alcaraz (EVE)",19,0,"NFO",301,1,"SGW"
"Alcaraz (EVE)",20,0,"BRE",301,1,"SGW"
"Alcaraz (EVE)",21,0,"WOL",301,1,"SGW"
"Alcaraz (EVE)",22,0,"AVL",301,1,"SGW"
"Alcaraz (EVE)",23,0,"LEE",301,1,"SGW"
"Alderete (SUN)",1,4,"WHU",683,1,"SGW"
"Alderete (SUN)",2,1,"BUR",683,1,"SGW"
"Alderete (SUN)",3,4,"BRE",683,1,"SGW"
"Alderete (SUN)",4,9,"CRY",683,1,"SGW"
"Alderete (SUN)",5,4,"AVL",683,1,"SGW"
"Alderete (SUN)",6,17,"NFO",683,1,"SGW"
"Alderete (SUN)",7,0,"MUN",683,1,"SGW"
"Alderete (SUN)",8,6,"WOL",683,1,"SGW"
"Alderete (SUN)",9,0,"CHE",683,1,"SGW"
"Alderete (SUN)",10,0,"EVE",683,1,"SGW"
"Alderete (SUN)",11,0,"ARS",683,1,"SGW"
"Alderete (SUN)",12,0,"FUL",683,1,"SGW"
"Alderete (SUN)",13,0,"BOU",683,1,"SGW"
"Alderete (SUN)",14,4,"LIV",683,1,"SGW"
"Alderete (SUN)",15,1,"MCI",683,1,"SGW"
"Alderete (SUN)",16,7,"NEW",683,1,"SGW"
"Alderete (SUN)",17,6,"BHA",683,1,"SGW"
"Alderete (SUN)",18,4,"LEE",683,1,"SGW"
"Alderete (SUN)",19,8,"MCI",683,1,"SGW"
"Alderete (SUN)",20,1,"TOT",683,1,"SGW"
"Alderete (SUN)",21,1,"BRE",683,1,"SGW"
"Alderete (SUN)",22,1,"CRY",683,1,"SGW"
"Alderete (SUN)",23,1,"WHU",683,1,"SGW"
"Aleksić (SUN)",1,0,"WHU",546,1,"SGW"
"Aleksić (SUN)",2,0,"BUR",546,1,"SGW"
"Aleksić (SUN)",3,0,"BRE",546,1,"SGW"
"Aleksić (SUN)",4,0,"CRY",546,1,"SGW"
"Aleksić (SUN)",5,0,"AVL",546,1,"SGW"
"Aleksić (SUN)",6,0,"NFO",546,1,"SGW"
"Aleksić (SUN)",7,0,"MUN",546,1,"SGW"
"Aleksić (SUN)",8,0,"WOL",546,1,"SGW"
"Aleksić (SUN)",9,0,"CHE",546,1,"SGW"
"Aleksić (SUN)",10,0,"EVE",546,1,"SGW"
"Aleksić (SUN)",11,0,"ARS",546,1,"SGW"
"Aleksić (SUN)",12,0,"FUL",546,1,"SGW"
"Aleksić (SUN)",13,0,"BOU",546,1,"SGW"
"Aleksić (SUN)",14,0,"LIV",546,1,"SGW"
"Aleksić (SUN)",15,0,"MCI",546,1,"SGW"
"Aleksić (SUN)",16,0,"NEW",546,1,"SGW"
"Aleksić (SUN)",17,0,"BHA",546,1,"SGW"
"Aleksić (SUN)",18,0,"LEE",546,1,"SGW"
"Aleksić (SUN)",19,0,"MCI",546,1,"SGW"
"Aleksić (SUN)",20,0,"TOT",546,1,"SGW"
"Aleksić (SUN)",21,0,"BRE",546,1,"SGW"
"Aleksić (SUN)",22,0,"CRY",546,1,"SGW"
"Aleksić (SUN)",23,0,"WHU",546,1,"SGW"
"Alese (SUN)",1,0,"WHU",533,1,"SGW"
"Alese (SUN)",2,0,"BUR",533,1,"SGW"
"Alese (SUN)",3,0,"BRE",533,1,"SGW"
"Alese (SUN)",4,0,"CRY",533,1,"SGW"
"Alese (SUN)",5,0,"AVL",533,1,"SGW"
"Alese (SUN)",6,0,"NFO",533,1,"SGW"
"Alese (SUN)",7,0,"MUN",533,1,"SGW"
"Alese (SUN)",8,0,"WOL",533,1,"SGW"
"Alese (SUN)",9,0,"CHE",533,1,"SGW"
"Alese (SUN)",10,0,"EVE",533,1,"SGW"
"Alese (SUN)",11,0,"ARS",533,1,"SGW"
"Alese (SUN)",12,0,"FUL",533,1,"SGW"
"Alese (SUN)",13,0,"BOU",533,1,"SGW"
"Alese (SUN)",14,0,"LIV",533,1,"SGW"
"Alese (SUN)",15,0,"MCI",533,1,"SGW"
"Alese (SUN)",16,0,"NEW",533,1,"SGW"
"Alese (SUN)",17,0,"BHA",533,1,"SGW"
"Alese (SUN)",18,0,"LEE",533,1,"SGW"
"Alese (SUN)",19,0,"MCI",533,1,"SGW"
"Alese (SUN)",20,0,"TOT",533,1,"SGW"
"Alese (SUN)",21,0,"BRE",533,1,"SGW"
"Alese (SUN)",22,0,"CRY",533,1,"SGW"
"Alese (SUN)",23,0,"WHU",533,1,"SGW"
"Alex Moreno (AVL)",1,0,"NEW",43,1,"SGW"
"Alex Moreno (AVL)",2,0,"BRE",43,1,"SGW"
"Alex Moreno (AVL)",3,0,"CRY",43,1,"SGW"
"Alex Moreno (AVL)",4,0,"EVE",43,1,"SGW"
"Alex Moreno (AVL)",5,0,"SUN",43,1,"SGW"
"Alex Moreno (AVL)",6,0,"FUL",43,1,"SGW"
"Alex Moreno (AVL)",7,0,"BUR",43,1,"SGW"
"Alex Moreno (AVL)",8,0,"TOT",43,1,"SGW"
"Alex Moreno (AVL)",9,0,"MCI",43,1,"SGW"
"Alex Moreno (AVL)",10,0,"LIV",43,1,"SGW"
"Alex Moreno (AVL)",11,0,"BOU",43,1,"SGW"
"Alex Moreno (AVL)",12,0,"LEE",43,1,"SGW"
"Alex Moreno (AVL)",13,0,"WOL",43,1,"SGW"
"Alex Moreno (AVL)",14,0,"BHA",43,1,"SGW"
"Alex Moreno (AVL)",15,0,"ARS",43,1,"SGW"
"Alex Moreno (AVL)",16,0,"WHU",43,1,"SGW"
"Alex Moreno (AVL)",17,0,"MUN",43,1,"SGW"
"Alex Moreno (AVL)",18,0,"CHE",43,1,"SGW"
"Alex Moreno (AVL)",19,0,"ARS",43,1,"SGW"
"Alex Moreno (AVL)",20,0,"NFO",43,1,"SGW"
"Alex Moreno (AVL)",21,0,"CRY",43,1,"SGW"
"Alex Moreno (AVL)",22,0,"EVE",43,1,"SGW"
"Alex Moreno (AVL)",23,0,"NEW",43,1,"SGW"
"Alleyne (MCI)",1,NA,NA,794,NA,"BGW"
"Alleyne (MCI)",2,NA,NA,794,NA,"BGW"
"Alleyne (MCI)",3,NA,NA,794,NA,"BGW"
"Alleyne (MCI)",4,NA,NA,794,NA,"BGW"
"Alleyne (MCI)",5,NA,NA,794,NA,"BGW"
"Alleyne (MCI)",6,NA,NA,794,NA,"BGW"
"Alleyne (MCI)",7,NA,NA,794,NA,"BGW"
"Alleyne (MCI)",8,NA,NA,794,NA,"BGW"
"Alleyne (MCI)",9,NA,NA,794,NA,"BGW"
"Alleyne (MCI)",10,NA,NA,794,NA,"BGW"
"Alleyne (MCI)",11,NA,NA,794,NA,"BGW"
"Alleyne (MCI)",12,NA,NA,794,NA,"BGW"
"Alleyne (MCI)",13,NA,NA,794,NA,"BGW"
"Alleyne (MCI)",14,NA,NA,794,NA,"BGW"
"Alleyne (MCI)",15,NA,NA,794,NA,"BGW"
"Alleyne (MCI)",16,NA,NA,794,NA,"BGW"
"Alleyne (MCI)",17,NA,NA,794,NA,"BGW"
"Alleyne (MCI)",18,NA,NA,794,NA,"BGW"
"Alleyne (MCI)",19,NA,NA,794,NA,"BGW"
"Alleyne (MCI)",20,NA,NA,794,NA,"BGW"
"Alleyne (MCI)",21,4,"BHA",794,1,"SGW"
"Alleyne (MCI)",22,1,"MUN",794,1,"SGW"
"Alleyne (MCI)",23,0,"WOL",794,1,"SGW"
"Álvarez (WHU)",1,0,"SUN",616,1,"SGW"
"Álvarez (WHU)",2,0,"CHE",616,1,"SGW"
"Álvarez (WHU)",3,0,"NFO",616,1,"SGW"
"Álvarez (WHU)",4,0,"TOT",616,1,"SGW"
"Álvarez (WHU)",5,0,"CRY",616,1,"SGW"
"Álvarez (WHU)",6,0,"EVE",616,1,"SGW"
"Álvarez (WHU)",7,0,"ARS",616,1,"SGW"
"Álvarez (WHU)",8,0,"BRE",616,1,"SGW"
"Álvarez (WHU)",9,0,"LEE",616,1,"SGW"
"Álvarez (WHU)",10,0,"NEW",616,1,"SGW"
"Álvarez (WHU)",11,0,"BUR",616,1,"SGW"
"Álvarez (WHU)",12,0,"BOU",616,1,"SGW"
"Álvarez (WHU)",13,0,"LIV",616,1,"SGW"
"Álvarez (WHU)",14,0,"MUN",616,1,"SGW"
"Álvarez (WHU)",15,0,"BHA",616,1,"SGW"
"Álvarez (WHU)",16,0,"AVL",616,1,"SGW"
"Álvarez (WHU)",17,0,"MCI",616,1,"SGW"
"Álvarez (WHU)",18,0,"FUL",616,1,"SGW"
"Álvarez (WHU)",19,0,"BHA",616,1,"SGW"
"Álvarez (WHU)",20,0,"WOL",616,1,"SGW"
"Álvarez (WHU)",21,0,"NFO",616,1,"SGW"
"Álvarez (WHU)",22,0,"TOT",616,1,"SGW"
"Álvarez (WHU)",23,0,"SUN",616,1,"SGW"
"Alysson (AVL)",1,NA,NA,792,NA,"BGW"
"Alysson (AVL)",2,NA,NA,792,NA,"BGW"
"Alysson (AVL)",3,NA,NA,792,NA,"BGW"
"Alysson (AVL)",4,NA,NA,792,NA,"BGW"
"Alysson (AVL)",5,NA,NA,792,NA,"BGW"
"Alysson (AVL)",6,NA,NA,792,NA,"BGW"
"Alysson (AVL)",7,NA,NA,792,NA,"BGW"
"Alysson (AVL)",8,NA,NA,792,NA,"BGW"
"Alysson (AVL)",9,NA,NA,792,NA,"BGW"
"Alysson (AVL)",10,NA,NA,792,NA,"BGW"
"Alysson (AVL)",11,NA,NA,792,NA,"BGW"
"Alysson (AVL)",12,NA,NA,792,NA,"BGW"
"Alysson (AVL)",13,NA,NA,792,NA,"BGW"
"Alysson (AVL)",14,NA,NA,792,NA,"BGW"
"Alysson (AVL)",15,NA,NA,792,NA,"BGW"
"Alysson (AVL)",16,NA,NA,792,NA,"BGW"
"Alysson (AVL)",17,NA,NA,792,NA,"BGW"
"Alysson (AVL)",18,NA,NA,792,NA,"BGW"
"Alysson (AVL)",19,NA,NA,792,NA,"BGW"
"Alysson (AVL)",20,NA,NA,792,NA,"BGW"
"Alysson (AVL)",21,0,"CRY",792,1,"SGW"
"Alysson (AVL)",22,0,"EVE",792,1,"SGW"
"Alysson (AVL)",23,0,"NEW",792,1,"SGW"
"Amad (MUN)",1,1,"ARS",452,1,"SGW"
"Amad (MUN)",2,1,"FUL",452,1,"SGW"
"Amad (MUN)",3,5,"BUR",452,1,"SGW"
"Amad (MUN)",4,2,"MCI",452,1,"SGW"
"Amad (MUN)",5,2,"CHE",452,1,"SGW"
"Amad (MUN)",6,0,"BRE",452,1,"SGW"
"Amad (MUN)",7,3,"SUN",452,1,"SGW"
"Amad (MUN)",8,3,"LIV",452,1,"SGW"
"Amad (MUN)",9,3,"BHA",452,1,"SGW"
"Amad (MUN)",10,9,"NFO",452,1,"SGW"
"Amad (MUN)",11,8,"TOT",452,1,"SGW"
"Amad (MUN)",12,2,"EVE",452,1,"SGW"
"Amad (MUN)",13,2,"CRY",452,1,"SGW"
"Amad (MUN)",14,2,"WHU",452,1,"SGW"
"Amad (MUN)",15,6,"WOL",452,1,"SGW"
"Amad (MUN)",16,7,"BOU",452,1,"SGW"
"Amad (MUN)",17,0,"AVL",452,1,"SGW"
"Amad (MUN)",18,0,"NEW",452,1,"SGW"
"Amad (MUN)",19,0,"WOL",452,1,"SGW"
"Amad (MUN)",20,0,"LEE",452,1,"SGW"
"Amad (MUN)",21,0,"BUR",452,1,"SGW"
"Amad (MUN)",22,3,"MCI",452,1,"SGW"
"Amad (MUN)",23,2,"ARS",452,1,"SGW"
"Amass (MUN)",1,0,"ARS",445,1,"SGW"
"Amass (MUN)",2,0,"FUL",445,1,"SGW"
"Amass (MUN)",3,0,"BUR",445,1,"SGW"
"Amass (MUN)",4,0,"MCI",445,1,"SGW"
"Amass (MUN)",5,0,"CHE",445,1,"SGW"
"Amass (MUN)",6,0,"BRE",445,1,"SGW"
"Amass (MUN)",7,0,"SUN",445,1,"SGW"
"Amass (MUN)",8,0,"LIV",445,1,"SGW"
"Amass (MUN)",9,0,"BHA",445,1,"SGW"
"Amass (MUN)",10,0,"NFO",445,1,"SGW"
"Amass (MUN)",11,0,"TOT",445,1,"SGW"
"Amass (MUN)",12,0,"EVE",445,1,"SGW"
"Amass (MUN)",13,0,"CRY",445,1,"SGW"
"Amass (MUN)",14,0,"WHU",445,1,"SGW"
"Amass (MUN)",15,0,"WOL",445,1,"SGW"
"Amass (MUN)",16,0,"BOU",445,1,"SGW"
"Amass (MUN)",17,0,"AVL",445,1,"SGW"
"Amass (MUN)",18,0,"NEW",445,1,"SGW"
"Amass (MUN)",19,0,"WOL",445,1,"SGW"
"Amass (MUN)",20,0,"LEE",445,1,"SGW"
"Amass (MUN)",21,0,"BUR",445,1,"SGW"
"Amass (MUN)",22,0,"MCI",445,1,"SGW"
"Amass (MUN)",23,0,"ARS",445,1,"SGW"
"Amdouni (BUR)",1,0,"TOT",216,1,"SGW"
"Amdouni (BUR)",2,0,"SUN",216,1,"SGW"
"Amdouni (BUR)",3,0,"MUN",216,1,"SGW"
"Amdouni (BUR)",4,0,"LIV",216,1,"SGW"
"Amdouni (BUR)",5,0,"NFO",216,1,"SGW"
"Amdouni (BUR)",6,0,"MCI",216,1,"SGW"
"Amdouni (BUR)",7,0,"AVL",216,1,"SGW"
"Amdouni (BUR)",8,0,"LEE",216,1,"SGW"
"Amdouni (BUR)",9,0,"WOL",216,1,"SGW"
"Amdouni (BUR)",10,0,"ARS",216,1,"SGW"
"Amdouni (BUR)",11,0,"WHU",216,1,"SGW"
"Amdouni (BUR)",12,0,"CHE",216,1,"SGW"
"Amdouni (BUR)",13,0,"BRE",216,1,"SGW"
"Amdouni (BUR)",14,0,"CRY",216,1,"SGW"
"Amdouni (BUR)",15,0,"NEW",216,1,"SGW"
"Amdouni (BUR)",16,0,"FUL",216,1,"SGW"
"Amdouni (BUR)",17,0,"BOU",216,1,"SGW"
"Amdouni (BUR)",18,0,"EVE",216,1,"SGW"
"Amdouni (BUR)",19,0,"NEW",216,1,"SGW"
"Amdouni (BUR)",20,0,"BHA",216,1,"SGW"
"Amdouni (BUR)",21,0,"MUN",216,1,"SGW"
"Amdouni (BUR)",22,0,"LIV",216,1,"SGW"
"Amdouni (BUR)",23,0,"TOT",216,1,"SGW"
"Amissah (FUL)",1,0,"BHA",323,1,"SGW"
"Amissah (FUL)",2,0,"MUN",323,1,"SGW"
"Amissah (FUL)",3,0,"CHE",323,1,"SGW"
"Amissah (FUL)",4,0,"LEE",323,1,"SGW"
"Amissah (FUL)",5,0,"BRE",323,1,"SGW"
"Amissah (FUL)",6,0,"AVL",323,1,"SGW"
"Amissah (FUL)",7,0,"BOU",323,1,"SGW"
"Amissah (FUL)",8,0,"ARS",323,1,"SGW"
"Amissah (FUL)",9,0,"NEW",323,1,"SGW"
"Amissah (FUL)",10,0,"WOL",323,1,"SGW"
"Amissah (FUL)",11,0,"EVE",323,1,"SGW"
"Amissah (FUL)",12,0,"SUN",323,1,"SGW"
"Amissah (FUL)",13,0,"TOT",323,1,"SGW"
"Amissah (FUL)",14,0,"MCI",323,1,"SGW"
"Amissah (FUL)",15,0,"CRY",323,1,"SGW"
"Amissah (FUL)",16,0,"BUR",323,1,"SGW"
"Amissah (FUL)",17,0,"NFO",323,1,"SGW"
"Amissah (FUL)",18,0,"WHU",323,1,"SGW"
"Amissah (FUL)",19,0,"CRY",323,1,"SGW"
"Amissah (FUL)",20,0,"LIV",323,1,"SGW"
"Amissah (FUL)",21,0,"CHE",323,1,"SGW"
"Amissah (FUL)",22,0,"LEE",323,1,"SGW"
"Amissah (FUL)",23,0,"BHA",323,1,"SGW"
"Ampadu (LEE)",1,3,"EVE",354,1,"SGW"
"Ampadu (LEE)",2,0,"ARS",354,1,"SGW"
"Ampadu (LEE)",3,0,"NEW",354,1,"SGW"
"Ampadu (LEE)",4,4,"FUL",354,1,"SGW"
"Ampadu (LEE)",5,4,"WOL",354,1,"SGW"
"Ampadu (LEE)",6,1,"BOU",354,1,"SGW"
"Ampadu (LEE)",7,3,"TOT",354,1,"SGW"
"Ampadu (LEE)",8,2,"BUR",354,1,"SGW"
"Ampadu (LEE)",9,4,"WHU",354,1,"SGW"
"Ampadu (LEE)",10,1,"BHA",354,1,"SGW"
"Ampadu (LEE)",11,2,"NFO",354,1,"SGW"
"Ampadu (LEE)",12,4,"AVL",354,1,"SGW"
"Ampadu (LEE)",13,2,"MCI",354,1,"SGW"
"Ampadu (LEE)",14,4,"CHE",354,1,"SGW"
"Ampadu (LEE)",15,2,"LIV",354,1,"SGW"
"Ampadu (LEE)",16,2,"BRE",354,1,"SGW"
"Ampadu (LEE)",17,12,"CRY",354,1,"SGW"
"Ampadu (LEE)",18,4,"SUN",354,1,"SGW"
"Ampadu (LEE)",19,4,"LIV",354,1,"SGW"
"Ampadu (LEE)",20,0,"MUN",354,1,"SGW"
"Ampadu (LEE)",21,3,"NEW",354,1,"SGW"
"Ampadu (LEE)",22,7,"FUL",354,1,"SGW"
"Ampadu (LEE)",23,4,"EVE",354,1,"SGW"
"Andersen (FUL)",1,2,"BHA",317,1,"SGW"
"Andersen (FUL)",2,4,"MUN",317,1,"SGW"
"Andersen (FUL)",3,3,"CHE",317,1,"SGW"
"Andersen (FUL)",4,10,"LEE",317,1,"SGW"
"Andersen (FUL)",5,4,"BRE",317,1,"SGW"
"Andersen (FUL)",6,3,"AVL",317,1,"SGW"
"Andersen (FUL)",7,3,"BOU",317,1,"SGW"
"Andersen (FUL)",8,1,"ARS",317,1,"SGW"
"Andersen (FUL)",9,0,"NEW",317,1,"SGW"
"Andersen (FUL)",10,6,"WOL",317,1,"SGW"
"Andersen (FUL)",11,3,"EVE",317,1,"SGW"
"Andersen (FUL)",12,10,"SUN",317,1,"SGW"
"Andersen (FUL)",13,4,"TOT",317,1,"SGW"
"Andersen (FUL)",14,0,"MCI",317,1,"SGW"
"Andersen (FUL)",15,1,"CRY",317,1,"SGW"
"Andersen (FUL)",16,2,"BUR",317,1,"SGW"
"Andersen (FUL)",17,7,"NFO",317,1,"SGW"
"Andersen (FUL)",18,5,"WHU",317,1,"SGW"
"Andersen (FUL)",19,3,"CRY",317,1,"SGW"
"Andersen (FUL)",20,3,"LIV",317,1,"SGW"
"Andersen (FUL)",21,2,"CHE",317,1,"SGW"
"Andersen (FUL)",22,2,"LEE",317,1,"SGW"
"Andersen (FUL)",23,8,"BHA",317,1,"SGW"
"Anderson (NFO)",1,6,"BRE",517,1,"SGW"
"Anderson (NFO)",2,2,"CRY",517,1,"SGW"
"Anderson (NFO)",3,2,"WHU",517,1,"SGW"
"Anderson (NFO)",4,4,"ARS",517,1,"SGW"
"Anderson (NFO)",5,4,"BUR",517,1,"SGW"
"Anderson (NFO)",6,3,"SUN",517,1,"SGW"
"Anderson (NFO)",7,1,"NEW",517,1,"SGW"
"Anderson (NFO)",8,4,"CHE",517,1,"SGW"
"Anderson (NFO)",9,2,"BOU",517,1,"SGW"
"Anderson (NFO)",10,4,"MUN",517,1,"SGW"
"Anderson (NFO)",11,9,"LEE",517,1,"SGW"
"Anderson (NFO)",12,9,"LIV",517,1,"SGW"
"Anderson (NFO)",13,6,"BHA",517,1,"SGW"
"Anderson (NFO)",14,2,"WOL",517,1,"SGW"
"Anderson (NFO)",15,4,"EVE",517,1,"SGW"
"Anderson (NFO)",16,3,"TOT",517,1,"SGW"
"Anderson (NFO)",17,4,"FUL",517,1,"SGW"
"Anderson (NFO)",18,3,"MCI",517,1,"SGW"
"Anderson (NFO)",19,4,"EVE",517,1,"SGW"
"Anderson (NFO)",20,4,"AVL",517,1,"SGW"
"Anderson (NFO)",21,7,"WHU",517,1,"SGW"
"Anderson (NFO)",22,5,"ARS",517,1,"SGW"
"Anderson (NFO)",23,5,"BRE",517,1,"SGW"
"Anderson (SUN)",1,0,"WHU",534,1,"SGW"
"Anderson (SUN)",2,0,"BUR",534,1,"SGW"
"Anderson (SUN)",3,0,"BRE",534,1,"SGW"
"Anderson (SUN)",4,0,"CRY",534,1,"SGW"
"Anderson (SUN)",5,0,"AVL",534,1,"SGW"
"Anderson (SUN)",6,0,"NFO",534,1,"SGW"
"Anderson (SUN)",7,0,"MUN",534,1,"SGW"
"Anderson (SUN)",8,0,"WOL",534,1,"SGW"
"Anderson (SUN)",9,0,"CHE",534,1,"SGW"
"Anderson (SUN)",10,0,"EVE",534,1,"SGW"
"Anderson (SUN)",11,0,"ARS",534,1,"SGW"
"Anderson (SUN)",12,0,"FUL",534,1,"SGW"
"Anderson (SUN)",13,0,"BOU",534,1,"SGW"
"Anderson (SUN)",14,0,"LIV",534,1,"SGW"
"Anderson (SUN)",15,0,"MCI",534,1,"SGW"
"Anderson (SUN)",16,0,"NEW",534,1,"SGW"
"Anderson (SUN)",17,0,"BHA",534,1,"SGW"
"Anderson (SUN)",18,0,"LEE",534,1,"SGW"
"Anderson (SUN)",19,0,"MCI",534,1,"SGW"
"Anderson (SUN)",20,0,"TOT",534,1,"SGW"
"Anderson (SUN)",21,0,"BRE",534,1,"SGW"
"Anderson (SUN)",22,0,"CRY",534,1,"SGW"
"Anderson (SUN)",23,0,"WHU",534,1,"SGW"
"André (WOL)",1,4,"MCI",643,1,"SGW"
"André (WOL)",2,1,"BOU",643,1,"SGW"
"André (WOL)",3,2,"EVE",643,1,"SGW"
"André (WOL)",4,1,"NEW",643,1,"SGW"
"André (WOL)",5,1,"LEE",643,1,"SGW"
"André (WOL)",6,5,"TOT",643,1,"SGW"
"André (WOL)",7,3,"BHA",643,1,"SGW"
"André (WOL)",8,4,"SUN",643,1,"SGW"
"André (WOL)",9,2,"BUR",643,1,"SGW"
"André (WOL)",10,1,"FUL",643,1,"SGW"
"André (WOL)",11,1,"CHE",643,1,"SGW"
"André (WOL)",12,4,"CRY",643,1,"SGW"
"André (WOL)",13,3,"AVL",643,1,"SGW"
"André (WOL)",14,2,"NFO",643,1,"SGW"
"André (WOL)",15,2,"MUN",643,1,"SGW"
"André (WOL)",16,4,"ARS",643,1,"SGW"
"André (WOL)",17,2,"BRE",643,1,"SGW"
"André (WOL)",18,3,"LIV",643,1,"SGW"
"André (WOL)",19,0,"MUN",643,1,"SGW"
"André (WOL)",20,1,"WHU",643,1,"SGW"
"André (WOL)",21,1,"EVE",643,1,"SGW"
"André (WOL)",22,2,"NEW",643,1,"SGW"
"André (WOL)",23,1,"MCI",643,1,"SGW"
"Andreas (FUL)",1,0,"BHA",327,1,"SGW"
"Andreas (FUL)",2,0,"MUN",327,1,"SGW"
"Andreas (FUL)",3,0,"CHE",327,1,"SGW"
"Andreas (FUL)",4,0,"LEE",327,1,"SGW"
"Andreas (FUL)",5,0,"BRE",327,1,"SGW"
"Andreas (FUL)",6,0,"AVL",327,1,"SGW"
"Andreas (FUL)",7,0,"BOU",327,1,"SGW"
"Andreas (FUL)",8,0,"ARS",327,1,"SGW"
"Andreas (FUL)",9,0,"NEW",327,1,"SGW"
"Andreas (FUL)",10,0,"WOL",327,1,"SGW"
"Andreas (FUL)",11,0,"EVE",327,1,"SGW"
"Andreas (FUL)",12,0,"SUN",327,1,"SGW"
"Andreas (FUL)",13,0,"TOT",327,1,"SGW"
"Andreas (FUL)",14,0,"MCI",327,1,"SGW"
"Andreas (FUL)",15,0,"CRY",327,1,"SGW"
"Andreas (FUL)",16,0,"BUR",327,1,"SGW"
"Andreas (FUL)",17,0,"NFO",327,1,"SGW"
"Andreas (FUL)",18,0,"WHU",327,1,"SGW"
"Andreas (FUL)",19,0,"CRY",327,1,"SGW"
"Andreas (FUL)",20,0,"LIV",327,1,"SGW"
"Andreas (FUL)",21,0,"CHE",327,1,"SGW"
"Andreas (FUL)",22,0,"LEE",327,1,"SGW"
"Andreas (FUL)",23,0,"BHA",327,1,"SGW"
"Andrey Santos (CHE)",1,1,"CRY",246,1,"SGW"
"Andrey Santos (CHE)",2,1,"WHU",246,1,"SGW"
"Andrey Santos (CHE)",3,0,"FUL",246,1,"SGW"
"Andrey Santos (CHE)",4,0,"BRE",246,1,"SGW"
"Andrey Santos (CHE)",5,2,"MUN",246,1,"SGW"
"Andrey Santos (CHE)",6,1,"BHA",246,1,"SGW"
"Andrey Santos (CHE)",7,0,"LIV",246,1,"SGW"
"Andrey Santos (CHE)",8,1,"NFO",246,1,"SGW"
"Andrey Santos (CHE)",9,0,"SUN",246,1,"SGW"
"Andrey Santos (CHE)",10,0,"TOT",246,1,"SGW"
"Andrey Santos (CHE)",11,1,"WOL",246,1,"SGW"
"Andrey Santos (CHE)",12,5,"BUR",246,1,"SGW"
"Andrey Santos (CHE)",13,0,"ARS",246,1,"SGW"
"Andrey Santos (CHE)",14,2,"LEE",246,1,"SGW"
"Andrey Santos (CHE)",15,0,"BOU",246,1,"SGW"
"Andrey Santos (CHE)",16,1,"EVE",246,1,"SGW"
"Andrey Santos (CHE)",17,0,"NEW",246,1,"SGW"
"Andrey Santos (CHE)",18,0,"AVL",246,1,"SGW"
"Andrey Santos (CHE)",19,1,"BOU",246,1,"SGW"
"Andrey Santos (CHE)",20,1,"MCI",246,1,"SGW"
"Andrey Santos (CHE)",21,1,"FUL",246,1,"SGW"
"Andrey Santos (CHE)",22,1,"BRE",246,1,"SGW"
"Andrey Santos (CHE)",23,3,"CRY",246,1,"SGW"
"Anselmino (CHE)",1,0,"CRY",234,1,"SGW"
"Anselmino (CHE)",2,0,"WHU",234,1,"SGW"
"Anselmino (CHE)",3,0,"FUL",234,1,"SGW"
"Anselmino (CHE)",4,0,"BRE",234,1,"SGW"
"Anselmino (CHE)",5,0,"MUN",234,1,"SGW"
"Anselmino (CHE)",6,0,"BHA",234,1,"SGW"
"Anselmino (CHE)",7,0,"LIV",234,1,"SGW"
"Anselmino (CHE)",8,0,"NFO",234,1,"SGW"
"Anselmino (CHE)",9,0,"SUN",234,1,"SGW"
"Anselmino (CHE)",10,0,"TOT",234,1,"SGW"
"Anselmino (CHE)",11,0,"WOL",234,1,"SGW"
"Anselmino (CHE)",12,0,"BUR",234,1,"SGW"
"Anselmino (CHE)",13,0,"ARS",234,1,"SGW"
"Anselmino (CHE)",14,0,"LEE",234,1,"SGW"
"Anselmino (CHE)",15,0,"BOU",234,1,"SGW"
"Anselmino (CHE)",16,0,"EVE",234,1,"SGW"
"Anselmino (CHE)",17,0,"NEW",234,1,"SGW"
"Anselmino (CHE)",18,0,"AVL",234,1,"SGW"
"Anselmino (CHE)",19,0,"BOU",234,1,"SGW"
"Anselmino (CHE)",20,0,"MCI",234,1,"SGW"
"Anselmino (CHE)",21,0,"FUL",234,1,"SGW"
"Anselmino (CHE)",22,0,"BRE",234,1,"SGW"
"Anselmino (CHE)",23,0,"CRY",234,1,"SGW"
"Anthony (BUR)",1,2,"TOT",200,1,"SGW"
"Anthony (BUR)",2,13,"SUN",200,1,"SGW"
"Anthony (BUR)",3,6,"MUN",200,1,"SGW"
"Anthony (BUR)",4,3,"LIV",200,1,"SGW"
"Anthony (BUR)",5,10,"NFO",200,1,"SGW"
"Anthony (BUR)",6,6,"MCI",200,1,"SGW"
"Anthony (BUR)",7,1,"AVL",200,1,"SGW"
"Anthony (BUR)",8,2,"LEE",200,1,"SGW"
"Anthony (BUR)",9,2,"WOL",200,1,"SGW"
"Anthony (BUR)",10,2,"ARS",200,1,"SGW"
"Anthony (BUR)",11,2,"WHU",200,1,"SGW"
"Anthony (BUR)",12,2,"CHE",200,1,"SGW"
"Anthony (BUR)",13,4,"BRE",200,1,"SGW"
"Anthony (BUR)",14,1,"CRY",200,1,"SGW"
"Anthony (BUR)",15,1,"NEW",200,1,"SGW"
"Anthony (BUR)",16,1,"FUL",200,1,"SGW"
"Anthony (BUR)",17,2,"BOU",200,1,"SGW"
"Anthony (BUR)",18,1,"EVE",200,1,"SGW"
"Anthony (BUR)",19,0,"NEW",200,1,"SGW"
"Anthony (BUR)",20,2,"BHA",200,1,"SGW"
"Anthony (BUR)",21,6,"MUN",200,1,"SGW"
"Anthony (BUR)",22,2,"LIV",200,1,"SGW"
"Anthony (BUR)",23,2,"TOT",200,1,"SGW"
"Antoñito C. (NEW)",1,0,"AVL",492,1,"SGW"
"Antoñito C. (NEW)",2,0,"LIV",492,1,"SGW"
"Antoñito C. (NEW)",3,0,"LEE",492,1,"SGW"
"Antoñito C. (NEW)",4,0,"WOL",492,1,"SGW"
"Antoñito C. (NEW)",5,0,"BOU",492,1,"SGW"
"Antoñito C. (NEW)",6,0,"ARS",492,1,"SGW"
"Antoñito C. (NEW)",7,0,"NFO",492,1,"SGW"
"Antoñito C. (NEW)",8,0,"BHA",492,1,"SGW"
"Antoñito C. (NEW)",9,0,"FUL",492,1,"SGW"
"Antoñito C. (NEW)",10,0,"WHU",492,1,"SGW"
"Antoñito C. (NEW)",11,0,"BRE",492,1,"SGW"
"Antoñito C. (NEW)",12,0,"MCI",492,1,"SGW"
"Antoñito C. (NEW)",13,0,"EVE",492,1,"SGW"
"Antoñito C. (NEW)",14,0,"TOT",492,1,"SGW"
"Antoñito C. (NEW)",15,0,"BUR",492,1,"SGW"
"Antoñito C. (NEW)",16,0,"SUN",492,1,"SGW"
"Antoñito C. (NEW)",17,0,"CHE",492,1,"SGW"
"Antoñito C. (NEW)",18,0,"MUN",492,1,"SGW"
"Antoñito C. (NEW)",19,0,"BUR",492,1,"SGW"
"Antoñito C. (NEW)",20,0,"CRY",492,1,"SGW"
"Antoñito C. (NEW)",21,0,"LEE",492,1,"SGW"
"Antoñito C. (NEW)",22,0,"WOL",492,1,"SGW"
"Antoñito C. (NEW)",23,0,"AVL",492,1,"SGW"
"Antony (MUN)",1,0,"ARS",454,1,"SGW"
"Antony (MUN)",2,0,"FUL",454,1,"SGW"
"Antony (MUN)",3,0,"BUR",454,1,"SGW"
"Antony (MUN)",4,0,"MCI",454,1,"SGW"
"Antony (MUN)",5,0,"CHE",454,1,"SGW"
"Antony (MUN)",6,0,"BRE",454,1,"SGW"
"Antony (MUN)",7,0,"SUN",454,1,"SGW"
"Antony (MUN)",8,0,"LIV",454,1,"SGW"
"Antony (MUN)",9,0,"BHA",454,1,"SGW"
"Antony (MUN)",10,0,"NFO",454,1,"SGW"
"Antony (MUN)",11,0,"TOT",454,1,"SGW"
"Antony (MUN)",12,0,"EVE",454,1,"SGW"
"Antony (MUN)",13,0,"CRY",454,1,"SGW"
"Antony (MUN)",14,0,"WHU",454,1,"SGW"
"Antony (MUN)",15,0,"WOL",454,1,"SGW"
"Antony (MUN)",16,0,"BOU",454,1,"SGW"
"Antony (MUN)",17,0,"AVL",454,1,"SGW"
"Antony (MUN)",18,0,"NEW",454,1,"SGW"
"Antony (MUN)",19,0,"WOL",454,1,"SGW"
"Antony (MUN)",20,0,"LEE",454,1,"SGW"
"Antony (MUN)",21,0,"BUR",454,1,"SGW"
"Antony (MUN)",22,0,"MCI",454,1,"SGW"
"Antony (MUN)",23,0,"ARS",454,1,"SGW"
"Areola (WHU)",1,0,"SUN",600,1,"SGW"
"Areola (WHU)",2,0,"CHE",600,1,"SGW"
"Areola (WHU)",3,0,"NFO",600,1,"SGW"
"Areola (WHU)",4,0,"TOT",600,1,"SGW"
"Areola (WHU)",5,1,"CRY",600,1,"SGW"
"Areola (WHU)",6,3,"EVE",600,1,"SGW"
"Areola (WHU)",7,2,"ARS",600,1,"SGW"
"Areola (WHU)",8,2,"BRE",600,1,"SGW"
"Areola (WHU)",9,2,"LEE",600,1,"SGW"
"Areola (WHU)",10,3,"NEW",600,1,"SGW"
"Areola (WHU)",11,2,"BUR",600,1,"SGW"
"Areola (WHU)",12,9,"BOU",600,1,"SGW"
"Areola (WHU)",13,2,"LIV",600,1,"SGW"
"Areola (WHU)",14,3,"MUN",600,1,"SGW"
"Areola (WHU)",15,3,"BHA",600,1,"SGW"
"Areola (WHU)",16,1,"AVL",600,1,"SGW"
"Areola (WHU)",17,2,"MCI",600,1,"SGW"
"Areola (WHU)",18,3,"FUL",600,1,"SGW"
"Areola (WHU)",19,2,"BHA",600,1,"SGW"
"Areola (WHU)",20,2,"WOL",600,1,"SGW"
"Areola (WHU)",21,2,"NFO",600,1,"SGW"
"Areola (WHU)",22,3,"TOT",600,1,"SGW"
"Areola (WHU)",23,2,"SUN",600,1,"SGW"
"Armstrong (EVE)",1,0,"LEE",305,1,"SGW"
"Armstrong (EVE)",2,1,"BHA",305,1,"SGW"
"Armstrong (EVE)",3,0,"WOL",305,1,"SGW"
"Armstrong (EVE)",4,0,"AVL",305,1,"SGW"
"Armstrong (EVE)",5,0,"LIV",305,1,"SGW"
"Armstrong (EVE)",6,0,"WHU",305,1,"SGW"
"Armstrong (EVE)",7,0,"CRY",305,1,"SGW"
"Armstrong (EVE)",8,0,"MCI",305,1,"SGW"
"Armstrong (EVE)",9,0,"TOT",305,1,"SGW"
"Armstrong (EVE)",10,0,"SUN",305,1,"SGW"
"Armstrong (EVE)",11,0,"FUL",305,1,"SGW"
"Armstrong (EVE)",12,0,"MUN",305,1,"SGW"
"Armstrong (EVE)",13,0,"NEW",305,1,"SGW"
"Armstrong (EVE)",14,0,"BOU",305,1,"SGW"
"Armstrong (EVE)",15,0,"NFO",305,1,"SGW"
"Armstrong (EVE)",16,0,"CHE",305,1,"SGW"
"Armstrong (EVE)",17,0,"ARS",305,1,"SGW"
"Armstrong (EVE)",18,0,"BUR",305,1,"SGW"
"Armstrong (EVE)",19,0,"NFO",305,1,"SGW"
"Armstrong (EVE)",20,1,"BRE",305,1,"SGW"
"Armstrong (EVE)",21,4,"WOL",305,1,"SGW"
"Armstrong (EVE)",22,3,"AVL",305,1,"SGW"
"Armstrong (EVE)",23,1,"LEE",305,1,"SGW"
"Arrizabalaga (ARS)",1,0,"MUN",2,1,"SGW"
"Arrizabalaga (ARS)",2,0,"LEE",2,1,"SGW"
"Arrizabalaga (ARS)",3,0,"LIV",2,1,"SGW"
"Arrizabalaga (ARS)",4,0,"NFO",2,1,"SGW"
"Arrizabalaga (ARS)",5,0,"MCI",2,1,"SGW"
"Arrizabalaga (ARS)",6,0,"NEW",2,1,"SGW"
"Arrizabalaga (ARS)",7,0,"WHU",2,1,"SGW"
"Arrizabalaga (ARS)",8,0,"FUL",2,1,"SGW"
"Arrizabalaga (ARS)",9,0,"CRY",2,1,"SGW"
"Arrizabalaga (ARS)",10,0,"BUR",2,1,"SGW"
"Arrizabalaga (ARS)",11,0,"SUN",2,1,"SGW"
"Arrizabalaga (ARS)",12,0,"TOT",2,1,"SGW"
"Arrizabalaga (ARS)",13,0,"CHE",2,1,"SGW"
"Arrizabalaga (ARS)",14,0,"BRE",2,1,"SGW"
"Arrizabalaga (ARS)",15,0,"AVL",2,1,"SGW"
"Arrizabalaga (ARS)",16,0,"WOL",2,1,"SGW"
"Arrizabalaga (ARS)",17,0,"EVE",2,1,"SGW"
"Arrizabalaga (ARS)",18,0,"BHA",2,1,"SGW"
"Arrizabalaga (ARS)",19,0,"AVL",2,1,"SGW"
"Arrizabalaga (ARS)",20,0,"BOU",2,1,"SGW"
"Arrizabalaga (ARS)",21,0,"LIV",2,1,"SGW"
"Arrizabalaga (ARS)",22,0,"NFO",2,1,"SGW"
"Arrizabalaga (ARS)",23,0,"MUN",2,1,"SGW"
"Arthur (BRE)",1,0,"NFO",114,1,"SGW"
"Arthur (BRE)",2,0,"AVL",114,1,"SGW"
"Arthur (BRE)",3,0,"SUN",114,1,"SGW"
"Arthur (BRE)",4,0,"CHE",114,1,"SGW"
"Arthur (BRE)",5,0,"FUL",114,1,"SGW"
"Arthur (BRE)",6,0,"MUN",114,1,"SGW"
"Arthur (BRE)",7,0,"MCI",114,1,"SGW"
"Arthur (BRE)",8,0,"WHU",114,1,"SGW"
"Arthur (BRE)",9,0,"LIV",114,1,"SGW"
"Arthur (BRE)",10,0,"CRY",114,1,"SGW"
"Arthur (BRE)",11,0,"NEW",114,1,"SGW"
"Arthur (BRE)",12,0,"BHA",114,1,"SGW"
"Arthur (BRE)",13,0,"BUR",114,1,"SGW"
"Arthur (BRE)",14,0,"ARS",114,1,"SGW"
"Arthur (BRE)",15,0,"TOT",114,1,"SGW"
"Arthur (BRE)",16,0,"LEE",114,1,"SGW"
"Arthur (BRE)",17,0,"WOL",114,1,"SGW"
"Arthur (BRE)",18,0,"BOU",114,1,"SGW"
"Arthur (BRE)",19,0,"TOT",114,1,"SGW"
"Arthur (BRE)",20,0,"EVE",114,1,"SGW"
"Arthur (BRE)",21,0,"SUN",114,1,"SGW"
"Arthur (BRE)",22,0,"CHE",114,1,"SGW"
"Arthur (BRE)",23,0,"NFO",114,1,"SGW"
"Ashby (NEW)",1,0,"AVL",482,1,"SGW"
"Ashby (NEW)",2,0,"LIV",482,1,"SGW"
"Ashby (NEW)",3,0,"LEE",482,1,"SGW"
"Ashby (NEW)",4,0,"WOL",482,1,"SGW"
"Ashby (NEW)",5,0,"BOU",482,1,"SGW"
"Ashby (NEW)",6,0,"ARS",482,1,"SGW"
"Ashby (NEW)",7,0,"NFO",482,1,"SGW"
"Ashby (NEW)",8,0,"BHA",482,1,"SGW"
"Ashby (NEW)",9,0,"FUL",482,1,"SGW"
"Ashby (NEW)",10,0,"WHU",482,1,"SGW"
"Ashby (NEW)",11,0,"BRE",482,1,"SGW"
"Ashby (NEW)",12,0,"MCI",482,1,"SGW"
"Ashby (NEW)",13,0,"EVE",482,1,"SGW"
"Ashby (NEW)",14,0,"TOT",482,1,"SGW"
"Ashby (NEW)",15,0,"BUR",482,1,"SGW"
"Ashby (NEW)",16,0,"SUN",482,1,"SGW"
"Ashby (NEW)",17,0,"CHE",482,1,"SGW"
"Ashby (NEW)",18,0,"MUN",482,1,"SGW"
"Ashby (NEW)",19,0,"BUR",482,1,"SGW"
"Ashby (NEW)",20,0,"CRY",482,1,"SGW"
"Ashby (NEW)",21,0,"LEE",482,1,"SGW"
"Ashby (NEW)",22,0,"WOL",482,1,"SGW"
"Ashby (NEW)",23,0,"AVL",482,1,"SGW"
"Austin (TOT)",1,0,"BUR",566,1,"SGW"
"Austin (TOT)",2,0,"MCI",566,1,"SGW"
"Austin (TOT)",3,0,"BOU",566,1,"SGW"
"Austin (TOT)",4,0,"WHU",566,1,"SGW"
"Austin (TOT)",5,0,"BHA",566,1,"SGW"
"Austin (TOT)",6,0,"WOL",566,1,"SGW"
"Austin (TOT)",7,0,"LEE",566,1,"SGW"
"Austin (TOT)",8,0,"AVL",566,1,"SGW"
"Austin (TOT)",9,0,"EVE",566,1,"SGW"
"Austin (TOT)",10,0,"CHE",566,1,"SGW"
"Austin (TOT)",11,0,"MUN",566,1,"SGW"
"Austin (TOT)",12,0,"ARS",566,1,"SGW"
"Austin (TOT)",13,0,"FUL",566,1,"SGW"
"Austin (TOT)",14,0,"NEW",566,1,"SGW"
"Austin (TOT)",15,0,"BRE",566,1,"SGW"
"Austin (TOT)",16,0,"NFO",566,1,"SGW"
"Austin (TOT)",17,0,"LIV",566,1,"SGW"
"Austin (TOT)",18,0,"CRY",566,1,"SGW"
"Austin (TOT)",19,0,"BRE",566,1,"SGW"
"Austin (TOT)",20,0,"SUN",566,1,"SGW"
"Austin (TOT)",21,0,"BOU",566,1,"SGW"
"Austin (TOT)",22,0,"WHU",566,1,"SGW"
"Austin (TOT)",23,0,"BUR",566,1,"SGW"
"Awoniyi (NFO)",1,0,"BRE",527,1,"SGW"
"Awoniyi (NFO)",2,0,"CRY",527,1,"SGW"
"Awoniyi (NFO)",3,0,"WHU",527,1,"SGW"
"Awoniyi (NFO)",4,0,"ARS",527,1,"SGW"
"Awoniyi (NFO)",5,0,"BUR",527,1,"SGW"
"Awoniyi (NFO)",6,0,"SUN",527,1,"SGW"
"Awoniyi (NFO)",7,0,"NEW",527,1,"SGW"
"Awoniyi (NFO)",8,1,"CHE",527,1,"SGW"
"Awoniyi (NFO)",9,1,"BOU",527,1,"SGW"
"Awoniyi (NFO)",10,1,"MUN",527,1,"SGW"
"Awoniyi (NFO)",11,1,"LEE",527,1,"SGW"
"Awoniyi (NFO)",12,0,"LIV",527,1,"SGW"
"Awoniyi (NFO)",13,0,"BHA",527,1,"SGW"
"Awoniyi (NFO)",14,0,"WOL",527,1,"SGW"
"Awoniyi (NFO)",15,0,"EVE",527,1,"SGW"
"Awoniyi (NFO)",16,0,"TOT",527,1,"SGW"
"Awoniyi (NFO)",17,1,"FUL",527,1,"SGW"
"Awoniyi (NFO)",18,1,"MCI",527,1,"SGW"
"Awoniyi (NFO)",19,1,"EVE",527,1,"SGW"
"Awoniyi (NFO)",20,0,"AVL",527,1,"SGW"
"Awoniyi (NFO)",21,0,"WHU",527,1,"SGW"
"Awoniyi (NFO)",22,0,"ARS",527,1,"SGW"
"Awoniyi (NFO)",23,6,"BRE",527,1,"SGW"
"Ayari (BHA)",1,3,"FUL",166,1,"SGW"
"Ayari (BHA)",2,2,"EVE",166,1,"SGW"
"Ayari (BHA)",3,1,"MCI",166,1,"SGW"
"Ayari (BHA)",4,2,"BOU",166,1,"SGW"
"Ayari (BHA)",5,8,"TOT",166,1,"SGW"
"Ayari (BHA)",6,2,"CHE",166,1,"SGW"
"Ayari (BHA)",7,2,"WOL",166,1,"SGW"
"Ayari (BHA)",8,2,"NEW",166,1,"SGW"
"Ayari (BHA)",9,1,"MUN",166,1,"SGW"
"Ayari (BHA)",10,3,"LEE",166,1,"SGW"
"Ayari (BHA)",11,3,"CRY",166,1,"SGW"
"Ayari (BHA)",12,4,"BRE",166,1,"SGW"
"Ayari (BHA)",13,3,"NFO",166,1,"SGW"
"Ayari (BHA)",14,0,"AVL",166,1,"SGW"
"Ayari (BHA)",15,0,"WHU",166,1,"SGW"
"Ayari (BHA)",16,1,"LIV",166,1,"SGW"
"Ayari (BHA)",17,3,"SUN",166,1,"SGW"
"Ayari (BHA)",18,5,"ARS",166,1,"SGW"
"Ayari (BHA)",19,4,"WHU",166,1,"SGW"
"Ayari (BHA)",20,12,"BUR",166,1,"SGW"
"Ayari (BHA)",21,5,"MCI",166,1,"SGW"
"Ayari (BHA)",22,0,"BOU",166,1,"SGW"
"Ayari (BHA)",23,11,"FUL",166,1,"SGW"
"Aznou (EVE)",1,0,"LEE",667,1,"SGW"
"Aznou (EVE)",2,0,"BHA",667,1,"SGW"
"Aznou (EVE)",3,0,"WOL",667,1,"SGW"
"Aznou (EVE)",4,0,"AVL",667,1,"SGW"
"Aznou (EVE)",5,0,"LIV",667,1,"SGW"
"Aznou (EVE)",6,0,"WHU",667,1,"SGW"
"Aznou (EVE)",7,0,"CRY",667,1,"SGW"
"Aznou (EVE)",8,0,"MCI",667,1,"SGW"
"Aznou (EVE)",9,0,"TOT",667,1,"SGW"
"Aznou (EVE)",10,0,"SUN",667,1,"SGW"
"Aznou (EVE)",11,0,"FUL",667,1,"SGW"
"Aznou (EVE)",12,0,"MUN",667,1,"SGW"
"Aznou (EVE)",13,0,"NEW",667,1,"SGW"
"Aznou (EVE)",14,0,"BOU",667,1,"SGW"
"Aznou (EVE)",15,0,"NFO",667,1,"SGW"
"Aznou (EVE)",16,0,"CHE",667,1,"SGW"
"Aznou (EVE)",17,0,"ARS",667,1,"SGW"
"Aznou (EVE)",18,0,"BUR",667,1,"SGW"
"Aznou (EVE)",19,0,"NFO",667,1,"SGW"
"Aznou (EVE)",20,0,"BRE",667,1,"SGW"
"Aznou (EVE)",21,0,"WOL",667,1,"SGW"
"Aznou (EVE)",22,0,"AVL",667,1,"SGW"
"Aznou (EVE)",23,0,"LEE",667,1,"SGW"
"B.Badiashile (CHE)",1,0,"CRY",229,1,"SGW"
"B.Badiashile (CHE)",2,0,"WHU",229,1,"SGW"
"B.Badiashile (CHE)",3,0,"FUL",229,1,"SGW"
"B.Badiashile (CHE)",4,0,"BRE",229,1,"SGW"
"B.Badiashile (CHE)",5,0,"MUN",229,1,"SGW"
"B.Badiashile (CHE)",6,-1,"BHA",229,1,"SGW"
"B.Badiashile (CHE)",7,1,"LIV",229,1,"SGW"
"B.Badiashile (CHE)",8,0,"NFO",229,1,"SGW"
"B.Badiashile (CHE)",9,0,"SUN",229,1,"SGW"
"B.Badiashile (CHE)",10,0,"TOT",229,1,"SGW"
"B.Badiashile (CHE)",11,0,"WOL",229,1,"SGW"
"B.Badiashile (CHE)",12,0,"BUR",229,1,"SGW"
"B.Badiashile (CHE)",13,0,"ARS",229,1,"SGW"
"B.Badiashile (CHE)",14,0,"LEE",229,1,"SGW"
"B.Badiashile (CHE)",15,0,"BOU",229,1,"SGW"
"B.Badiashile (CHE)",16,0,"EVE",229,1,"SGW"
"B.Badiashile (CHE)",17,0,"NEW",229,1,"SGW"
"B.Badiashile (CHE)",18,1,"AVL",229,1,"SGW"
"B.Badiashile (CHE)",19,0,"BOU",229,1,"SGW"
"B.Badiashile (CHE)",20,2,"MCI",229,1,"SGW"
"B.Badiashile (CHE)",21,0,"FUL",229,1,"SGW"
"B.Badiashile (CHE)",22,0,"BRE",229,1,"SGW"
"B.Badiashile (CHE)",23,4,"CRY",229,1,"SGW"
"B.Fernandes (MUN)",1,2,"ARS",449,1,"SGW"
"B.Fernandes (MUN)",2,2,"FUL",449,1,"SGW"
"B.Fernandes (MUN)",3,10,"BUR",449,1,"SGW"
"B.Fernandes (MUN)",4,2,"MCI",449,1,"SGW"
"B.Fernandes (MUN)",5,10,"CHE",449,1,"SGW"
"B.Fernandes (MUN)",6,-1,"BRE",449,1,"SGW"
"B.Fernandes (MUN)",7,3,"SUN",449,1,"SGW"
"B.Fernandes (MUN)",8,8,"LIV",449,1,"SGW"
"B.Fernandes (MUN)",9,4,"BHA",449,1,"SGW"
"B.Fernandes (MUN)",10,5,"NFO",449,1,"SGW"
"B.Fernandes (MUN)",11,5,"TOT",449,1,"SGW"
"B.Fernandes (MUN)",12,2,"EVE",449,1,"SGW"
"B.Fernandes (MUN)",13,11,"CRY",449,1,"SGW"
"B.Fernandes (MUN)",14,4,"WHU",449,1,"SGW"
"B.Fernandes (MUN)",15,18,"WOL",449,1,"SGW"
"B.Fernandes (MUN)",16,13,"BOU",449,1,"SGW"
"B.Fernandes (MUN)",17,1,"AVL",449,1,"SGW"
"B.Fernandes (MUN)",18,0,"NEW",449,1,"SGW"
"B.Fernandes (MUN)",19,0,"WOL",449,1,"SGW"
"B.Fernandes (MUN)",20,0,"LEE",449,1,"SGW"
"B.Fernandes (MUN)",21,7,"BUR",449,1,"SGW"
"B.Fernandes (MUN)",22,10,"MCI",449,1,"SGW"
"B.Fernandes (MUN)",23,5,"ARS",449,1,"SGW"
"B.Traore (WOL)",1,0,"MCI",649,1,"SGW"
"B.Traore (WOL)",2,0,"BOU",649,1,"SGW"
"B.Traore (WOL)",3,0,"EVE",649,1,"SGW"
"B.Traore (WOL)",4,0,"NEW",649,1,"SGW"
"B.Traore (WOL)",5,0,"LEE",649,1,"SGW"
"B.Traore (WOL)",6,0,"TOT",649,1,"SGW"
"B.Traore (WOL)",7,0,"BHA",649,1,"SGW"
"B.Traore (WOL)",8,0,"SUN",649,1,"SGW"
"B.Traore (WOL)",9,0,"BUR",649,1,"SGW"
"B.Traore (WOL)",10,0,"FUL",649,1,"SGW"
"B.Traore (WOL)",11,0,"CHE",649,1,"SGW"
"B.Traore (WOL)",12,0,"CRY",649,1,"SGW"
"B.Traore (WOL)",13,0,"AVL",649,1,"SGW"
"B.Traore (WOL)",14,0,"NFO",649,1,"SGW"
"B.Traore (WOL)",15,0,"MUN",649,1,"SGW"
"B.Traore (WOL)",16,0,"ARS",649,1,"SGW"
"B.Traore (WOL)",17,0,"BRE",649,1,"SGW"
"B.Traore (WOL)",18,0,"LIV",649,1,"SGW"
"B.Traore (WOL)",19,0,"MUN",649,1,"SGW"
"B.Traore (WOL)",20,0,"WHU",649,1,"SGW"
"B.Traore (WOL)",21,0,"EVE",649,1,"SGW"
"B.Traore (WOL)",22,0,"NEW",649,1,"SGW"
"B.Traore (WOL)",23,0,"MCI",649,1,"SGW"
"Ba (SUN)",1,0,"WHU",554,1,"SGW"
"Ba (SUN)",2,0,"BUR",554,1,"SGW"
"Ba (SUN)",3,0,"BRE",554,1,"SGW"
"Ba (SUN)",4,0,"CRY",554,1,"SGW"
"Ba (SUN)",5,0,"AVL",554,1,"SGW"
"Ba (SUN)",6,0,"NFO",554,1,"SGW"
"Ba (SUN)",7,0,"MUN",554,1,"SGW"
"Ba (SUN)",8,0,"WOL",554,1,"SGW"
"Ba (SUN)",9,0,"CHE",554,1,"SGW"
"Ba (SUN)",10,0,"EVE",554,1,"SGW"
"Ba (SUN)",11,0,"ARS",554,1,"SGW"
"Ba (SUN)",12,0,"FUL",554,1,"SGW"
"Ba (SUN)",13,0,"BOU",554,1,"SGW"
"Ba (SUN)",14,0,"LIV",554,1,"SGW"
"Ba (SUN)",15,0,"MCI",554,1,"SGW"
"Ba (SUN)",16,0,"NEW",554,1,"SGW"
"Ba (SUN)",17,0,"BHA",554,1,"SGW"
"Ba (SUN)",18,0,"LEE",554,1,"SGW"
"Ba (SUN)",19,0,"MCI",554,1,"SGW"
"Ba (SUN)",20,0,"TOT",554,1,"SGW"
"Ba (SUN)",21,0,"BRE",554,1,"SGW"
"Ba (SUN)",22,0,"CRY",554,1,"SGW"
"Ba (SUN)",23,0,"WHU",554,1,"SGW"
"Bailey (AVL)",1,0,"NEW",49,1,"SGW"
"Bailey (AVL)",2,0,"BRE",49,1,"SGW"
"Bailey (AVL)",3,0,"CRY",49,1,"SGW"
"Bailey (AVL)",4,0,"EVE",49,1,"SGW"
"Bailey (AVL)",5,0,"SUN",49,1,"SGW"
"Bailey (AVL)",6,0,"FUL",49,1,"SGW"
"Bailey (AVL)",7,0,"BUR",49,1,"SGW"
"Bailey (AVL)",8,0,"TOT",49,1,"SGW"
"Bailey (AVL)",9,0,"MCI",49,1,"SGW"
"Bailey (AVL)",10,0,"LIV",49,1,"SGW"
"Bailey (AVL)",11,0,"BOU",49,1,"SGW"
"Bailey (AVL)",12,0,"LEE",49,1,"SGW"
"Bailey (AVL)",13,0,"WOL",49,1,"SGW"
"Bailey (AVL)",14,0,"BHA",49,1,"SGW"
"Bailey (AVL)",15,0,"ARS",49,1,"SGW"
"Bailey (AVL)",16,0,"WHU",49,1,"SGW"
"Bailey (AVL)",17,0,"MUN",49,1,"SGW"
"Bailey (AVL)",18,0,"CHE",49,1,"SGW"
"Bailey (AVL)",19,0,"ARS",49,1,"SGW"
"Bailey (AVL)",20,0,"NFO",49,1,"SGW"
"Bailey (AVL)",21,0,"CRY",49,1,"SGW"
"Bailey (AVL)",22,0,"EVE",49,1,"SGW"
"Bailey (AVL)",23,1,"NEW",49,1,"SGW"
"Bajcetic (LIV)",1,0,"BOU",393,1,"SGW"
"Bajcetic (LIV)",2,0,"NEW",393,1,"SGW"
"Bajcetic (LIV)",3,0,"ARS",393,1,"SGW"
"Bajcetic (LIV)",4,0,"BUR",393,1,"SGW"
"Bajcetic (LIV)",5,0,"EVE",393,1,"SGW"
"Bajcetic (LIV)",6,0,"CRY",393,1,"SGW"
"Bajcetic (LIV)",7,0,"CHE",393,1,"SGW"
"Bajcetic (LIV)",8,0,"MUN",393,1,"SGW"
"Bajcetic (LIV)",9,0,"BRE",393,1,"SGW"
"Bajcetic (LIV)",10,0,"AVL",393,1,"SGW"
"Bajcetic (LIV)",11,0,"MCI",393,1,"SGW"
"Bajcetic (LIV)",12,0,"NFO",393,1,"SGW"
"Bajcetic (LIV)",13,0,"WHU",393,1,"SGW"
"Bajcetic (LIV)",14,0,"SUN",393,1,"SGW"
"Bajcetic (LIV)",15,0,"LEE",393,1,"SGW"
"Bajcetic (LIV)",16,0,"BHA",393,1,"SGW"
"Bajcetic (LIV)",17,0,"TOT",393,1,"SGW"
"Bajcetic (LIV)",18,0,"WOL",393,1,"SGW"
"Bajcetic (LIV)",19,0,"LEE",393,1,"SGW"
"Bajcetic (LIV)",20,0,"FUL",393,1,"SGW"
"Bajcetic (LIV)",21,0,"ARS",393,1,"SGW"
"Bajcetic (LIV)",22,0,"BUR",393,1,"SGW"
"Bajcetic (LIV)",23,0,"BOU",393,1,"SGW"
"Bakwa (NFO)",1,NA,NA,734,NA,"BGW"
"Bakwa (NFO)",2,NA,NA,734,NA,"BGW"
"Bakwa (NFO)",3,NA,NA,734,NA,"BGW"
"Bakwa (NFO)",4,1,"ARS",734,1,"SGW"
"Bakwa (NFO)",5,1,"BUR",734,1,"SGW"
"Bakwa (NFO)",6,2,"SUN",734,1,"SGW"
"Bakwa (NFO)",7,1,"NEW",734,1,"SGW"
"Bakwa (NFO)",8,0,"CHE",734,1,"SGW"
"Bakwa (NFO)",9,0,"BOU",734,1,"SGW"
"Bakwa (NFO)",10,0,"MUN",734,1,"SGW"
"Bakwa (NFO)",11,0,"LEE",734,1,"SGW"
"Bakwa (NFO)",12,0,"LIV",734,1,"SGW"
"Bakwa (NFO)",13,0,"BHA",734,1,"SGW"
"Bakwa (NFO)",14,0,"WOL",734,1,"SGW"
"Bakwa (NFO)",15,0,"EVE",734,1,"SGW"
"Bakwa (NFO)",16,0,"TOT",734,1,"SGW"
"Bakwa (NFO)",17,0,"FUL",734,1,"SGW"
"Bakwa (NFO)",18,1,"MCI",734,1,"SGW"
"Bakwa (NFO)",19,1,"EVE",734,1,"SGW"
"Bakwa (NFO)",20,4,"AVL",734,1,"SGW"
"Bakwa (NFO)",21,1,"WHU",734,1,"SGW"
"Bakwa (NFO)",22,0,"ARS",734,1,"SGW"
"Bakwa (NFO)",23,0,"BRE",734,1,"SGW"
"Balcombe (BRE)",1,0,"NFO",102,1,"SGW"
"Balcombe (BRE)",2,0,"AVL",102,1,"SGW"
"Balcombe (BRE)",3,0,"SUN",102,1,"SGW"
"Balcombe (BRE)",4,0,"CHE",102,1,"SGW"
"Balcombe (BRE)",5,0,"FUL",102,1,"SGW"
"Balcombe (BRE)",6,0,"MUN",102,1,"SGW"
"Balcombe (BRE)",7,0,"MCI",102,1,"SGW"
"Balcombe (BRE)",8,0,"WHU",102,1,"SGW"
"Balcombe (BRE)",9,0,"LIV",102,1,"SGW"
"Balcombe (BRE)",10,0,"CRY",102,1,"SGW"
"Balcombe (BRE)",11,0,"NEW",102,1,"SGW"
"Balcombe (BRE)",12,0,"BHA",102,1,"SGW"
"Balcombe (BRE)",13,0,"BUR",102,1,"SGW"
"Balcombe (BRE)",14,0,"ARS",102,1,"SGW"
"Balcombe (BRE)",15,0,"TOT",102,1,"SGW"
"Balcombe (BRE)",16,0,"LEE",102,1,"SGW"
"Balcombe (BRE)",17,0,"WOL",102,1,"SGW"
"Balcombe (BRE)",18,0,"BOU",102,1,"SGW"
"Balcombe (BRE)",19,0,"TOT",102,1,"SGW"
"Balcombe (BRE)",20,0,"EVE",102,1,"SGW"
"Balcombe (BRE)",21,0,"SUN",102,1,"SGW"
"Balcombe (BRE)",22,0,"CHE",102,1,"SGW"
"Balcombe (BRE)",23,0,"NFO",102,1,"SGW"
"Baleba (BHA)",1,3,"FUL",167,1,"SGW"
"Baleba (BHA)",2,1,"EVE",167,1,"SGW"
"Baleba (BHA)",3,1,"MCI",167,1,"SGW"
"Baleba (BHA)",4,0,"BOU",167,1,"SGW"
"Baleba (BHA)",5,1,"TOT",167,1,"SGW"
"Baleba (BHA)",6,2,"CHE",167,1,"SGW"
"Baleba (BHA)",7,0,"WOL",167,1,"SGW"
"Baleba (BHA)",8,3,"NEW",167,1,"SGW"
"Baleba (BHA)",9,0,"MUN",167,1,"SGW"
"Baleba (BHA)",10,3,"LEE",167,1,"SGW"
"Baleba (BHA)",11,2,"CRY",167,1,"SGW"
"Baleba (BHA)",12,1,"BRE",167,1,"SGW"
"Baleba (BHA)",13,1,"NFO",167,1,"SGW"
"Baleba (BHA)",14,4,"AVL",167,1,"SGW"
"Baleba (BHA)",15,1,"WHU",167,1,"SGW"
"Baleba (BHA)",16,2,"LIV",167,1,"SGW"
"Baleba (BHA)",17,0,"SUN",167,1,"SGW"
"Baleba (BHA)",18,0,"ARS",167,1,"SGW"
"Baleba (BHA)",19,0,"WHU",167,1,"SGW"
"Baleba (BHA)",20,0,"BUR",167,1,"SGW"
"Baleba (BHA)",21,0,"MCI",167,1,"SGW"
"Baleba (BHA)",22,1,"BOU",167,1,"SGW"
"Baleba (BHA)",23,4,"FUL",167,1,"SGW"
"Ballard (SUN)",1,17,"WHU",531,1,"SGW"
"Ballard (SUN)",2,1,"BUR",531,1,"SGW"
"Ballard (SUN)",3,0,"BRE",531,1,"SGW"
"Ballard (SUN)",4,0,"CRY",531,1,"SGW"
"Ballard (SUN)",5,1,"AVL",531,1,"SGW"
"Ballard (SUN)",6,1,"NFO",531,1,"SGW"
"Ballard (SUN)",7,3,"MUN",531,1,"SGW"
"Ballard (SUN)",8,10,"WOL",531,1,"SGW"
"Ballard (SUN)",9,2,"CHE",531,1,"SGW"
"Ballard (SUN)",10,4,"EVE",531,1,"SGW"
"Ballard (SUN)",11,10,"ARS",531,1,"SGW"
"Ballard (SUN)",12,1,"FUL",531,1,"SGW"
"Ballard (SUN)",13,3,"BOU",531,1,"SGW"
"Ballard (SUN)",14,4,"LIV",531,1,"SGW"
"Ballard (SUN)",15,1,"MCI",531,1,"SGW"
"Ballard (SUN)",16,8,"NEW",531,1,"SGW"
"Ballard (SUN)",17,9,"BHA",531,1,"SGW"
"Ballard (SUN)",18,0,"LEE",531,1,"SGW"
"Ballard (SUN)",19,0,"MCI",531,1,"SGW"
"Ballard (SUN)",20,1,"TOT",531,1,"SGW"
"Ballard (SUN)",21,1,"BRE",531,1,"SGW"
"Ballard (SUN)",22,4,"CRY",531,1,"SGW"
"Ballard (SUN)",23,2,"WHU",531,1,"SGW"
"Bamford (LEE)",1,0,"EVE",363,1,"SGW"
"Bamford (LEE)",2,0,"ARS",363,1,"SGW"
"Bamford (LEE)",3,0,"NEW",363,1,"SGW"
"Bamford (LEE)",4,0,"FUL",363,1,"SGW"
"Bamford (LEE)",5,0,"WOL",363,1,"SGW"
"Bamford (LEE)",6,0,"BOU",363,1,"SGW"
"Bamford (LEE)",7,0,"TOT",363,1,"SGW"
"Bamford (LEE)",8,0,"BUR",363,1,"SGW"
"Bamford (LEE)",9,0,"WHU",363,1,"SGW"
"Bamford (LEE)",10,0,"BHA",363,1,"SGW"
"Bamford (LEE)",11,0,"NFO",363,1,"SGW"
"Bamford (LEE)",12,0,"AVL",363,1,"SGW"
"Bamford (LEE)",13,0,"MCI",363,1,"SGW"
"Bamford (LEE)",14,0,"CHE",363,1,"SGW"
"Bamford (LEE)",15,0,"LIV",363,1,"SGW"
"Bamford (LEE)",16,0,"BRE",363,1,"SGW"
"Bamford (LEE)",17,0,"CRY",363,1,"SGW"
"Bamford (LEE)",18,0,"SUN",363,1,"SGW"
"Bamford (LEE)",19,0,"LIV",363,1,"SGW"
"Bamford (LEE)",20,0,"MUN",363,1,"SGW"
"Bamford (LEE)",21,0,"NEW",363,1,"SGW"
"Bamford (LEE)",22,0,"FUL",363,1,"SGW"
"Bamford (LEE)",23,0,"EVE",363,1,"SGW"
"Banel (BUR)",1,0,"TOT",213,1,"SGW"
"Banel (BUR)",2,0,"SUN",213,1,"SGW"
"Banel (BUR)",3,0,"MUN",213,1,"SGW"
"Banel (BUR)",4,0,"LIV",213,1,"SGW"
"Banel (BUR)",5,0,"NFO",213,1,"SGW"
"Banel (BUR)",6,0,"MCI",213,1,"SGW"
"Banel (BUR)",7,0,"AVL",213,1,"SGW"
"Banel (BUR)",8,0,"LEE",213,1,"SGW"
"Banel (BUR)",9,0,"WOL",213,1,"SGW"
"Banel (BUR)",10,0,"ARS",213,1,"SGW"
"Banel (BUR)",11,0,"WHU",213,1,"SGW"
"Banel (BUR)",12,0,"CHE",213,1,"SGW"
"Banel (BUR)",13,0,"BRE",213,1,"SGW"
"Banel (BUR)",14,0,"CRY",213,1,"SGW"
"Banel (BUR)",15,0,"NEW",213,1,"SGW"
"Banel (BUR)",16,0,"FUL",213,1,"SGW"
"Banel (BUR)",17,0,"BOU",213,1,"SGW"
"Banel (BUR)",18,0,"EVE",213,1,"SGW"
"Banel (BUR)",19,0,"NEW",213,1,"SGW"
"Banel (BUR)",20,1,"BHA",213,1,"SGW"
"Banel (BUR)",21,0,"MUN",213,1,"SGW"
"Banel (BUR)",22,0,"LIV",213,1,"SGW"
"Banel (BUR)",23,0,"TOT",213,1,"SGW"
"Barkley (AVL)",1,0,"NEW",55,1,"SGW"
"Barkley (AVL)",2,0,"BRE",55,1,"SGW"
"Barkley (AVL)",3,0,"CRY",55,1,"SGW"
"Barkley (AVL)",4,0,"EVE",55,1,"SGW"
"Barkley (AVL)",5,0,"SUN",55,1,"SGW"
"Barkley (AVL)",6,0,"FUL",55,1,"SGW"
"Barkley (AVL)",7,1,"BUR",55,1,"SGW"
"Barkley (AVL)",8,1,"TOT",55,1,"SGW"
"Barkley (AVL)",9,1,"MCI",55,1,"SGW"
"Barkley (AVL)",10,1,"LIV",55,1,"SGW"
"Barkley (AVL)",11,6,"BOU",55,1,"SGW"
"Barkley (AVL)",12,4,"LEE",55,1,"SGW"
"Barkley (AVL)",13,1,"WOL",55,1,"SGW"
"Barkley (AVL)",14,0,"BHA",55,1,"SGW"
"Barkley (AVL)",15,0,"ARS",55,1,"SGW"
"Barkley (AVL)",16,0,"WHU",55,1,"SGW"
"Barkley (AVL)",17,0,"MUN",55,1,"SGW"
"Barkley (AVL)",18,0,"CHE",55,1,"SGW"
"Barkley (AVL)",19,0,"ARS",55,1,"SGW"
"Barkley (AVL)",20,0,"NFO",55,1,"SGW"
"Barkley (AVL)",21,0,"CRY",55,1,"SGW"
"Barkley (AVL)",22,0,"EVE",55,1,"SGW"
"Barkley (AVL)",23,0,"NEW",55,1,"SGW"
"Barnes (BUR)",1,0,"TOT",218,1,"SGW"
"Barnes (BUR)",2,0,"SUN",218,1,"SGW"
"Barnes (BUR)",3,0,"MUN",218,1,"SGW"
"Barnes (BUR)",4,0,"LIV",218,1,"SGW"
"Barnes (BUR)",5,0,"NFO",218,1,"SGW"
"Barnes (BUR)",6,0,"MCI",218,1,"SGW"
"Barnes (BUR)",7,0,"AVL",218,1,"SGW"
"Barnes (BUR)",8,1,"LEE",218,1,"SGW"
"Barnes (BUR)",9,0,"WOL",218,1,"SGW"
"Barnes (BUR)",10,0,"ARS",218,1,"SGW"
"Barnes (BUR)",11,0,"WHU",218,1,"SGW"
"Barnes (BUR)",12,0,"CHE",218,1,"SGW"
"Barnes (BUR)",13,0,"BRE",218,1,"SGW"
"Barnes (BUR)",14,0,"CRY",218,1,"SGW"
"Barnes (BUR)",15,0,"NEW",218,1,"SGW"
"Barnes (BUR)",16,0,"FUL",218,1,"SGW"
"Barnes (BUR)",17,0,"BOU",218,1,"SGW"
"Barnes (BUR)",18,0,"EVE",218,1,"SGW"
"Barnes (BUR)",19,1,"NEW",218,1,"SGW"
"Barnes (BUR)",20,0,"BHA",218,1,"SGW"
"Barnes (BUR)",21,0,"MUN",218,1,"SGW"
"Barnes (BUR)",22,-1,"LIV",218,1,"SGW"
"Barnes (BUR)",23,0,"TOT",218,1,"SGW"
"Barnes (NEW)",1,3,"AVL",487,1,"SGW"
"Barnes (NEW)",2,2,"LIV",487,1,"SGW"
"Barnes (NEW)",3,1,"LEE",487,1,"SGW"
"Barnes (NEW)",4,3,"WOL",487,1,"SGW"
"Barnes (NEW)",5,1,"BOU",487,1,"SGW"
"Barnes (NEW)",6,1,"ARS",487,1,"SGW"
"Barnes (NEW)",7,1,"NFO",487,1,"SGW"
"Barnes (NEW)",8,1,"BHA",487,1,"SGW"
"Barnes (NEW)",9,1,"FUL",487,1,"SGW"
"Barnes (NEW)",10,1,"WHU",487,1,"SGW"
"Barnes (NEW)",11,9,"BRE",487,1,"SGW"
"Barnes (NEW)",12,15,"MCI",487,1,"SGW"
"Barnes (NEW)",13,2,"EVE",487,1,"SGW"
"Barnes (NEW)",14,3,"TOT",487,1,"SGW"
"Barnes (NEW)",15,0,"BUR",487,1,"SGW"
"Barnes (NEW)",16,1,"SUN",487,1,"SGW"
"Barnes (NEW)",17,1,"CHE",487,1,"SGW"
"Barnes (NEW)",18,1,"MUN",487,1,"SGW"
"Barnes (NEW)",19,2,"BUR",487,1,"SGW"
"Barnes (NEW)",20,1,"CRY",487,1,"SGW"
"Barnes (NEW)",21,15,"LEE",487,1,"SGW"
"Barnes (NEW)",22,3,"WOL",487,1,"SGW"
"Barnes (NEW)",23,2,"AVL",487,1,"SGW"
"Barrenechea (AVL)",1,0,"NEW",56,1,"SGW"
"Barrenechea (AVL)",2,0,"BRE",56,1,"SGW"
"Barrenechea (AVL)",3,0,"CRY",56,1,"SGW"
"Barrenechea (AVL)",4,0,"EVE",56,1,"SGW"
"Barrenechea (AVL)",5,0,"SUN",56,1,"SGW"
"Barrenechea (AVL)",6,0,"FUL",56,1,"SGW"
"Barrenechea (AVL)",7,0,"BUR",56,1,"SGW"
"Barrenechea (AVL)",8,0,"TOT",56,1,"SGW"
"Barrenechea (AVL)",9,0,"MCI",56,1,"SGW"
"Barrenechea (AVL)",10,0,"LIV",56,1,"SGW"
"Barrenechea (AVL)",11,0,"BOU",56,1,"SGW"
"Barrenechea (AVL)",12,0,"LEE",56,1,"SGW"
"Barrenechea (AVL)",13,0,"WOL",56,1,"SGW"
"Barrenechea (AVL)",14,0,"BHA",56,1,"SGW"
"Barrenechea (AVL)",15,0,"ARS",56,1,"SGW"
"Barrenechea (AVL)",16,0,"WHU",56,1,"SGW"
"Barrenechea (AVL)",17,0,"MUN",56,1,"SGW"
"Barrenechea (AVL)",18,0,"CHE",56,1,"SGW"
"Barrenechea (AVL)",19,0,"ARS",56,1,"SGW"
"Barrenechea (AVL)",20,0,"NFO",56,1,"SGW"
"Barrenechea (AVL)",21,0,"CRY",56,1,"SGW"
"Barrenechea (AVL)",22,0,"EVE",56,1,"SGW"
"Barrenechea (AVL)",23,0,"NEW",56,1,"SGW"
"Barry (EVE)",1,1,"LEE",310,1,"SGW"
"Barry (EVE)",2,2,"BHA",310,1,"SGW"
"Barry (EVE)",3,1,"WOL",310,1,"SGW"
"Barry (EVE)",4,1,"AVL",310,1,"SGW"
"Barry (EVE)",5,1,"LIV",310,1,"SGW"
"Barry (EVE)",6,1,"WHU",310,1,"SGW"
"Barry (EVE)",7,1,"CRY",310,1,"SGW"
"Barry (EVE)",8,1,"MCI",310,1,"SGW"
"Barry (EVE)",9,1,"TOT",310,1,"SGW"
"Barry (EVE)",10,0,"SUN",310,1,"SGW"
"Barry (EVE)",11,2,"FUL",310,1,"SGW"
"Barry (EVE)",12,2,"MUN",310,1,"SGW"
"Barry (EVE)",13,2,"NEW",310,1,"SGW"
"Barry (EVE)",14,2,"BOU",310,1,"SGW"
"Barry (EVE)",15,5,"NFO",310,1,"SGW"
"Barry (EVE)",16,2,"CHE",310,1,"SGW"
"Barry (EVE)",17,2,"ARS",310,1,"SGW"
"Barry (EVE)",18,1,"BUR",310,1,"SGW"
"Barry (EVE)",19,6,"NFO",310,1,"SGW"
"Barry (EVE)",20,6,"BRE",310,1,"SGW"
"Barry (EVE)",21,2,"WOL",310,1,"SGW"
"Barry (EVE)",22,8,"AVL",310,1,"SGW"
"Barry (EVE)",23,9,"LEE",310,1,"SGW"
"Bassey (FUL)",1,1,"BHA",318,1,"SGW"
"Bassey (FUL)",2,2,"MUN",318,1,"SGW"
"Bassey (FUL)",3,1,"CHE",318,1,"SGW"
"Bassey (FUL)",4,9,"LEE",318,1,"SGW"
"Bassey (FUL)",5,4,"BRE",318,1,"SGW"
"Bassey (FUL)",6,0,"AVL",318,1,"SGW"
"Bassey (FUL)",7,1,"BOU",318,1,"SGW"
"Bassey (FUL)",8,1,"ARS",318,1,"SGW"
"Bassey (FUL)",9,1,"NEW",318,1,"SGW"
"Bassey (FUL)",10,6,"WOL",318,1,"SGW"
"Bassey (FUL)",11,2,"EVE",318,1,"SGW"
"Bassey (FUL)",12,9,"SUN",318,1,"SGW"
"Bassey (FUL)",13,4,"TOT",318,1,"SGW"
"Bassey (FUL)",14,2,"MCI",318,1,"SGW"
"Bassey (FUL)",15,3,"CRY",318,1,"SGW"
"Bassey (FUL)",16,9,"BUR",318,1,"SGW"
"Bassey (FUL)",17,0,"NFO",318,1,"SGW"
"Bassey (FUL)",18,0,"WHU",318,1,"SGW"
"Bassey (FUL)",19,0,"CRY",318,1,"SGW"
"Bassey (FUL)",20,0,"LIV",318,1,"SGW"
"Bassey (FUL)",21,0,"CHE",318,1,"SGW"
"Bassey (FUL)",22,0,"LEE",318,1,"SGW"
"Bassey (FUL)",23,0,"BHA",318,1,"SGW"
"Bates (EVE)",1,0,"LEE",306,1,"SGW"
"Bates (EVE)",2,0,"BHA",306,1,"SGW"
"Bates (EVE)",3,0,"WOL",306,1,"SGW"
"Bates (EVE)",4,0,"AVL",306,1,"SGW"
"Bates (EVE)",5,0,"LIV",306,1,"SGW"
"Bates (EVE)",6,0,"WHU",306,1,"SGW"
"Bates (EVE)",7,0,"CRY",306,1,"SGW"
"Bates (EVE)",8,0,"MCI",306,1,"SGW"
"Bates (EVE)",9,0,"TOT",306,1,"SGW"
"Bates (EVE)",10,0,"SUN",306,1,"SGW"
"Bates (EVE)",11,0,"FUL",306,1,"SGW"
"Bates (EVE)",12,0,"MUN",306,1,"SGW"
"Bates (EVE)",13,0,"NEW",306,1,"SGW"
"Bates (EVE)",14,0,"BOU",306,1,"SGW"
"Bates (EVE)",15,0,"NFO",306,1,"SGW"
"Bates (EVE)",16,0,"CHE",306,1,"SGW"
"Bates (EVE)",17,0,"ARS",306,1,"SGW"
"Bates (EVE)",18,0,"BUR",306,1,"SGW"
"Bates (EVE)",19,0,"NFO",306,1,"SGW"
"Bates (EVE)",20,0,"BRE",306,1,"SGW"
"Bates (EVE)",21,0,"WOL",306,1,"SGW"
"Bates (EVE)",22,0,"AVL",306,1,"SGW"
"Bates (EVE)",23,0,"LEE",306,1,"SGW"
"Bayindir (MUN)",1,2,"ARS",431,1,"SGW"
"Bayindir (MUN)",2,2,"FUL",431,1,"SGW"
"Bayindir (MUN)",3,1,"BUR",431,1,"SGW"
"Bayindir (MUN)",4,2,"MCI",431,1,"SGW"
"Bayindir (MUN)",5,2,"CHE",431,1,"SGW"
"Bayindir (MUN)",6,2,"BRE",431,1,"SGW"
"Bayindir (MUN)",7,0,"SUN",431,1,"SGW"
"Bayindir (MUN)",8,0,"LIV",431,1,"SGW"
"Bayindir (MUN)",9,0,"BHA",431,1,"SGW"
"Bayindir (MUN)",10,0,"NFO",431,1,"SGW"
"Bayindir (MUN)",11,0,"TOT",431,1,"SGW"
"Bayindir (MUN)",12,0,"EVE",431,1,"SGW"
"Bayindir (MUN)",13,0,"CRY",431,1,"SGW"
"Bayindir (MUN)",14,0,"WHU",431,1,"SGW"
"Bayindir (MUN)",15,0,"WOL",431,1,"SGW"
"Bayindir (MUN)",16,0,"BOU",431,1,"SGW"
"Bayindir (MUN)",17,0,"AVL",431,1,"SGW"
"Bayindir (MUN)",18,0,"NEW",431,1,"SGW"
"Bayindir (MUN)",19,0,"WOL",431,1,"SGW"
"Bayindir (MUN)",20,0,"LEE",431,1,"SGW"
"Bayindir (MUN)",21,0,"BUR",431,1,"SGW"
"Bayindir (MUN)",22,0,"MCI",431,1,"SGW"
"Bayindir (MUN)",23,0,"ARS",431,1,"SGW"
"Bellegarde (WOL)",1,2,"MCI",644,1,"SGW"
"Bellegarde (WOL)",2,1,"BOU",644,1,"SGW"
"Bellegarde (WOL)",3,1,"EVE",644,1,"SGW"
"Bellegarde (WOL)",4,1,"NEW",644,1,"SGW"
"Bellegarde (WOL)",5,1,"LEE",644,1,"SGW"
"Bellegarde (WOL)",6,1,"TOT",644,1,"SGW"
"Bellegarde (WOL)",7,1,"BHA",644,1,"SGW"
"Bellegarde (WOL)",8,0,"SUN",644,1,"SGW"
"Bellegarde (WOL)",9,1,"BUR",644,1,"SGW"
"Bellegarde (WOL)",10,2,"FUL",644,1,"SGW"
"Bellegarde (WOL)",11,2,"CHE",644,1,"SGW"
"Bellegarde (WOL)",12,1,"CRY",644,1,"SGW"
"Bellegarde (WOL)",13,2,"AVL",644,1,"SGW"
"Bellegarde (WOL)",14,3,"NFO",644,1,"SGW"
"Bellegarde (WOL)",15,6,"MUN",644,1,"SGW"
"Bellegarde (WOL)",16,0,"ARS",644,1,"SGW"
"Bellegarde (WOL)",17,0,"BRE",644,1,"SGW"
"Bellegarde (WOL)",18,0,"LIV",644,1,"SGW"
"Bellegarde (WOL)",19,0,"MUN",644,1,"SGW"
"Bellegarde (WOL)",20,0,"WHU",644,1,"SGW"
"Bellegarde (WOL)",21,0,"EVE",644,1,"SGW"
"Bellegarde (WOL)",22,0,"NEW",644,1,"SGW"
"Bellegarde (WOL)",23,0,"MCI",644,1,"SGW"
"Benamar (CRY)",1,NA,NA,773,NA,"BGW"
"Benamar (CRY)",2,NA,NA,773,NA,"BGW"
"Benamar (CRY)",3,NA,NA,773,NA,"BGW"
"Benamar (CRY)",4,NA,NA,773,NA,"BGW"
"Benamar (CRY)",5,NA,NA,773,NA,"BGW"
"Benamar (CRY)",6,NA,NA,773,NA,"BGW"
"Benamar (CRY)",7,NA,NA,773,NA,"BGW"
"Benamar (CRY)",8,NA,NA,773,NA,"BGW"
"Benamar (CRY)",9,NA,NA,773,NA,"BGW"
"Benamar (CRY)",10,NA,NA,773,NA,"BGW"
"Benamar (CRY)",11,NA,NA,773,NA,"BGW"
"Benamar (CRY)",12,NA,NA,773,NA,"BGW"
"Benamar (CRY)",13,NA,NA,773,NA,"BGW"
"Benamar (CRY)",14,NA,NA,773,NA,"BGW"
"Benamar (CRY)",15,NA,NA,773,NA,"BGW"
"Benamar (CRY)",16,NA,NA,773,NA,"BGW"
"Benamar (CRY)",17,NA,NA,773,NA,"BGW"
"Benamar (CRY)",18,0,"TOT",773,1,"SGW"
"Benamar (CRY)",19,0,"FUL",773,1,"SGW"
"Benamar (CRY)",20,0,"NEW",773,1,"SGW"
"Benamar (CRY)",21,0,"AVL",773,1,"SGW"
"Benamar (CRY)",22,0,"SUN",773,1,"SGW"
"Benamar (CRY)",23,0,"CHE",773,1,"SGW"
"Benda (FUL)",1,0,"BHA",315,1,"SGW"
"Benda (FUL)",2,0,"MUN",315,1,"SGW"
"Benda (FUL)",3,0,"CHE",315,1,"SGW"
"Benda (FUL)",4,0,"LEE",315,1,"SGW"
"Benda (FUL)",5,0,"BRE",315,1,"SGW"
"Benda (FUL)",6,0,"AVL",315,1,"SGW"
"Benda (FUL)",7,0,"BOU",315,1,"SGW"
"Benda (FUL)",8,0,"ARS",315,1,"SGW"
"Benda (FUL)",9,0,"NEW",315,1,"SGW"
"Benda (FUL)",10,0,"WOL",315,1,"SGW"
"Benda (FUL)",11,0,"EVE",315,1,"SGW"
"Benda (FUL)",12,0,"SUN",315,1,"SGW"
"Benda (FUL)",13,0,"TOT",315,1,"SGW"
"Benda (FUL)",14,0,"MCI",315,1,"SGW"
"Benda (FUL)",15,0,"CRY",315,1,"SGW"
"Benda (FUL)",16,0,"BUR",315,1,"SGW"
"Benda (FUL)",17,0,"NFO",315,1,"SGW"
"Benda (FUL)",18,0,"WHU",315,1,"SGW"
"Benda (FUL)",19,0,"CRY",315,1,"SGW"
"Benda (FUL)",20,0,"LIV",315,1,"SGW"
"Benda (FUL)",21,0,"CHE",315,1,"SGW"
"Benda (FUL)",22,0,"LEE",315,1,"SGW"
"Benda (FUL)",23,0,"BHA",315,1,"SGW"
"Bendito Mantato (MUN)",1,NA,NA,769,NA,"BGW"
"Bendito Mantato (MUN)",2,NA,NA,769,NA,"BGW"
"Bendito Mantato (MUN)",3,NA,NA,769,NA,"BGW"
"Bendito Mantato (MUN)",4,NA,NA,769,NA,"BGW"
"Bendito Mantato (MUN)",5,NA,NA,769,NA,"BGW"
"Bendito Mantato (MUN)",6,NA,NA,769,NA,"BGW"
"Bendito Mantato (MUN)",7,NA,NA,769,NA,"BGW"
"Bendito Mantato (MUN)",8,NA,NA,769,NA,"BGW"
"Bendito Mantato (MUN)",9,NA,NA,769,NA,"BGW"
"Bendito Mantato (MUN)",10,NA,NA,769,NA,"BGW"
"Bendito Mantato (MUN)",11,NA,NA,769,NA,"BGW"
"Bendito Mantato (MUN)",12,NA,NA,769,NA,"BGW"
"Bendito Mantato (MUN)",13,NA,NA,769,NA,"BGW"
"Bendito Mantato (MUN)",14,NA,NA,769,NA,"BGW"
"Bendito Mantato (MUN)",15,NA,NA,769,NA,"BGW"
"Bendito Mantato (MUN)",16,NA,NA,769,NA,"BGW"
"Bendito Mantato (MUN)",17,0,"AVL",769,1,"SGW"
"Bendito Mantato (MUN)",18,0,"NEW",769,1,"SGW"
"Bendito Mantato (MUN)",19,1,"WOL",769,1,"SGW"
"Bendito Mantato (MUN)",20,0,"LEE",769,1,"SGW"
"Bendito Mantato (MUN)",21,0,"BUR",769,1,"SGW"
"Bendito Mantato (MUN)",22,0,"MCI",769,1,"SGW"
"Bendito Mantato (MUN)",23,0,"ARS",769,1,"SGW"
"Benitez (CRY)",1,0,"CHE",254,1,"SGW"
"Benitez (CRY)",2,0,"NFO",254,1,"SGW"
"Benitez (CRY)",3,0,"AVL",254,1,"SGW"
"Benitez (CRY)",4,0,"SUN",254,1,"SGW"
"Benitez (CRY)",5,0,"WHU",254,1,"SGW"
"Benitez (CRY)",6,0,"LIV",254,1,"SGW"
"Benitez (CRY)",7,0,"EVE",254,1,"SGW"
"Benitez (CRY)",8,0,"BOU",254,1,"SGW"
"Benitez (CRY)",9,0,"ARS",254,1,"SGW"
"Benitez (CRY)",10,0,"BRE",254,1,"SGW"
"Benitez (CRY)",11,0,"BHA",254,1,"SGW"
"Benitez (CRY)",12,0,"WOL",254,1,"SGW"
"Benitez (CRY)",13,0,"MUN",254,1,"SGW"
"Benitez (CRY)",14,0,"BUR",254,1,"SGW"
"Benitez (CRY)",15,0,"FUL",254,1,"SGW"
"Benitez (CRY)",16,0,"MCI",254,1,"SGW"
"Benitez (CRY)",17,0,"LEE",254,1,"SGW"
"Benitez (CRY)",18,0,"TOT",254,1,"SGW"
"Benitez (CRY)",19,0,"FUL",254,1,"SGW"
"Benitez (CRY)",20,0,"NEW",254,1,"SGW"
"Benitez (CRY)",21,0,"AVL",254,1,"SGW"
"Benitez (CRY)",22,0,"SUN",254,1,"SGW"
"Benitez (CRY)",23,0,"CHE",254,1,"SGW"
"Benson (BUR)",1,0,"TOT",201,1,"SGW"
"Benson (BUR)",2,0,"SUN",201,1,"SGW"
"Benson (BUR)",3,0,"MUN",201,1,"SGW"
"Benson (BUR)",4,0,"LIV",201,1,"SGW"
"Benson (BUR)",5,0,"NFO",201,1,"SGW"
"Benson (BUR)",6,0,"MCI",201,1,"SGW"
"Benson (BUR)",7,0,"AVL",201,1,"SGW"
"Benson (BUR)",8,0,"LEE",201,1,"SGW"
"Benson (BUR)",9,0,"WOL",201,1,"SGW"
"Benson (BUR)",10,0,"ARS",201,1,"SGW"
"Benson (BUR)",11,0,"WHU",201,1,"SGW"
"Benson (BUR)",12,0,"CHE",201,1,"SGW"
"Benson (BUR)",13,0,"BRE",201,1,"SGW"
"Benson (BUR)",14,0,"CRY",201,1,"SGW"
"Benson (BUR)",15,0,"NEW",201,1,"SGW"
"Benson (BUR)",16,0,"FUL",201,1,"SGW"
"Benson (BUR)",17,0,"BOU",201,1,"SGW"
"Benson (BUR)",18,0,"EVE",201,1,"SGW"
"Benson (BUR)",19,0,"NEW",201,1,"SGW"
"Benson (BUR)",20,0,"BHA",201,1,"SGW"
"Benson (BUR)",21,0,"MUN",201,1,"SGW"
"Benson (BUR)",22,0,"LIV",201,1,"SGW"
"Benson (BUR)",23,0,"TOT",201,1,"SGW"
"Bentancur (TOT)",1,1,"BUR",585,1,"SGW"
"Bentancur (TOT)",2,3,"MCI",585,1,"SGW"
"Bentancur (TOT)",3,2,"BOU",585,1,"SGW"
"Bentancur (TOT)",4,0,"WHU",585,1,"SGW"
"Bentancur (TOT)",5,2,"BHA",585,1,"SGW"
"Bentancur (TOT)",6,2,"WOL",585,1,"SGW"
"Bentancur (TOT)",7,4,"LEE",585,1,"SGW"
"Bentancur (TOT)",8,12,"AVL",585,1,"SGW"
"Bentancur (TOT)",9,8,"EVE",585,1,"SGW"
"Bentancur (TOT)",10,0,"CHE",585,1,"SGW"
"Bentancur (TOT)",11,1,"MUN",585,1,"SGW"
"Bentancur (TOT)",12,1,"ARS",585,1,"SGW"
"Bentancur (TOT)",13,1,"FUL",585,1,"SGW"
"Bentancur (TOT)",14,3,"NEW",585,1,"SGW"
"Bentancur (TOT)",15,5,"BRE",585,1,"SGW"
"Bentancur (TOT)",16,1,"NFO",585,1,"SGW"
"Bentancur (TOT)",17,3,"LIV",585,1,"SGW"
"Bentancur (TOT)",18,5,"CRY",585,1,"SGW"
"Bentancur (TOT)",19,5,"BRE",585,1,"SGW"
"Bentancur (TOT)",20,3,"SUN",585,1,"SGW"
"Bentancur (TOT)",21,2,"BOU",585,1,"SGW"
"Bentancur (TOT)",22,0,"WHU",585,1,"SGW"
"Bentancur (TOT)",23,0,"BUR",585,1,"SGW"
"Bentley (WOL)",1,0,"MCI",629,1,"SGW"
"Bentley (WOL)",2,0,"BOU",629,1,"SGW"
"Bentley (WOL)",3,0,"EVE",629,1,"SGW"
"Bentley (WOL)",4,0,"NEW",629,1,"SGW"
"Bentley (WOL)",5,0,"LEE",629,1,"SGW"
"Bentley (WOL)",6,0,"TOT",629,1,"SGW"
"Bentley (WOL)",7,0,"BHA",629,1,"SGW"
"Bentley (WOL)",8,0,"SUN",629,1,"SGW"
"Bentley (WOL)",9,0,"BUR",629,1,"SGW"
"Bentley (WOL)",10,0,"FUL",629,1,"SGW"
"Bentley (WOL)",11,0,"CHE",629,1,"SGW"
"Bentley (WOL)",12,0,"CRY",629,1,"SGW"
"Bentley (WOL)",13,0,"AVL",629,1,"SGW"
"Bentley (WOL)",14,0,"NFO",629,1,"SGW"
"Bentley (WOL)",15,0,"MUN",629,1,"SGW"
"Bentley (WOL)",16,0,"ARS",629,1,"SGW"
"Bentley (WOL)",17,0,"BRE",629,1,"SGW"
"Bentley (WOL)",18,0,"LIV",629,1,"SGW"
"Bentley (WOL)",19,0,"MUN",629,1,"SGW"
"Bentley (WOL)",20,0,"WHU",629,1,"SGW"
"Bentley (WOL)",21,0,"EVE",629,1,"SGW"
"Bentley (WOL)",22,0,"NEW",629,1,"SGW"
"Bentley (WOL)",23,0,"MCI",629,1,"SGW"
"Berge (FUL)",1,2,"BHA",330,1,"SGW"
"Berge (FUL)",2,2,"MUN",330,1,"SGW"
"Berge (FUL)",3,2,"CHE",330,1,"SGW"
"Berge (FUL)",4,4,"LEE",330,1,"SGW"
"Berge (FUL)",5,2,"BRE",330,1,"SGW"
"Berge (FUL)",6,2,"AVL",330,1,"SGW"
"Berge (FUL)",7,2,"BOU",330,1,"SGW"
"Berge (FUL)",8,2,"ARS",330,1,"SGW"
"Berge (FUL)",9,2,"NEW",330,1,"SGW"
"Berge (FUL)",10,5,"WOL",330,1,"SGW"
"Berge (FUL)",11,2,"EVE",330,1,"SGW"
"Berge (FUL)",12,3,"SUN",330,1,"SGW"
"Berge (FUL)",13,2,"TOT",330,1,"SGW"
"Berge (FUL)",14,0,"MCI",330,1,"SGW"
"Berge (FUL)",15,2,"CRY",330,1,"SGW"
"Berge (FUL)",16,2,"BUR",330,1,"SGW"
"Berge (FUL)",17,2,"NFO",330,1,"SGW"
"Berge (FUL)",18,3,"WHU",330,1,"SGW"
"Berge (FUL)",19,2,"CRY",330,1,"SGW"
"Berge (FUL)",20,1,"LIV",330,1,"SGW"
"Berge (FUL)",21,10,"CHE",330,1,"SGW"
"Berge (FUL)",22,2,"LEE",330,1,"SGW"
"Berge (FUL)",23,1,"BHA",330,1,"SGW"
"Bergvall (TOT)",1,3,"BUR",586,1,"SGW"
"Bergvall (TOT)",2,1,"MCI",586,1,"SGW"
"Bergvall (TOT)",3,1,"BOU",586,1,"SGW"
"Bergvall (TOT)",4,11,"WHU",586,1,"SGW"
"Bergvall (TOT)",5,4,"BHA",586,1,"SGW"
"Bergvall (TOT)",6,1,"WOL",586,1,"SGW"
"Bergvall (TOT)",7,0,"LEE",586,1,"SGW"
"Bergvall (TOT)",8,1,"AVL",586,1,"SGW"
"Bergvall (TOT)",9,1,"EVE",586,1,"SGW"
"Bergvall (TOT)",10,1,"CHE",586,1,"SGW"
"Bergvall (TOT)",11,0,"MUN",586,1,"SGW"
"Bergvall (TOT)",12,0,"ARS",586,1,"SGW"
"Bergvall (TOT)",13,5,"FUL",586,1,"SGW"
"Bergvall (TOT)",14,2,"NEW",586,1,"SGW"
"Bergvall (TOT)",15,0,"BRE",586,1,"SGW"
"Bergvall (TOT)",16,0,"NFO",586,1,"SGW"
"Bergvall (TOT)",17,2,"LIV",586,1,"SGW"
"Bergvall (TOT)",18,3,"CRY",586,1,"SGW"
"Bergvall (TOT)",19,0,"BRE",586,1,"SGW"
"Bergvall (TOT)",20,1,"SUN",586,1,"SGW"
"Bergvall (TOT)",21,1,"BOU",586,1,"SGW"
"Bergvall (TOT)",22,1,"WHU",586,1,"SGW"
"Bergvall (TOT)",23,0,"BUR",586,1,"SGW"
"Bernardo (MCI)",1,3,"WOL",416,1,"SGW"
"Bernardo (MCI)",2,1,"TOT",416,1,"SGW"
"Bernardo (MCI)",3,2,"BHA",416,1,"SGW"
"Bernardo (MCI)",4,6,"MUN",416,1,"SGW"
"Bernardo (MCI)",5,1,"ARS",416,1,"SGW"
"Bernardo (MCI)",6,1,"BUR",416,1,"SGW"
"Bernardo (MCI)",7,1,"BRE",416,1,"SGW"
"Bernardo (MCI)",8,1,"EVE",416,1,"SGW"
"Bernardo (MCI)",9,2,"AVL",416,1,"SGW"
"Bernardo (MCI)",10,2,"BOU",416,1,"SGW"
"Bernardo (MCI)",11,5,"LIV",416,1,"SGW"
"Bernardo (MCI)",12,1,"NEW",416,1,"SGW"
"Bernardo (MCI)",13,1,"LEE",416,1,"SGW"
"Bernardo (MCI)",14,2,"FUL",416,1,"SGW"
"Bernardo (MCI)",15,3,"SUN",416,1,"SGW"
"Bernardo (MCI)",16,3,"CRY",416,1,"SGW"
"Bernardo (MCI)",17,3,"WHU",416,1,"SGW"
"Bernardo (MCI)",18,2,"NFO",416,1,"SGW"
"Bernardo (MCI)",19,3,"SUN",416,1,"SGW"
"Bernardo (MCI)",20,1,"CHE",416,1,"SGW"
"Bernardo (MCI)",21,2,"BHA",416,1,"SGW"
"Bernardo (MCI)",22,2,"MUN",416,1,"SGW"
"Bernardo (MCI)",23,6,"WOL",416,1,"SGW"
"Beto (EVE)",1,2,"LEE",311,1,"SGW"
"Beto (EVE)",2,0,"BHA",311,1,"SGW"
"Beto (EVE)",3,7,"WOL",311,1,"SGW"
"Beto (EVE)",4,2,"AVL",311,1,"SGW"
"Beto (EVE)",5,1,"LIV",311,1,"SGW"
"Beto (EVE)",6,2,"WHU",311,1,"SGW"
"Beto (EVE)",7,1,"CRY",311,1,"SGW"
"Beto (EVE)",8,2,"MCI",311,1,"SGW"
"Beto (EVE)",9,2,"TOT",311,1,"SGW"
"Beto (EVE)",10,1,"SUN",311,1,"SGW"
"Beto (EVE)",11,1,"FUL",311,1,"SGW"
"Beto (EVE)",12,1,"MUN",311,1,"SGW"
"Beto (EVE)",13,1,"NEW",311,1,"SGW"
"Beto (EVE)",14,1,"BOU",311,1,"SGW"
"Beto (EVE)",15,1,"NFO",311,1,"SGW"
"Beto (EVE)",16,1,"CHE",311,1,"SGW"
"Beto (EVE)",17,1,"ARS",311,1,"SGW"
"Beto (EVE)",18,2,"BUR",311,1,"SGW"
"Beto (EVE)",19,1,"NFO",311,1,"SGW"
"Beto (EVE)",20,5,"BRE",311,1,"SGW"
"Beto (EVE)",21,1,"WOL",311,1,"SGW"
"Beto (EVE)",22,1,"AVL",311,1,"SGW"
"Beto (EVE)",23,1,"LEE",311,1,"SGW"
"Bettinelli (MCI)",1,0,"WOL",401,1,"SGW"
"Bettinelli (MCI)",2,0,"TOT",401,1,"SGW"
"Bettinelli (MCI)",3,0,"BHA",401,1,"SGW"
"Bettinelli (MCI)",4,0,"MUN",401,1,"SGW"
"Bettinelli (MCI)",5,0,"ARS",401,1,"SGW"
"Bettinelli (MCI)",6,0,"BUR",401,1,"SGW"
"Bettinelli (MCI)",7,0,"BRE",401,1,"SGW"
"Bettinelli (MCI)",8,0,"EVE",401,1,"SGW"
"Bettinelli (MCI)",9,0,"AVL",401,1,"SGW"
"Bettinelli (MCI)",10,0,"BOU",401,1,"SGW"
"Bettinelli (MCI)",11,0,"LIV",401,1,"SGW"
"Bettinelli (MCI)",12,0,"NEW",401,1,"SGW"
"Bettinelli (MCI)",13,0,"LEE",401,1,"SGW"
"Bettinelli (MCI)",14,0,"FUL",401,1,"SGW"
"Bettinelli (MCI)",15,0,"SUN",401,1,"SGW"
"Bettinelli (MCI)",16,0,"CRY",401,1,"SGW"
"Bettinelli (MCI)",17,0,"WHU",401,1,"SGW"
"Bettinelli (MCI)",18,0,"NFO",401,1,"SGW"
"Bettinelli (MCI)",19,0,"SUN",401,1,"SGW"
"Bettinelli (MCI)",20,0,"CHE",401,1,"SGW"
"Bettinelli (MCI)",21,0,"BHA",401,1,"SGW"
"Bettinelli (MCI)",22,0,"MUN",401,1,"SGW"
"Bettinelli (MCI)",23,0,"WOL",401,1,"SGW"
"Bevan (BOU)",1,0,"LIV",76,1,"SGW"
"Bevan (BOU)",2,0,"WOL",76,1,"SGW"
"Bevan (BOU)",3,0,"TOT",76,1,"SGW"
"Bevan (BOU)",4,0,"BHA",76,1,"SGW"
"Bevan (BOU)",5,0,"NEW",76,1,"SGW"
"Bevan (BOU)",6,0,"LEE",76,1,"SGW"
"Bevan (BOU)",7,0,"FUL",76,1,"SGW"
"Bevan (BOU)",8,0,"CRY",76,1,"SGW"
"Bevan (BOU)",9,0,"NFO",76,1,"SGW"
"Bevan (BOU)",10,0,"MCI",76,1,"SGW"
"Bevan (BOU)",11,0,"AVL",76,1,"SGW"
"Bevan (BOU)",12,0,"WHU",76,1,"SGW"
"Bevan (BOU)",13,0,"SUN",76,1,"SGW"
"Bevan (BOU)",14,0,"EVE",76,1,"SGW"
"Bevan (BOU)",15,0,"CHE",76,1,"SGW"
"Bevan (BOU)",16,0,"MUN",76,1,"SGW"
"Bevan (BOU)",17,0,"BUR",76,1,"SGW"
"Bevan (BOU)",18,0,"BRE",76,1,"SGW"
"Bevan (BOU)",19,0,"CHE",76,1,"SGW"
"Bevan (BOU)",20,0,"ARS",76,1,"SGW"
"Bevan (BOU)",21,0,"TOT",76,1,"SGW"
"Bevan (BOU)",22,0,"BHA",76,1,"SGW"
"Bevan (BOU)",23,0,"LIV",76,1,"SGW"
"Bijol (LEE)",1,0,"EVE",344,1,"SGW"
"Bijol (LEE)",2,0,"ARS",344,1,"SGW"
"Bijol (LEE)",3,0,"NEW",344,1,"SGW"
"Bijol (LEE)",4,0,"FUL",344,1,"SGW"
"Bijol (LEE)",5,0,"WOL",344,1,"SGW"
"Bijol (LEE)",6,0,"BOU",344,1,"SGW"
"Bijol (LEE)",7,0,"TOT",344,1,"SGW"
"Bijol (LEE)",8,0,"BUR",344,1,"SGW"
"Bijol (LEE)",9,4,"WHU",344,1,"SGW"
"Bijol (LEE)",10,1,"BHA",344,1,"SGW"
"Bijol (LEE)",11,1,"NFO",344,1,"SGW"
"Bijol (LEE)",12,0,"AVL",344,1,"SGW"
"Bijol (LEE)",13,1,"MCI",344,1,"SGW"
"Bijol (LEE)",14,12,"CHE",344,1,"SGW"
"Bijol (LEE)",15,1,"LIV",344,1,"SGW"
"Bijol (LEE)",16,2,"BRE",344,1,"SGW"
"Bijol (LEE)",17,5,"CRY",344,1,"SGW"
"Bijol (LEE)",18,2,"SUN",344,1,"SGW"
"Bijol (LEE)",19,7,"LIV",344,1,"SGW"
"Bijol (LEE)",20,4,"MUN",344,1,"SGW"
"Bijol (LEE)",21,3,"NEW",344,1,"SGW"
"Bijol (LEE)",22,0,"FUL",344,1,"SGW"
"Bijol (LEE)",23,0,"EVE",344,1,"SGW"
"Bissouma (TOT)",1,0,"BUR",587,1,"SGW"
"Bissouma (TOT)",2,0,"MCI",587,1,"SGW"
"Bissouma (TOT)",3,0,"BOU",587,1,"SGW"
"Bissouma (TOT)",4,0,"WHU",587,1,"SGW"
"Bissouma (TOT)",5,0,"BHA",587,1,"SGW"
"Bissouma (TOT)",6,0,"WOL",587,1,"SGW"
"Bissouma (TOT)",7,0,"LEE",587,1,"SGW"
"Bissouma (TOT)",8,0,"AVL",587,1,"SGW"
"Bissouma (TOT)",9,0,"EVE",587,1,"SGW"
"Bissouma (TOT)",10,0,"CHE",587,1,"SGW"
"Bissouma (TOT)",11,0,"MUN",587,1,"SGW"
"Bissouma (TOT)",12,0,"ARS",587,1,"SGW"
"Bissouma (TOT)",13,0,"FUL",587,1,"SGW"
"Bissouma (TOT)",14,0,"NEW",587,1,"SGW"
"Bissouma (TOT)",15,0,"BRE",587,1,"SGW"
"Bissouma (TOT)",16,0,"NFO",587,1,"SGW"
"Bissouma (TOT)",17,0,"LIV",587,1,"SGW"
"Bissouma (TOT)",18,0,"CRY",587,1,"SGW"
"Bissouma (TOT)",19,0,"BRE",587,1,"SGW"
"Bissouma (TOT)",20,0,"SUN",587,1,"SGW"
"Bissouma (TOT)",21,0,"BOU",587,1,"SGW"
"Bissouma (TOT)",22,1,"WHU",587,1,"SGW"
"Bissouma (TOT)",23,4,"BUR",587,1,"SGW"
"Boateng (BUR)",1,0,"TOT",203,1,"SGW"
"Boateng (BUR)",2,0,"SUN",203,1,"SGW"
"Boateng (BUR)",3,0,"MUN",203,1,"SGW"
"Boateng (BUR)",4,0,"LIV",203,1,"SGW"
"Boateng (BUR)",5,0,"NFO",203,1,"SGW"
"Boateng (BUR)",6,0,"MCI",203,1,"SGW"
"Boateng (BUR)",7,0,"AVL",203,1,"SGW"
"Boateng (BUR)",8,0,"LEE",203,1,"SGW"
"Boateng (BUR)",9,0,"WOL",203,1,"SGW"
"Boateng (BUR)",10,0,"ARS",203,1,"SGW"
"Boateng (BUR)",11,0,"WHU",203,1,"SGW"
"Boateng (BUR)",12,0,"CHE",203,1,"SGW"
"Boateng (BUR)",13,0,"BRE",203,1,"SGW"
"Boateng (BUR)",14,0,"CRY",203,1,"SGW"
"Boateng (BUR)",15,0,"NEW",203,1,"SGW"
"Boateng (BUR)",16,0,"FUL",203,1,"SGW"
"Boateng (BUR)",17,0,"BOU",203,1,"SGW"
"Boateng (BUR)",18,0,"EVE",203,1,"SGW"
"Boateng (BUR)",19,0,"NEW",203,1,"SGW"
"Boateng (BUR)",20,0,"BHA",203,1,"SGW"
"Boateng (BUR)",21,0,"MUN",203,1,"SGW"
"Boateng (BUR)",22,0,"LIV",203,1,"SGW"
"Boateng (BUR)",23,0,"TOT",203,1,"SGW"
"Bobb (MCI)",1,6,"WOL",424,1,"SGW"
"Bobb (MCI)",2,2,"TOT",424,1,"SGW"
"Bobb (MCI)",3,2,"BHA",424,1,"SGW"
"Bobb (MCI)",4,1,"MUN",424,1,"SGW"
"Bobb (MCI)",5,0,"ARS",424,1,"SGW"
"Bobb (MCI)",6,1,"BUR",424,1,"SGW"
"Bobb (MCI)",7,3,"BRE",424,1,"SGW"
"Bobb (MCI)",8,1,"EVE",424,1,"SGW"
"Bobb (MCI)",9,2,"AVL",424,1,"SGW"
"Bobb (MCI)",10,0,"BOU",424,1,"SGW"
"Bobb (MCI)",11,0,"LIV",424,1,"SGW"
"Bobb (MCI)",12,0,"NEW",424,1,"SGW"
"Bobb (MCI)",13,0,"LEE",424,1,"SGW"
"Bobb (MCI)",14,0,"FUL",424,1,"SGW"
"Bobb (MCI)",15,0,"SUN",424,1,"SGW"
"Bobb (MCI)",16,0,"CRY",424,1,"SGW"
"Bobb (MCI)",17,0,"WHU",424,1,"SGW"
"Bobb (MCI)",18,0,"NFO",424,1,"SGW"
"Bobb (MCI)",19,0,"SUN",424,1,"SGW"
"Bobb (MCI)",20,0,"CHE",424,1,"SGW"
"Bobb (MCI)",21,0,"BHA",424,1,"SGW"
"Bobb (MCI)",22,0,"MUN",424,1,"SGW"
"Bobb (MCI)",23,0,"WOL",424,1,"SGW"
"Bogarde (AVL)",1,0,"NEW",44,1,"SGW"
"Bogarde (AVL)",2,0,"BRE",44,1,"SGW"
"Bogarde (AVL)",3,1,"CRY",44,1,"SGW"
"Bogarde (AVL)",4,9,"EVE",44,1,"SGW"
"Bogarde (AVL)",5,1,"SUN",44,1,"SGW"
"Bogarde (AVL)",6,2,"FUL",44,1,"SGW"
"Bogarde (AVL)",7,2,"BUR",44,1,"SGW"
"Bogarde (AVL)",8,0,"TOT",44,1,"SGW"
"Bogarde (AVL)",9,0,"MCI",44,1,"SGW"
"Bogarde (AVL)",10,0,"LIV",44,1,"SGW"
"Bogarde (AVL)",11,1,"BOU",44,1,"SGW"
"Bogarde (AVL)",12,1,"LEE",44,1,"SGW"
"Bogarde (AVL)",13,1,"WOL",44,1,"SGW"
"Bogarde (AVL)",14,1,"BHA",44,1,"SGW"
"Bogarde (AVL)",15,1,"ARS",44,1,"SGW"
"Bogarde (AVL)",16,0,"WHU",44,1,"SGW"
"Bogarde (AVL)",17,0,"MUN",44,1,"SGW"
"Bogarde (AVL)",18,1,"CHE",44,1,"SGW"
"Bogarde (AVL)",19,-1,"ARS",44,1,"SGW"
"Bogarde (AVL)",20,0,"NFO",44,1,"SGW"
"Bogarde (AVL)",21,1,"CRY",44,1,"SGW"
"Bogarde (AVL)",22,1,"EVE",44,1,"SGW"
"Bogarde (AVL)",23,1,"NEW",44,1,"SGW"
"Bogle (LEE)",1,6,"EVE",342,1,"SGW"
"Bogle (LEE)",2,-1,"ARS",342,1,"SGW"
"Bogle (LEE)",3,6,"NEW",342,1,"SGW"
"Bogle (LEE)",4,2,"FUL",342,1,"SGW"
"Bogle (LEE)",5,4,"WOL",342,1,"SGW"
"Bogle (LEE)",6,3,"BOU",342,1,"SGW"
"Bogle (LEE)",7,3,"TOT",342,1,"SGW"
"Bogle (LEE)",8,1,"BUR",342,1,"SGW"
"Bogle (LEE)",9,2,"WHU",342,1,"SGW"
"Bogle (LEE)",10,1,"BHA",342,1,"SGW"
"Bogle (LEE)",11,1,"NFO",342,1,"SGW"
"Bogle (LEE)",12,0,"AVL",342,1,"SGW"
"Bogle (LEE)",13,1,"MCI",342,1,"SGW"
"Bogle (LEE)",14,5,"CHE",342,1,"SGW"
"Bogle (LEE)",15,0,"LIV",342,1,"SGW"
"Bogle (LEE)",16,2,"BRE",342,1,"SGW"
"Bogle (LEE)",17,6,"CRY",342,1,"SGW"
"Bogle (LEE)",18,2,"SUN",342,1,"SGW"
"Bogle (LEE)",19,1,"LIV",342,1,"SGW"
"Bogle (LEE)",20,0,"MUN",342,1,"SGW"
"Bogle (LEE)",21,0,"NEW",342,1,"SGW"
"Bogle (LEE)",22,6,"FUL",342,1,"SGW"
"Bogle (LEE)",23,2,"EVE",342,1,"SGW"
"Boly (NFO)",1,0,"BRE",514,1,"SGW"
"Boly (NFO)",2,0,"CRY",514,1,"SGW"
"Boly (NFO)",3,0,"WHU",514,1,"SGW"
"Boly (NFO)",4,0,"ARS",514,1,"SGW"
"Boly (NFO)",5,0,"BUR",514,1,"SGW"
"Boly (NFO)",6,0,"SUN",514,1,"SGW"
"Boly (NFO)",7,0,"NEW",514,1,"SGW"
"Boly (NFO)",8,0,"CHE",514,1,"SGW"
"Boly (NFO)",9,0,"BOU",514,1,"SGW"
"Boly (NFO)",10,0,"MUN",514,1,"SGW"
"Boly (NFO)",11,0,"LEE",514,1,"SGW"
"Boly (NFO)",12,0,"LIV",514,1,"SGW"
"Boly (NFO)",13,0,"BHA",514,1,"SGW"
"Boly (NFO)",14,0,"WOL",514,1,"SGW"
"Boly (NFO)",15,0,"EVE",514,1,"SGW"
"Boly (NFO)",16,0,"TOT",514,1,"SGW"
"Boly (NFO)",17,0,"FUL",514,1,"SGW"
"Boly (NFO)",18,0,"MCI",514,1,"SGW"
"Boly (NFO)",19,0,"EVE",514,1,"SGW"
"Boly (NFO)",20,0,"AVL",514,1,"SGW"
"Boly (NFO)",21,0,"WHU",514,1,"SGW"
"Boly (NFO)",22,0,"ARS",514,1,"SGW"
"Boly (NFO)",23,0,"BRE",514,1,"SGW"
"Bornauw (LEE)",1,0,"EVE",345,1,"SGW"
"Bornauw (LEE)",2,0,"ARS",345,1,"SGW"
"Bornauw (LEE)",3,0,"NEW",345,1,"SGW"
"Bornauw (LEE)",4,0,"FUL",345,1,"SGW"
"Bornauw (LEE)",5,0,"WOL",345,1,"SGW"
"Bornauw (LEE)",6,0,"BOU",345,1,"SGW"
"Bornauw (LEE)",7,0,"TOT",345,1,"SGW"
"Bornauw (LEE)",8,0,"BUR",345,1,"SGW"
"Bornauw (LEE)",9,0,"WHU",345,1,"SGW"
"Bornauw (LEE)",10,0,"BHA",345,1,"SGW"
"Bornauw (LEE)",11,0,"NFO",345,1,"SGW"
"Bornauw (LEE)",12,0,"AVL",345,1,"SGW"
"Bornauw (LEE)",13,0,"MCI",345,1,"SGW"
"Bornauw (LEE)",14,1,"CHE",345,1,"SGW"
"Bornauw (LEE)",15,1,"LIV",345,1,"SGW"
"Bornauw (LEE)",16,0,"BRE",345,1,"SGW"
"Bornauw (LEE)",17,0,"CRY",345,1,"SGW"
"Bornauw (LEE)",18,0,"SUN",345,1,"SGW"
"Bornauw (LEE)",19,6,"LIV",345,1,"SGW"
"Bornauw (LEE)",20,2,"MUN",345,1,"SGW"
"Bornauw (LEE)",21,1,"NEW",345,1,"SGW"
"Bornauw (LEE)",22,1,"FUL",345,1,"SGW"
"Bornauw (LEE)",23,4,"EVE",345,1,"SGW"
"Boscagli (BHA)",1,0,"FUL",143,1,"SGW"
"Boscagli (BHA)",2,0,"EVE",143,1,"SGW"
"Boscagli (BHA)",3,0,"MCI",143,1,"SGW"
"Boscagli (BHA)",4,0,"BOU",143,1,"SGW"
"Boscagli (BHA)",5,0,"TOT",143,1,"SGW"
"Boscagli (BHA)",6,0,"CHE",143,1,"SGW"
"Boscagli (BHA)",7,0,"WOL",143,1,"SGW"
"Boscagli (BHA)",8,0,"NEW",143,1,"SGW"
"Boscagli (BHA)",9,0,"MUN",143,1,"SGW"
"Boscagli (BHA)",10,0,"LEE",143,1,"SGW"
"Boscagli (BHA)",11,0,"CRY",143,1,"SGW"
"Boscagli (BHA)",12,0,"BRE",143,1,"SGW"
"Boscagli (BHA)",13,0,"NFO",143,1,"SGW"
"Boscagli (BHA)",14,0,"AVL",143,1,"SGW"
"Boscagli (BHA)",15,1,"WHU",143,1,"SGW"
"Boscagli (BHA)",16,0,"LIV",143,1,"SGW"
"Boscagli (BHA)",17,8,"SUN",143,1,"SGW"
"Boscagli (BHA)",18,0,"ARS",143,1,"SGW"
"Boscagli (BHA)",19,0,"WHU",143,1,"SGW"
"Boscagli (BHA)",20,0,"BUR",143,1,"SGW"
"Boscagli (BHA)",21,0,"MCI",143,1,"SGW"
"Boscagli (BHA)",22,1,"BOU",143,1,"SGW"
"Boscagli (BHA)",23,5,"FUL",143,1,"SGW"
"Botman (NEW)",1,0,"AVL",475,1,"SGW"
"Botman (NEW)",2,0,"LIV",475,1,"SGW"
"Botman (NEW)",3,8,"LEE",475,1,"SGW"
"Botman (NEW)",4,1,"WOL",475,1,"SGW"
"Botman (NEW)",5,8,"BOU",475,1,"SGW"
"Botman (NEW)",6,3,"ARS",475,1,"SGW"
"Botman (NEW)",7,6,"NFO",475,1,"SGW"
"Botman (NEW)",8,1,"BHA",475,1,"SGW"
"Botman (NEW)",9,2,"FUL",475,1,"SGW"
"Botman (NEW)",10,-1,"WHU",475,1,"SGW"
"Botman (NEW)",11,3,"BRE",475,1,"SGW"
"Botman (NEW)",12,1,"MCI",475,1,"SGW"
"Botman (NEW)",13,0,"EVE",475,1,"SGW"
"Botman (NEW)",14,0,"TOT",475,1,"SGW"
"Botman (NEW)",15,0,"BUR",475,1,"SGW"
"Botman (NEW)",16,0,"SUN",475,1,"SGW"
"Botman (NEW)",17,0,"CHE",475,1,"SGW"
"Botman (NEW)",18,0,"MUN",475,1,"SGW"
"Botman (NEW)",19,0,"BUR",475,1,"SGW"
"Botman (NEW)",20,0,"CRY",475,1,"SGW"
"Botman (NEW)",21,4,"LEE",475,1,"SGW"
"Botman (NEW)",22,5,"WOL",475,1,"SGW"
"Botman (NEW)",23,3,"AVL",475,1,"SGW"
"Bowen (WHU)",1,2,"SUN",624,1,"SGW"
"Bowen (WHU)",2,2,"CHE",624,1,"SGW"
"Bowen (WHU)",3,9,"NFO",624,1,"SGW"
"Bowen (WHU)",4,2,"TOT",624,1,"SGW"
"Bowen (WHU)",5,9,"CRY",624,1,"SGW"
"Bowen (WHU)",6,9,"EVE",624,1,"SGW"
"Bowen (WHU)",7,2,"ARS",624,1,"SGW"
"Bowen (WHU)",8,2,"BRE",624,1,"SGW"
"Bowen (WHU)",9,5,"LEE",624,1,"SGW"
"Bowen (WHU)",10,2,"NEW",624,1,"SGW"
"Bowen (WHU)",11,2,"BUR",624,1,"SGW"
"Bowen (WHU)",12,4,"BOU",624,1,"SGW"
"Bowen (WHU)",13,2,"LIV",624,1,"SGW"
"Bowen (WHU)",14,5,"MUN",624,1,"SGW"
"Bowen (WHU)",15,9,"BHA",624,1,"SGW"
"Bowen (WHU)",16,8,"AVL",624,1,"SGW"
"Bowen (WHU)",17,1,"MCI",624,1,"SGW"
"Bowen (WHU)",18,2,"FUL",624,1,"SGW"
"Bowen (WHU)",19,7,"BHA",624,1,"SGW"
"Bowen (WHU)",20,4,"WOL",624,1,"SGW"
"Bowen (WHU)",21,2,"NFO",624,1,"SGW"
"Bowen (WHU)",22,3,"TOT",624,1,"SGW"
"Bowen (WHU)",23,12,"SUN",624,1,"SGW"
"Bradley (LIV)",1,0,"BOU",375,1,"SGW"
"Bradley (LIV)",2,0,"NEW",375,1,"SGW"
"Bradley (LIV)",3,0,"ARS",375,1,"SGW"
"Bradley (LIV)",4,0,"BUR",375,1,"SGW"
"Bradley (LIV)",5,2,"EVE",375,1,"SGW"
"Bradley (LIV)",6,1,"CRY",375,1,"SGW"
"Bradley (LIV)",7,0,"CHE",375,1,"SGW"
"Bradley (LIV)",8,2,"MUN",375,1,"SGW"
"Bradley (LIV)",9,4,"BRE",375,1,"SGW"
"Bradley (LIV)",10,6,"AVL",375,1,"SGW"
"Bradley (LIV)",11,0,"MCI",375,1,"SGW"
"Bradley (LIV)",12,0,"NFO",375,1,"SGW"
"Bradley (LIV)",13,0,"WHU",375,1,"SGW"
"Bradley (LIV)",14,0,"SUN",375,1,"SGW"
"Bradley (LIV)",15,5,"LEE",375,1,"SGW"
"Bradley (LIV)",16,0,"BHA",375,1,"SGW"
"Bradley (LIV)",17,1,"TOT",375,1,"SGW"
"Bradley (LIV)",18,1,"WOL",375,1,"SGW"
"Bradley (LIV)",19,6,"LEE",375,1,"SGW"
"Bradley (LIV)",20,8,"FUL",375,1,"SGW"
"Bradley (LIV)",21,6,"ARS",375,1,"SGW"
"Bradley (LIV)",22,0,"BUR",375,1,"SGW"
"Bradley (LIV)",23,0,"BOU",375,1,"SGW"
"Branthwaite (EVE)",1,0,"LEE",290,1,"SGW"
"Branthwaite (EVE)",2,0,"BHA",290,1,"SGW"
"Branthwaite (EVE)",3,0,"WOL",290,1,"SGW"
"Branthwaite (EVE)",4,0,"AVL",290,1,"SGW"
"Branthwaite (EVE)",5,0,"LIV",290,1,"SGW"
"Branthwaite (EVE)",6,0,"WHU",290,1,"SGW"
"Branthwaite (EVE)",7,0,"CRY",290,1,"SGW"
"Branthwaite (EVE)",8,0,"MCI",290,1,"SGW"
"Branthwaite (EVE)",9,0,"TOT",290,1,"SGW"
"Branthwaite (EVE)",10,0,"SUN",290,1,"SGW"
"Branthwaite (EVE)",11,0,"FUL",290,1,"SGW"
"Branthwaite (EVE)",12,0,"MUN",290,1,"SGW"
"Branthwaite (EVE)",13,0,"NEW",290,1,"SGW"
"Branthwaite (EVE)",14,0,"BOU",290,1,"SGW"
"Branthwaite (EVE)",15,0,"NFO",290,1,"SGW"
"Branthwaite (EVE)",16,0,"CHE",290,1,"SGW"
"Branthwaite (EVE)",17,0,"ARS",290,1,"SGW"
"Branthwaite (EVE)",18,0,"BUR",290,1,"SGW"
"Branthwaite (EVE)",19,0,"NFO",290,1,"SGW"
"Branthwaite (EVE)",20,0,"BRE",290,1,"SGW"
"Branthwaite (EVE)",21,0,"WOL",290,1,"SGW"
"Branthwaite (EVE)",22,0,"AVL",290,1,"SGW"
"Branthwaite (EVE)",23,1,"LEE",290,1,"SGW"
"Brierley (BUR)",1,NA,NA,784,NA,"BGW"
"Brierley (BUR)",2,NA,NA,784,NA,"BGW"
"Brierley (BUR)",3,NA,NA,784,NA,"BGW"
"Brierley (BUR)",4,NA,NA,784,NA,"BGW"
"Brierley (BUR)",5,NA,NA,784,NA,"BGW"
"Brierley (BUR)",6,NA,NA,784,NA,"BGW"
"Brierley (BUR)",7,NA,NA,784,NA,"BGW"
"Brierley (BUR)",8,NA,NA,784,NA,"BGW"
"Brierley (BUR)",9,NA,NA,784,NA,"BGW"
"Brierley (BUR)",10,NA,NA,784,NA,"BGW"
"Brierley (BUR)",11,NA,NA,784,NA,"BGW"
"Brierley (BUR)",12,NA,NA,784,NA,"BGW"
"Brierley (BUR)",13,NA,NA,784,NA,"BGW"
"Brierley (BUR)",14,NA,NA,784,NA,"BGW"
"Brierley (BUR)",15,NA,NA,784,NA,"BGW"
"Brierley (BUR)",16,NA,NA,784,NA,"BGW"
"Brierley (BUR)",17,NA,NA,784,NA,"BGW"
"Brierley (BUR)",18,NA,NA,784,NA,"BGW"
"Brierley (BUR)",19,NA,NA,784,NA,"BGW"
"Brierley (BUR)",20,0,"BHA",784,1,"SGW"
"Brierley (BUR)",21,0,"MUN",784,1,"SGW"
"Brierley (BUR)",22,0,"LIV",784,1,"SGW"
"Brierley (BUR)",23,0,"TOT",784,1,"SGW"
"Brobbey (SUN)",1,NA,NA,730,NA,"BGW"
"Brobbey (SUN)",2,NA,NA,730,NA,"BGW"
"Brobbey (SUN)",3,NA,NA,730,NA,"BGW"
"Brobbey (SUN)",4,1,"CRY",730,1,"SGW"
"Brobbey (SUN)",5,0,"AVL",730,1,"SGW"
"Brobbey (SUN)",6,1,"NFO",730,1,"SGW"
"Brobbey (SUN)",7,1,"MUN",730,1,"SGW"
"Brobbey (SUN)",8,0,"WOL",730,1,"SGW"
"Brobbey (SUN)",9,4,"CHE",730,1,"SGW"
"Brobbey (SUN)",10,1,"EVE",730,1,"SGW"
"Brobbey (SUN)",11,5,"ARS",730,1,"SGW"
"Brobbey (SUN)",12,1,"FUL",730,1,"SGW"
"Brobbey (SUN)",13,6,"BOU",730,1,"SGW"
"Brobbey (SUN)",14,2,"LIV",730,1,"SGW"
"Brobbey (SUN)",15,1,"MCI",730,1,"SGW"
"Brobbey (SUN)",16,1,"NEW",730,1,"SGW"
"Brobbey (SUN)",17,2,"BHA",730,1,"SGW"
"Brobbey (SUN)",18,2,"LEE",730,1,"SGW"
"Brobbey (SUN)",19,1,"MCI",730,1,"SGW"
"Brobbey (SUN)",20,9,"TOT",730,1,"SGW"
"Brobbey (SUN)",21,2,"BRE",730,1,"SGW"
"Brobbey (SUN)",22,9,"CRY",730,1,"SGW"
"Brobbey (SUN)",23,7,"WHU",730,1,"SGW"
"Broggio (AVL)",1,0,"NEW",60,1,"SGW"
"Broggio (AVL)",2,0,"BRE",60,1,"SGW"
"Broggio (AVL)",3,0,"CRY",60,1,"SGW"
"Broggio (AVL)",4,0,"EVE",60,1,"SGW"
"Broggio (AVL)",5,0,"SUN",60,1,"SGW"
"Broggio (AVL)",6,0,"FUL",60,1,"SGW"
"Broggio (AVL)",7,0,"BUR",60,1,"SGW"
"Broggio (AVL)",8,0,"TOT",60,1,"SGW"
"Broggio (AVL)",9,0,"MCI",60,1,"SGW"
"Broggio (AVL)",10,0,"LIV",60,1,"SGW"
"Broggio (AVL)",11,0,"BOU",60,1,"SGW"
"Broggio (AVL)",12,0,"LEE",60,1,"SGW"
"Broggio (AVL)",13,0,"WOL",60,1,"SGW"
"Broggio (AVL)",14,0,"BHA",60,1,"SGW"
"Broggio (AVL)",15,0,"ARS",60,1,"SGW"
"Broggio (AVL)",16,0,"WHU",60,1,"SGW"
"Broggio (AVL)",17,0,"MUN",60,1,"SGW"
"Broggio (AVL)",18,0,"CHE",60,1,"SGW"
"Broggio (AVL)",19,0,"ARS",60,1,"SGW"
"Broggio (AVL)",20,0,"NFO",60,1,"SGW"
"Broggio (AVL)",21,0,"CRY",60,1,"SGW"
"Broggio (AVL)",22,0,"EVE",60,1,"SGW"
"Broggio (AVL)",23,0,"NEW",60,1,"SGW"
"Broja (BUR)",1,0,"TOT",680,1,"SGW"
"Broja (BUR)",2,0,"SUN",680,1,"SGW"
"Broja (BUR)",3,0,"MUN",680,1,"SGW"
"Broja (BUR)",4,1,"LIV",680,1,"SGW"
"Broja (BUR)",5,0,"NFO",680,1,"SGW"
"Broja (BUR)",6,1,"MCI",680,1,"SGW"
"Broja (BUR)",7,1,"AVL",680,1,"SGW"
"Broja (BUR)",8,0,"LEE",680,1,"SGW"
"Broja (BUR)",9,0,"WOL",680,1,"SGW"
"Broja (BUR)",10,1,"ARS",680,1,"SGW"
"Broja (BUR)",11,1,"WHU",680,1,"SGW"
"Broja (BUR)",12,1,"CHE",680,1,"SGW"
"Broja (BUR)",13,1,"BRE",680,1,"SGW"
"Broja (BUR)",14,1,"CRY",680,1,"SGW"
"Broja (BUR)",15,2,"NEW",680,1,"SGW"
"Broja (BUR)",16,2,"FUL",680,1,"SGW"
"Broja (BUR)",17,7,"BOU",680,1,"SGW"
"Broja (BUR)",18,2,"EVE",680,1,"SGW"
"Broja (BUR)",19,7,"NEW",680,1,"SGW"
"Broja (BUR)",20,2,"BHA",680,1,"SGW"
"Broja (BUR)",21,2,"MUN",680,1,"SGW"
"Broja (BUR)",22,2,"LIV",680,1,"SGW"
"Broja (BUR)",23,2,"TOT",680,1,"SGW"
"Brooks (BOU)",1,4,"LIV",86,1,"SGW"
"Brooks (BOU)",2,3,"WOL",86,1,"SGW"
"Brooks (BOU)",3,4,"TOT",86,1,"SGW"
"Brooks (BOU)",4,1,"BHA",86,1,"SGW"
"Brooks (BOU)",5,3,"NEW",86,1,"SGW"
"Brooks (BOU)",6,1,"LEE",86,1,"SGW"
"Brooks (BOU)",7,2,"FUL",86,1,"SGW"
"Brooks (BOU)",8,0,"CRY",86,1,"SGW"
"Brooks (BOU)",9,0,"NFO",86,1,"SGW"
"Brooks (BOU)",10,2,"MCI",86,1,"SGW"
"Brooks (BOU)",11,1,"AVL",86,1,"SGW"
"Brooks (BOU)",12,1,"WHU",86,1,"SGW"
"Brooks (BOU)",13,0,"SUN",86,1,"SGW"
"Brooks (BOU)",14,0,"EVE",86,1,"SGW"
"Brooks (BOU)",15,1,"CHE",86,1,"SGW"
"Brooks (BOU)",16,1,"MUN",86,1,"SGW"
"Brooks (BOU)",17,2,"BUR",86,1,"SGW"
"Brooks (BOU)",18,1,"BRE",86,1,"SGW"
"Brooks (BOU)",19,10,"CHE",86,1,"SGW"
"Brooks (BOU)",20,2,"ARS",86,1,"SGW"
"Brooks (BOU)",21,4,"TOT",86,1,"SGW"
"Brooks (BOU)",22,0,"BHA",86,1,"SGW"
"Brooks (BOU)",23,0,"LIV",86,1,"SGW"
"Browne (SUN)",1,0,"WHU",555,1,"SGW"
"Browne (SUN)",2,0,"BUR",555,1,"SGW"
"Browne (SUN)",3,0,"BRE",555,1,"SGW"
"Browne (SUN)",4,0,"CRY",555,1,"SGW"
"Browne (SUN)",5,0,"AVL",555,1,"SGW"
"Browne (SUN)",6,0,"NFO",555,1,"SGW"
"Browne (SUN)",7,0,"MUN",555,1,"SGW"
"Browne (SUN)",8,0,"WOL",555,1,"SGW"
"Browne (SUN)",9,0,"CHE",555,1,"SGW"
"Browne (SUN)",10,0,"EVE",555,1,"SGW"
"Browne (SUN)",11,0,"ARS",555,1,"SGW"
"Browne (SUN)",12,0,"FUL",555,1,"SGW"
"Browne (SUN)",13,0,"BOU",555,1,"SGW"
"Browne (SUN)",14,0,"LIV",555,1,"SGW"
"Browne (SUN)",15,0,"MCI",555,1,"SGW"
"Browne (SUN)",16,0,"NEW",555,1,"SGW"
"Browne (SUN)",17,0,"BHA",555,1,"SGW"
"Browne (SUN)",18,0,"LEE",555,1,"SGW"
"Browne (SUN)",19,0,"MCI",555,1,"SGW"
"Browne (SUN)",20,0,"TOT",555,1,"SGW"
"Browne (SUN)",21,0,"BRE",555,1,"SGW"
"Browne (SUN)",22,0,"CRY",555,1,"SGW"
"Browne (SUN)",23,0,"WHU",555,1,"SGW"
"Bruno G. (NEW)",1,3,"AVL",488,1,"SGW"
"Bruno G. (NEW)",2,6,"LIV",488,1,"SGW"
"Bruno G. (NEW)",3,3,"LEE",488,1,"SGW"
"Bruno G. (NEW)",4,2,"WOL",488,1,"SGW"
"Bruno G. (NEW)",5,0,"BOU",488,1,"SGW"
"Bruno G. (NEW)",6,2,"ARS",488,1,"SGW"
"Bruno G. (NEW)",7,14,"NFO",488,1,"SGW"
"Bruno G. (NEW)",8,2,"BHA",488,1,"SGW"
"Bruno G. (NEW)",9,10,"FUL",488,1,"SGW"
"Bruno G. (NEW)",10,4,"WHU",488,1,"SGW"
"Bruno G. (NEW)",11,4,"BRE",488,1,"SGW"
"Bruno G. (NEW)",12,10,"MCI",488,1,"SGW"
"Bruno G. (NEW)",13,4,"EVE",488,1,"SGW"
"Bruno G. (NEW)",14,7,"TOT",488,1,"SGW"
"Bruno G. (NEW)",15,10,"BUR",488,1,"SGW"
"Bruno G. (NEW)",16,1,"SUN",488,1,"SGW"
"Bruno G. (NEW)",17,2,"CHE",488,1,"SGW"
"Bruno G. (NEW)",18,2,"MUN",488,1,"SGW"
"Bruno G. (NEW)",19,10,"BUR",488,1,"SGW"
"Bruno G. (NEW)",20,10,"CRY",488,1,"SGW"
"Bruno G. (NEW)",21,11,"LEE",488,1,"SGW"
"Bruno G. (NEW)",22,3,"WOL",488,1,"SGW"
"Bruno G. (NEW)",23,0,"AVL",488,1,"SGW"
"Bruun Larsen (BUR)",1,1,"TOT",202,1,"SGW"
"Bruun Larsen (BUR)",2,3,"SUN",202,1,"SGW"
"Bruun Larsen (BUR)",3,5,"MUN",202,1,"SGW"
"Bruun Larsen (BUR)",4,0,"LIV",202,1,"SGW"
"Bruun Larsen (BUR)",5,0,"NFO",202,1,"SGW"
"Bruun Larsen (BUR)",6,1,"MCI",202,1,"SGW"
"Bruun Larsen (BUR)",7,1,"AVL",202,1,"SGW"
"Bruun Larsen (BUR)",8,1,"LEE",202,1,"SGW"
"Bruun Larsen (BUR)",9,2,"WOL",202,1,"SGW"
"Bruun Larsen (BUR)",10,1,"ARS",202,1,"SGW"
"Bruun Larsen (BUR)",11,1,"WHU",202,1,"SGW"
"Bruun Larsen (BUR)",12,1,"CHE",202,1,"SGW"
"Bruun Larsen (BUR)",13,1,"BRE",202,1,"SGW"
"Bruun Larsen (BUR)",14,1,"CRY",202,1,"SGW"
"Bruun Larsen (BUR)",15,2,"NEW",202,1,"SGW"
"Bruun Larsen (BUR)",16,2,"FUL",202,1,"SGW"
"Bruun Larsen (BUR)",17,3,"BOU",202,1,"SGW"
"Bruun Larsen (BUR)",18,3,"EVE",202,1,"SGW"
"Bruun Larsen (BUR)",19,1,"NEW",202,1,"SGW"
"Bruun Larsen (BUR)",20,1,"BHA",202,1,"SGW"
"Bruun Larsen (BUR)",21,0,"MUN",202,1,"SGW"
"Bruun Larsen (BUR)",22,0,"LIV",202,1,"SGW"
"Bruun Larsen (BUR)",23,0,"TOT",202,1,"SGW"
"Bryan (TOT)",1,0,"BUR",590,1,"SGW"
"Bryan (TOT)",2,0,"MCI",590,1,"SGW"
"Bryan (TOT)",3,0,"BOU",590,1,"SGW"
"Bryan (TOT)",4,0,"WHU",590,1,"SGW"
"Bryan (TOT)",5,0,"BHA",590,1,"SGW"
"Bryan (TOT)",6,0,"WOL",590,1,"SGW"
"Bryan (TOT)",7,0,"LEE",590,1,"SGW"
"Bryan (TOT)",8,0,"AVL",590,1,"SGW"
"Bryan (TOT)",9,0,"EVE",590,1,"SGW"
"Bryan (TOT)",10,0,"CHE",590,1,"SGW"
"Bryan (TOT)",11,0,"MUN",590,1,"SGW"
"Bryan (TOT)",12,0,"ARS",590,1,"SGW"
"Bryan (TOT)",13,0,"FUL",590,1,"SGW"
"Bryan (TOT)",14,0,"NEW",590,1,"SGW"
"Bryan (TOT)",15,0,"BRE",590,1,"SGW"
"Bryan (TOT)",16,0,"NFO",590,1,"SGW"
"Bryan (TOT)",17,0,"LIV",590,1,"SGW"
"Bryan (TOT)",18,0,"CRY",590,1,"SGW"
"Bryan (TOT)",19,0,"BRE",590,1,"SGW"
"Bryan (TOT)",20,0,"SUN",590,1,"SGW"
"Bryan (TOT)",21,0,"BOU",590,1,"SGW"
"Bryan (TOT)",22,0,"WHU",590,1,"SGW"
"Bryan (TOT)",23,0,"BUR",590,1,"SGW"
"Buendía (AVL)",1,0,"NEW",50,1,"SGW"
"Buendía (AVL)",2,1,"BRE",50,1,"SGW"
"Buendía (AVL)",3,1,"CRY",50,1,"SGW"
"Buendía (AVL)",4,2,"EVE",50,1,"SGW"
"Buendía (AVL)",5,1,"SUN",50,1,"SGW"
"Buendía (AVL)",6,12,"FUL",50,1,"SGW"
"Buendía (AVL)",7,0,"BUR",50,1,"SGW"
"Buendía (AVL)",8,7,"TOT",50,1,"SGW"
"Buendía (AVL)",9,4,"MCI",50,1,"SGW"
"Buendía (AVL)",10,0,"LIV",50,1,"SGW"
"Buendía (AVL)",11,11,"BOU",50,1,"SGW"
"Buendía (AVL)",12,1,"LEE",50,1,"SGW"
"Buendía (AVL)",13,1,"WOL",50,1,"SGW"
"Buendía (AVL)",14,1,"BHA",50,1,"SGW"
"Buendía (AVL)",15,6,"ARS",50,1,"SGW"
"Buendía (AVL)",16,1,"WHU",50,1,"SGW"
"Buendía (AVL)",17,1,"MUN",50,1,"SGW"
"Buendía (AVL)",18,3,"CHE",50,1,"SGW"
"Buendía (AVL)",19,2,"ARS",50,1,"SGW"
"Buendía (AVL)",20,2,"NFO",50,1,"SGW"
"Buendía (AVL)",21,1,"CRY",50,1,"SGW"
"Buendía (AVL)",22,2,"EVE",50,1,"SGW"
"Buendía (AVL)",23,11,"NEW",50,1,"SGW"
"Buonanotte (LEE)",1,0,"FUL",168,1,"SGW"
"Buonanotte (LEE)",2,0,"EVE",168,1,"SGW"
"Buonanotte (LEE)",3,0,"MCI",168,1,"SGW"
"Buonanotte (LEE)",4,1,"BRE",168,1,"SGW"
"Buonanotte (LEE)",5,0,"MUN",168,1,"SGW"
"Buonanotte (LEE)",6,0,"BHA",168,1,"SGW"
"Buonanotte (LEE)",7,0,"LIV",168,1,"SGW"
"Buonanotte (LEE)",8,0,"NFO",168,1,"SGW"
"Buonanotte (LEE)",9,0,"SUN",168,1,"SGW"
"Buonanotte (LEE)",10,0,"TOT",168,1,"SGW"
"Buonanotte (LEE)",11,0,"WOL",168,1,"SGW"
"Buonanotte (LEE)",12,0,"BUR",168,1,"SGW"
"Buonanotte (LEE)",13,0,"ARS",168,1,"SGW"
"Buonanotte (LEE)",14,0,"LEE",168,1,"SGW"
"Buonanotte (LEE)",15,0,"BOU",168,1,"SGW"
"Buonanotte (LEE)",16,0,"EVE",168,1,"SGW"
"Buonanotte (LEE)",17,0,"NEW",168,1,"SGW"
"Buonanotte (LEE)",18,0,"AVL",168,1,"SGW"
"Buonanotte (LEE)",19,0,"BOU",168,1,"SGW"
"Buonanotte (LEE)",20,0,"MCI",168,1,"SGW"
"Buonanotte (LEE)",21,0,"FUL",168,1,"SGW"
"Buonanotte (LEE)",22,0,"FUL",168,1,"SGW"
"Buonanotte (LEE)",23,0,"EVE",168,1,"SGW"
"Burn (NEW)",1,9,"AVL",476,1,"SGW"
"Burn (NEW)",2,2,"LIV",476,1,"SGW"
"Burn (NEW)",3,6,"LEE",476,1,"SGW"
"Burn (NEW)",4,6,"WOL",476,1,"SGW"
"Burn (NEW)",5,9,"BOU",476,1,"SGW"
"Burn (NEW)",6,0,"ARS",476,1,"SGW"
"Burn (NEW)",7,11,"NFO",476,1,"SGW"
"Burn (NEW)",8,2,"BHA",476,1,"SGW"
"Burn (NEW)",9,2,"FUL",476,1,"SGW"
"Burn (NEW)",10,1,"WHU",476,1,"SGW"
"Burn (NEW)",11,0,"BRE",476,1,"SGW"
"Burn (NEW)",12,0,"MCI",476,1,"SGW"
"Burn (NEW)",13,5,"EVE",476,1,"SGW"
"Burn (NEW)",14,6,"TOT",476,1,"SGW"
"Burn (NEW)",15,7,"BUR",476,1,"SGW"
"Burn (NEW)",16,1,"SUN",476,1,"SGW"
"Burn (NEW)",17,0,"CHE",476,1,"SGW"
"Burn (NEW)",18,0,"MUN",476,1,"SGW"
"Burn (NEW)",19,0,"BUR",476,1,"SGW"
"Burn (NEW)",20,0,"CRY",476,1,"SGW"
"Burn (NEW)",21,0,"LEE",476,1,"SGW"
"Burn (NEW)",22,0,"WOL",476,1,"SGW"
"Burn (NEW)",23,0,"AVL",476,1,"SGW"
"Burrowes (AVL)",1,NA,NA,702,NA,"BGW"
"Burrowes (AVL)",2,0,"BRE",702,1,"SGW"
"Burrowes (AVL)",3,1,"CRY",702,1,"SGW"
"Burrowes (AVL)",4,0,"EVE",702,1,"SGW"
"Burrowes (AVL)",5,0,"SUN",702,1,"SGW"
"Burrowes (AVL)",6,0,"FUL",702,1,"SGW"
"Burrowes (AVL)",7,0,"BUR",702,1,"SGW"
"Burrowes (AVL)",8,0,"TOT",702,1,"SGW"
"Burrowes (AVL)",9,0,"MCI",702,1,"SGW"
"Burrowes (AVL)",10,0,"LIV",702,1,"SGW"
"Burrowes (AVL)",11,0,"BOU",702,1,"SGW"
"Burrowes (AVL)",12,0,"LEE",702,1,"SGW"
"Burrowes (AVL)",13,0,"WOL",702,1,"SGW"
"Burrowes (AVL)",14,0,"BHA",702,1,"SGW"
"Burrowes (AVL)",15,0,"ARS",702,1,"SGW"
"Burrowes (AVL)",16,0,"WHU",702,1,"SGW"
"Burrowes (AVL)",17,0,"MUN",702,1,"SGW"
"Burrowes (AVL)",18,0,"CHE",702,1,"SGW"
"Burrowes (AVL)",19,0,"ARS",702,1,"SGW"
"Burrowes (AVL)",20,0,"NFO",702,1,"SGW"
"Burrowes (AVL)",21,0,"CRY",702,1,"SGW"
"Burrowes (AVL)",22,0,"EVE",702,1,"SGW"
"Burrowes (AVL)",23,0,"NEW",702,1,"SGW"
"Byfield (TOT)",1,NA,NA,745,NA,"BGW"
"Byfield (TOT)",2,NA,NA,745,NA,"BGW"
"Byfield (TOT)",3,NA,NA,745,NA,"BGW"
"Byfield (TOT)",4,NA,NA,745,NA,"BGW"
"Byfield (TOT)",5,NA,NA,745,NA,"BGW"
"Byfield (TOT)",6,NA,NA,745,NA,"BGW"
"Byfield (TOT)",7,NA,NA,745,NA,"BGW"
"Byfield (TOT)",8,0,"AVL",745,1,"SGW"
"Byfield (TOT)",9,0,"EVE",745,1,"SGW"
"Byfield (TOT)",10,0,"CHE",745,1,"SGW"
"Byfield (TOT)",11,0,"MUN",745,1,"SGW"
"Byfield (TOT)",12,0,"ARS",745,1,"SGW"
"Byfield (TOT)",13,0,"FUL",745,1,"SGW"
"Byfield (TOT)",14,0,"NEW",745,1,"SGW"
"Byfield (TOT)",15,0,"BRE",745,1,"SGW"
"Byfield (TOT)",16,0,"NFO",745,1,"SGW"
"Byfield (TOT)",17,0,"LIV",745,1,"SGW"
"Byfield (TOT)",18,0,"CRY",745,1,"SGW"
"Byfield (TOT)",19,0,"BRE",745,1,"SGW"
"Byfield (TOT)",20,0,"SUN",745,1,"SGW"
"Byfield (TOT)",21,0,"BOU",745,1,"SGW"
"Byfield (TOT)",22,0,"WHU",745,1,"SGW"
"Byfield (TOT)",23,0,"BUR",745,1,"SGW"
"Byram (LEE)",1,0,"EVE",346,1,"SGW"
"Byram (LEE)",2,1,"ARS",346,1,"SGW"
"Byram (LEE)",3,0,"NEW",346,1,"SGW"
"Byram (LEE)",4,0,"FUL",346,1,"SGW"
"Byram (LEE)",5,0,"WOL",346,1,"SGW"
"Byram (LEE)",6,0,"BOU",346,1,"SGW"
"Byram (LEE)",7,0,"TOT",346,1,"SGW"
"Byram (LEE)",8,0,"BUR",346,1,"SGW"
"Byram (LEE)",9,0,"WHU",346,1,"SGW"
"Byram (LEE)",10,0,"BHA",346,1,"SGW"
"Byram (LEE)",11,0,"NFO",346,1,"SGW"
"Byram (LEE)",12,0,"AVL",346,1,"SGW"
"Byram (LEE)",13,0,"MCI",346,1,"SGW"
"Byram (LEE)",14,0,"CHE",346,1,"SGW"
"Byram (LEE)",15,0,"LIV",346,1,"SGW"
"Byram (LEE)",16,0,"BRE",346,1,"SGW"
"Byram (LEE)",17,0,"CRY",346,1,"SGW"
"Byram (LEE)",18,0,"SUN",346,1,"SGW"
"Byram (LEE)",19,0,"LIV",346,1,"SGW"
"Byram (LEE)",20,0,"MUN",346,1,"SGW"
"Byram (LEE)",21,0,"NEW",346,1,"SGW"
"Byram (LEE)",22,0,"FUL",346,1,"SGW"
"Byram (LEE)",23,0,"EVE",346,1,"SGW"
"C.Jones (LIV)",1,1,"BOU",388,1,"SGW"
"C.Jones (LIV)",2,2,"NEW",388,1,"SGW"
"C.Jones (LIV)",3,4,"ARS",388,1,"SGW"
"C.Jones (LIV)",4,0,"BUR",388,1,"SGW"
"C.Jones (LIV)",5,1,"EVE",388,1,"SGW"
"C.Jones (LIV)",6,1,"CRY",388,1,"SGW"
"C.Jones (LIV)",7,1,"CHE",388,1,"SGW"
"C.Jones (LIV)",8,1,"MUN",388,1,"SGW"
"C.Jones (LIV)",9,2,"BRE",388,1,"SGW"
"C.Jones (LIV)",10,0,"AVL",388,1,"SGW"
"C.Jones (LIV)",11,0,"MCI",388,1,"SGW"
"C.Jones (LIV)",12,2,"NFO",388,1,"SGW"
"C.Jones (LIV)",13,1,"WHU",388,1,"SGW"
"C.Jones (LIV)",14,1,"SUN",388,1,"SGW"
"C.Jones (LIV)",15,2,"LEE",388,1,"SGW"
"C.Jones (LIV)",16,3,"BHA",388,1,"SGW"
"C.Jones (LIV)",17,2,"TOT",388,1,"SGW"
"C.Jones (LIV)",18,5,"WOL",388,1,"SGW"
"C.Jones (LIV)",19,3,"LEE",388,1,"SGW"
"C.Jones (LIV)",20,2,"FUL",388,1,"SGW"
"C.Jones (LIV)",21,0,"ARS",388,1,"SGW"
"C.Jones (LIV)",22,5,"BUR",388,1,"SGW"
"C.Jones (LIV)",23,1,"BOU",388,1,"SGW"
"C.Miguel (NFO)",1,0,"BRE",503,1,"SGW"
"C.Miguel (NFO)",2,0,"CRY",503,1,"SGW"
"C.Miguel (NFO)",3,0,"WHU",503,1,"SGW"
"C.Miguel (NFO)",4,0,"ARS",503,1,"SGW"
"C.Miguel (NFO)",5,0,"BUR",503,1,"SGW"
"C.Miguel (NFO)",6,0,"SUN",503,1,"SGW"
"C.Miguel (NFO)",7,0,"NEW",503,1,"SGW"
"C.Miguel (NFO)",8,0,"CHE",503,1,"SGW"
"C.Miguel (NFO)",9,0,"BOU",503,1,"SGW"
"C.Miguel (NFO)",10,0,"MUN",503,1,"SGW"
"C.Miguel (NFO)",11,0,"LEE",503,1,"SGW"
"C.Miguel (NFO)",12,0,"LIV",503,1,"SGW"
"C.Miguel (NFO)",13,0,"BHA",503,1,"SGW"
"C.Miguel (NFO)",14,0,"WOL",503,1,"SGW"
"C.Miguel (NFO)",15,0,"EVE",503,1,"SGW"
"C.Miguel (NFO)",16,0,"TOT",503,1,"SGW"
"C.Miguel (NFO)",17,0,"FUL",503,1,"SGW"
"C.Miguel (NFO)",18,0,"MCI",503,1,"SGW"
"C.Miguel (NFO)",19,0,"EVE",503,1,"SGW"
"C.Miguel (NFO)",20,0,"AVL",503,1,"SGW"
"C.Miguel (NFO)",21,0,"WHU",503,1,"SGW"
"C.Miguel (NFO)",22,0,"ARS",503,1,"SGW"
"C.Miguel (NFO)",23,0,"BRE",503,1,"SGW"
"Caicedo (CHE)",1,5,"CRY",241,1,"SGW"
"Caicedo (CHE)",2,8,"WHU",241,1,"SGW"
"Caicedo (CHE)",3,4,"FUL",241,1,"SGW"
"Caicedo (CHE)",4,12,"BRE",241,1,"SGW"
"Caicedo (CHE)",5,4,"MUN",241,1,"SGW"
"Caicedo (CHE)",6,2,"BHA",241,1,"SGW"
"Caicedo (CHE)",7,10,"LIV",241,1,"SGW"
"Caicedo (CHE)",8,1,"NFO",241,1,"SGW"
"Caicedo (CHE)",9,2,"SUN",241,1,"SGW"
"Caicedo (CHE)",10,10,"TOT",241,1,"SGW"
"Caicedo (CHE)",11,2,"WOL",241,1,"SGW"
"Caicedo (CHE)",12,0,"BUR",241,1,"SGW"
"Caicedo (CHE)",13,-2,"ARS",241,1,"SGW"
"Caicedo (CHE)",14,0,"LEE",241,1,"SGW"
"Caicedo (CHE)",15,0,"BOU",241,1,"SGW"
"Caicedo (CHE)",16,0,"EVE",241,1,"SGW"
"Caicedo (CHE)",17,3,"NEW",241,1,"SGW"
"Caicedo (CHE)",18,3,"AVL",241,1,"SGW"
"Caicedo (CHE)",19,1,"BOU",241,1,"SGW"
"Caicedo (CHE)",20,0,"MCI",241,1,"SGW"
"Caicedo (CHE)",21,4,"FUL",241,1,"SGW"
"Caicedo (CHE)",22,5,"BRE",241,1,"SGW"
"Caicedo (CHE)",23,2,"CRY",241,1,"SGW"
"Cairney (FUL)",1,0,"BHA",331,1,"SGW"
"Cairney (FUL)",2,0,"MUN",331,1,"SGW"
"Cairney (FUL)",3,0,"CHE",331,1,"SGW"
"Cairney (FUL)",4,1,"LEE",331,1,"SGW"
"Cairney (FUL)",5,1,"BRE",331,1,"SGW"
"Cairney (FUL)",6,0,"AVL",331,1,"SGW"
"Cairney (FUL)",7,2,"BOU",331,1,"SGW"
"Cairney (FUL)",8,2,"ARS",331,1,"SGW"
"Cairney (FUL)",9,1,"NEW",331,1,"SGW"
"Cairney (FUL)",10,1,"WOL",331,1,"SGW"
"Cairney (FUL)",11,0,"EVE",331,1,"SGW"
"Cairney (FUL)",12,0,"SUN",331,1,"SGW"
"Cairney (FUL)",13,0,"TOT",331,1,"SGW"
"Cairney (FUL)",14,0,"MCI",331,1,"SGW"
"Cairney (FUL)",15,1,"CRY",331,1,"SGW"
"Cairney (FUL)",16,0,"BUR",331,1,"SGW"
"Cairney (FUL)",17,1,"NFO",331,1,"SGW"
"Cairney (FUL)",18,1,"WHU",331,1,"SGW"
"Cairney (FUL)",19,6,"CRY",331,1,"SGW"
"Cairney (FUL)",20,2,"LIV",331,1,"SGW"
"Cairney (FUL)",21,2,"CHE",331,1,"SGW"
"Cairney (FUL)",22,1,"LEE",331,1,"SGW"
"Cairney (FUL)",23,1,"BHA",331,1,"SGW"
"Cairns (LEE)",1,0,"EVE",340,1,"SGW"
"Cairns (LEE)",2,0,"ARS",340,1,"SGW"
"Cairns (LEE)",3,0,"NEW",340,1,"SGW"
"Cairns (LEE)",4,0,"FUL",340,1,"SGW"
"Cairns (LEE)",5,0,"WOL",340,1,"SGW"
"Cairns (LEE)",6,0,"BOU",340,1,"SGW"
"Cairns (LEE)",7,0,"TOT",340,1,"SGW"
"Cairns (LEE)",8,0,"BUR",340,1,"SGW"
"Cairns (LEE)",9,0,"WHU",340,1,"SGW"
"Cairns (LEE)",10,0,"BHA",340,1,"SGW"
"Cairns (LEE)",11,0,"NFO",340,1,"SGW"
"Cairns (LEE)",12,0,"AVL",340,1,"SGW"
"Cairns (LEE)",13,0,"MCI",340,1,"SGW"
"Cairns (LEE)",14,0,"CHE",340,1,"SGW"
"Cairns (LEE)",15,0,"LIV",340,1,"SGW"
"Cairns (LEE)",16,0,"BRE",340,1,"SGW"
"Cairns (LEE)",17,0,"CRY",340,1,"SGW"
"Cairns (LEE)",18,0,"SUN",340,1,"SGW"
"Cairns (LEE)",19,0,"LIV",340,1,"SGW"
"Cairns (LEE)",20,0,"MUN",340,1,"SGW"
"Cairns (LEE)",21,0,"NEW",340,1,"SGW"
"Cairns (LEE)",22,0,"FUL",340,1,"SGW"
"Cairns (LEE)",23,0,"EVE",340,1,"SGW"
"Calafiori (ARS)",1,13,"MUN",7,1,"SGW"
"Calafiori (ARS)",2,13,"LEE",7,1,"SGW"
"Calafiori (ARS)",3,2,"LIV",7,1,"SGW"
"Calafiori (ARS)",4,5,"NFO",7,1,"SGW"
"Calafiori (ARS)",5,2,"MCI",7,1,"SGW"
"Calafiori (ARS)",6,1,"NEW",7,1,"SGW"
"Calafiori (ARS)",7,6,"WHU",7,1,"SGW"
"Calafiori (ARS)",8,6,"FUL",7,1,"SGW"
"Calafiori (ARS)",9,6,"CRY",7,1,"SGW"
"Calafiori (ARS)",10,6,"BUR",7,1,"SGW"
"Calafiori (ARS)",11,1,"SUN",7,1,"SGW"
"Calafiori (ARS)",12,2,"TOT",7,1,"SGW"
"Calafiori (ARS)",13,0,"CHE",7,1,"SGW"
"Calafiori (ARS)",14,7,"BRE",7,1,"SGW"
"Calafiori (ARS)",15,1,"AVL",7,1,"SGW"
"Calafiori (ARS)",16,0,"WOL",7,1,"SGW"
"Calafiori (ARS)",17,6,"EVE",7,1,"SGW"
"Calafiori (ARS)",18,0,"BHA",7,1,"SGW"
"Calafiori (ARS)",19,0,"AVL",7,1,"SGW"
"Calafiori (ARS)",20,0,"BOU",7,1,"SGW"
"Calafiori (ARS)",21,0,"LIV",7,1,"SGW"
"Calafiori (ARS)",22,0,"NFO",7,1,"SGW"
"Calafiori (ARS)",23,0,"MUN",7,1,"SGW"
"Calvert-Lewin (LEE)",1,NA,NA,691,NA,"BGW"
"Calvert-Lewin (LEE)",2,0,"ARS",691,1,"SGW"
"Calvert-Lewin (LEE)",3,1,"NEW",691,1,"SGW"
"Calvert-Lewin (LEE)",4,2,"FUL",691,1,"SGW"
"Calvert-Lewin (LEE)",5,11,"WOL",691,1,"SGW"
"Calvert-Lewin (LEE)",6,2,"BOU",691,1,"SGW"
"Calvert-Lewin (LEE)",7,2,"TOT",691,1,"SGW"
"Calvert-Lewin (LEE)",8,2,"BUR",691,1,"SGW"
"Calvert-Lewin (LEE)",9,2,"WHU",691,1,"SGW"
"Calvert-Lewin (LEE)",10,2,"BHA",691,1,"SGW"
"Calvert-Lewin (LEE)",11,1,"NFO",691,1,"SGW"
"Calvert-Lewin (LEE)",12,1,"AVL",691,1,"SGW"
"Calvert-Lewin (LEE)",13,7,"MCI",691,1,"SGW"
"Calvert-Lewin (LEE)",14,9,"CHE",691,1,"SGW"
"Calvert-Lewin (LEE)",15,6,"LIV",691,1,"SGW"
"Calvert-Lewin (LEE)",16,9,"BRE",691,1,"SGW"
"Calvert-Lewin (LEE)",17,13,"CRY",691,1,"SGW"
"Calvert-Lewin (LEE)",18,8,"SUN",691,1,"SGW"
"Calvert-Lewin (LEE)",19,1,"LIV",691,1,"SGW"
"Calvert-Lewin (LEE)",20,2,"MUN",691,1,"SGW"
"Calvert-Lewin (LEE)",21,8,"NEW",691,1,"SGW"
"Calvert-Lewin (LEE)",22,2,"FUL",691,1,"SGW"
"Calvert-Lewin (LEE)",23,2,"EVE",691,1,"SGW"
"Campbell (EVE)",1,NA,NA,705,NA,"BGW"
"Campbell (EVE)",2,0,"BHA",705,1,"SGW"
"Campbell (EVE)",3,0,"WOL",705,1,"SGW"
"Campbell (EVE)",4,0,"AVL",705,1,"SGW"
"Campbell (EVE)",5,0,"LIV",705,1,"SGW"
"Campbell (EVE)",6,0,"WHU",705,1,"SGW"
"Campbell (EVE)",7,0,"CRY",705,1,"SGW"
"Campbell (EVE)",8,0,"MCI",705,1,"SGW"
"Campbell (EVE)",9,0,"TOT",705,1,"SGW"
"Campbell (EVE)",10,0,"SUN",705,1,"SGW"
"Campbell (EVE)",11,0,"FUL",705,1,"SGW"
"Campbell (EVE)",12,0,"MUN",705,1,"SGW"
"Campbell (EVE)",13,0,"NEW",705,1,"SGW"
"Campbell (EVE)",14,0,"BOU",705,1,"SGW"
"Campbell (EVE)",15,0,"NFO",705,1,"SGW"
"Campbell (EVE)",16,0,"CHE",705,1,"SGW"
"Campbell (EVE)",17,0,"ARS",705,1,"SGW"
"Campbell (EVE)",18,0,"BUR",705,1,"SGW"
"Campbell (EVE)",19,0,"NFO",705,1,"SGW"
"Campbell (EVE)",20,0,"BRE",705,1,"SGW"
"Campbell (EVE)",21,0,"WOL",705,1,"SGW"
"Campbell (EVE)",22,0,"AVL",705,1,"SGW"
"Campbell (EVE)",23,0,"LEE",705,1,"SGW"
"Canvot (CRY)",1,NA,NA,723,NA,"BGW"
"Canvot (CRY)",2,NA,NA,723,NA,"BGW"
"Canvot (CRY)",3,NA,NA,723,NA,"BGW"
"Canvot (CRY)",4,0,"SUN",723,1,"SGW"
"Canvot (CRY)",5,0,"WHU",723,1,"SGW"
"Canvot (CRY)",6,0,"LIV",723,1,"SGW"
"Canvot (CRY)",7,0,"EVE",723,1,"SGW"
"Canvot (CRY)",8,0,"BOU",723,1,"SGW"
"Canvot (CRY)",9,0,"ARS",723,1,"SGW"
"Canvot (CRY)",10,1,"BRE",723,1,"SGW"
"Canvot (CRY)",11,10,"BHA",723,1,"SGW"
"Canvot (CRY)",12,1,"WOL",723,1,"SGW"
"Canvot (CRY)",13,0,"MUN",723,1,"SGW"
"Canvot (CRY)",14,1,"BUR",723,1,"SGW"
"Canvot (CRY)",15,1,"FUL",723,1,"SGW"
"Canvot (CRY)",16,0,"MCI",723,1,"SGW"
"Canvot (CRY)",17,0,"LEE",723,1,"SGW"
"Canvot (CRY)",18,0,"TOT",723,1,"SGW"
"Canvot (CRY)",19,1,"FUL",723,1,"SGW"
"Canvot (CRY)",20,2,"NEW",723,1,"SGW"
"Canvot (CRY)",21,10,"AVL",723,1,"SGW"
"Canvot (CRY)",22,0,"SUN",723,1,"SGW"
"Canvot (CRY)",23,0,"CHE",723,1,"SGW"
"Cardines (CRY)",1,0,"CHE",690,1,"SGW"
"Cardines (CRY)",2,0,"NFO",690,1,"SGW"
"Cardines (CRY)",3,0,"AVL",690,1,"SGW"
"Cardines (CRY)",4,0,"SUN",690,1,"SGW"
"Cardines (CRY)",5,0,"WHU",690,1,"SGW"
"Cardines (CRY)",6,0,"LIV",690,1,"SGW"
"Cardines (CRY)",7,0,"EVE",690,1,"SGW"
"Cardines (CRY)",8,0,"BOU",690,1,"SGW"
"Cardines (CRY)",9,0,"ARS",690,1,"SGW"
"Cardines (CRY)",10,0,"BRE",690,1,"SGW"
"Cardines (CRY)",11,0,"BHA",690,1,"SGW"
"Cardines (CRY)",12,0,"WOL",690,1,"SGW"
"Cardines (CRY)",13,0,"MUN",690,1,"SGW"
"Cardines (CRY)",14,0,"BUR",690,1,"SGW"
"Cardines (CRY)",15,0,"FUL",690,1,"SGW"
"Cardines (CRY)",16,0,"MCI",690,1,"SGW"
"Cardines (CRY)",17,0,"LEE",690,1,"SGW"
"Cardines (CRY)",18,0,"TOT",690,1,"SGW"
"Cardines (CRY)",19,0,"FUL",690,1,"SGW"
"Cardines (CRY)",20,0,"NEW",690,1,"SGW"
"Cardines (CRY)",21,0,"AVL",690,1,"SGW"
"Cardines (CRY)",22,0,"SUN",690,1,"SGW"
"Cardines (CRY)",23,0,"CHE",690,1,"SGW"
"Carroll (AVL)",1,NA,NA,781,NA,"BGW"
"Carroll (AVL)",2,NA,NA,781,NA,"BGW"
"Carroll (AVL)",3,NA,NA,781,NA,"BGW"
"Carroll (AVL)",4,NA,NA,781,NA,"BGW"
"Carroll (AVL)",5,NA,NA,781,NA,"BGW"
"Carroll (AVL)",6,NA,NA,781,NA,"BGW"
"Carroll (AVL)",7,NA,NA,781,NA,"BGW"
"Carroll (AVL)",8,NA,NA,781,NA,"BGW"
"Carroll (AVL)",9,NA,NA,781,NA,"BGW"
"Carroll (AVL)",10,NA,NA,781,NA,"BGW"
"Carroll (AVL)",11,NA,NA,781,NA,"BGW"
"Carroll (AVL)",12,NA,NA,781,NA,"BGW"
"Carroll (AVL)",13,NA,NA,781,NA,"BGW"
"Carroll (AVL)",14,NA,NA,781,NA,"BGW"
"Carroll (AVL)",15,NA,NA,781,NA,"BGW"
"Carroll (AVL)",16,NA,NA,781,NA,"BGW"
"Carroll (AVL)",17,NA,NA,781,NA,"BGW"
"Carroll (AVL)",18,NA,NA,781,NA,"BGW"
"Carroll (AVL)",19,NA,NA,781,NA,"BGW"
"Carroll (AVL)",20,0,"NFO",781,1,"SGW"
"Carroll (AVL)",21,0,"CRY",781,1,"SGW"
"Carroll (AVL)",22,0,"EVE",781,1,"SGW"
"Carroll (AVL)",23,0,"NEW",781,1,"SGW"
"Carvalho (BRE)",1,2,"NFO",123,1,"SGW"
"Carvalho (BRE)",2,0,"AVL",123,1,"SGW"
"Carvalho (BRE)",3,1,"SUN",123,1,"SGW"
"Carvalho (BRE)",4,7,"CHE",123,1,"SGW"
"Carvalho (BRE)",5,1,"FUL",123,1,"SGW"
"Carvalho (BRE)",6,0,"MUN",123,1,"SGW"
"Carvalho (BRE)",7,1,"MCI",123,1,"SGW"
"Carvalho (BRE)",8,0,"WHU",123,1,"SGW"
"Carvalho (BRE)",9,0,"LIV",123,1,"SGW"
"Carvalho (BRE)",10,1,"CRY",123,1,"SGW"
"Carvalho (BRE)",11,0,"NEW",123,1,"SGW"
"Carvalho (BRE)",12,0,"BHA",123,1,"SGW"
"Carvalho (BRE)",13,0,"BUR",123,1,"SGW"
"Carvalho (BRE)",14,0,"ARS",123,1,"SGW"
"Carvalho (BRE)",15,0,"TOT",123,1,"SGW"
"Carvalho (BRE)",16,0,"LEE",123,1,"SGW"
"Carvalho (BRE)",17,0,"WOL",123,1,"SGW"
"Carvalho (BRE)",18,0,"BOU",123,1,"SGW"
"Carvalho (BRE)",19,0,"TOT",123,1,"SGW"
"Carvalho (BRE)",20,0,"EVE",123,1,"SGW"
"Carvalho (BRE)",21,0,"SUN",123,1,"SGW"
"Carvalho (BRE)",22,0,"CHE",123,1,"SGW"
"Carvalho (BRE)",23,0,"NFO",123,1,"SGW"
"Casemiro (MUN)",1,2,"ARS",457,1,"SGW"
"Casemiro (MUN)",2,0,"FUL",457,1,"SGW"
"Casemiro (MUN)",3,5,"BUR",457,1,"SGW"
"Casemiro (MUN)",4,1,"MCI",457,1,"SGW"
"Casemiro (MUN)",5,3,"CHE",457,1,"SGW"
"Casemiro (MUN)",6,0,"BRE",457,1,"SGW"
"Casemiro (MUN)",7,4,"SUN",457,1,"SGW"
"Casemiro (MUN)",8,0,"LIV",457,1,"SGW"
"Casemiro (MUN)",9,15,"BHA",457,1,"SGW"
"Casemiro (MUN)",10,12,"NFO",457,1,"SGW"
"Casemiro (MUN)",11,5,"TOT",457,1,"SGW"
"Casemiro (MUN)",12,0,"EVE",457,1,"SGW"
"Casemiro (MUN)",13,4,"CRY",457,1,"SGW"
"Casemiro (MUN)",14,8,"WHU",457,1,"SGW"
"Casemiro (MUN)",15,2,"WOL",457,1,"SGW"
"Casemiro (MUN)",16,6,"BOU",457,1,"SGW"
"Casemiro (MUN)",17,0,"AVL",457,1,"SGW"
"Casemiro (MUN)",18,3,"NEW",457,1,"SGW"
"Casemiro (MUN)",19,6,"WOL",457,1,"SGW"
"Casemiro (MUN)",20,7,"LEE",457,1,"SGW"
"Casemiro (MUN)",21,4,"BUR",457,1,"SGW"
"Casemiro (MUN)",22,3,"MCI",457,1,"SGW"
"Casemiro (MUN)",23,2,"ARS",457,1,"SGW"
"Casey (CRY)",1,NA,NA,780,NA,"BGW"
"Casey (CRY)",2,NA,NA,780,NA,"BGW"
"Casey (CRY)",3,NA,NA,780,NA,"BGW"
"Casey (CRY)",4,NA,NA,780,NA,"BGW"
"Casey (CRY)",5,NA,NA,780,NA,"BGW"
"Casey (CRY)",6,NA,NA,780,NA,"BGW"
"Casey (CRY)",7,NA,NA,780,NA,"BGW"
"Casey (CRY)",8,NA,NA,780,NA,"BGW"
"Casey (CRY)",9,NA,NA,780,NA,"BGW"
"Casey (CRY)",10,NA,NA,780,NA,"BGW"
"Casey (CRY)",11,NA,NA,780,NA,"BGW"
"Casey (CRY)",12,NA,NA,780,NA,"BGW"
"Casey (CRY)",13,NA,NA,780,NA,"BGW"
"Casey (CRY)",14,NA,NA,780,NA,"BGW"
"Casey (CRY)",15,NA,NA,780,NA,"BGW"
"Casey (CRY)",16,NA,NA,780,NA,"BGW"
"Casey (CRY)",17,NA,NA,780,NA,"BGW"
"Casey (CRY)",18,NA,NA,780,NA,"BGW"
"Casey (CRY)",19,0,"FUL",780,1,"SGW"
"Casey (CRY)",20,0,"NEW",780,1,"SGW"
"Casey (CRY)",21,0,"AVL",780,1,"SGW"
"Casey (CRY)",22,0,"SUN",780,1,"SGW"
"Casey (CRY)",23,0,"CHE",780,1,"SGW"
"Casey (WHU)",1,0,"SUN",611,1,"SGW"
"Casey (WHU)",2,0,"CHE",611,1,"SGW"
"Casey (WHU)",3,0,"NFO",611,1,"SGW"
"Casey (WHU)",4,0,"TOT",611,1,"SGW"
"Casey (WHU)",5,0,"CRY",611,1,"SGW"
"Casey (WHU)",6,0,"EVE",611,1,"SGW"
"Casey (WHU)",7,0,"ARS",611,1,"SGW"
"Casey (WHU)",8,0,"BRE",611,1,"SGW"
"Casey (WHU)",9,0,"LEE",611,1,"SGW"
"Casey (WHU)",10,0,"NEW",611,1,"SGW"
"Casey (WHU)",11,0,"BUR",611,1,"SGW"
"Casey (WHU)",12,0,"BOU",611,1,"SGW"
"Casey (WHU)",13,0,"LIV",611,1,"SGW"
"Casey (WHU)",14,0,"MUN",611,1,"SGW"
"Casey (WHU)",15,0,"BHA",611,1,"SGW"
"Casey (WHU)",16,0,"AVL",611,1,"SGW"
"Casey (WHU)",17,0,"MCI",611,1,"SGW"
"Casey (WHU)",18,0,"FUL",611,1,"SGW"
"Casey (WHU)",19,0,"BHA",611,1,"SGW"
"Casey (WHU)",20,0,"WOL",611,1,"SGW"
"Casey (WHU)",21,0,"NFO",611,1,"SGW"
"Casey (WHU)",22,0,"TOT",611,1,"SGW"
"Casey (WHU)",23,0,"SUN",611,1,"SGW"
"Cash (AVL)",1,8,"NEW",36,1,"SGW"
"Cash (AVL)",2,2,"BRE",36,1,"SGW"
"Cash (AVL)",3,0,"CRY",36,1,"SGW"
"Cash (AVL)",4,5,"EVE",36,1,"SGW"
"Cash (AVL)",5,10,"SUN",36,1,"SGW"
"Cash (AVL)",6,2,"FUL",36,1,"SGW"
"Cash (AVL)",7,2,"BUR",36,1,"SGW"
"Cash (AVL)",8,2,"TOT",36,1,"SGW"
"Cash (AVL)",9,15,"MCI",36,1,"SGW"
"Cash (AVL)",10,0,"LIV",36,1,"SGW"
"Cash (AVL)",11,6,"BOU",36,1,"SGW"
"Cash (AVL)",12,2,"LEE",36,1,"SGW"
"Cash (AVL)",13,6,"WOL",36,1,"SGW"
"Cash (AVL)",14,4,"BHA",36,1,"SGW"
"Cash (AVL)",15,9,"ARS",36,1,"SGW"
"Cash (AVL)",16,0,"WHU",36,1,"SGW"
"Cash (AVL)",17,2,"MUN",36,1,"SGW"
"Cash (AVL)",18,1,"CHE",36,1,"SGW"
"Cash (AVL)",19,0,"ARS",36,1,"SGW"
"Cash (AVL)",20,5,"NFO",36,1,"SGW"
"Cash (AVL)",21,6,"CRY",36,1,"SGW"
"Cash (AVL)",22,2,"EVE",36,1,"SGW"
"Cash (AVL)",23,6,"NEW",36,1,"SGW"
"Cashin (BHA)",1,0,"FUL",154,1,"SGW"
"Cashin (BHA)",2,0,"EVE",154,1,"SGW"
"Cashin (BHA)",3,0,"MCI",154,1,"SGW"
"Cashin (BHA)",4,0,"BOU",154,1,"SGW"
"Cashin (BHA)",5,0,"TOT",154,1,"SGW"
"Cashin (BHA)",6,0,"CHE",154,1,"SGW"
"Cashin (BHA)",7,0,"WOL",154,1,"SGW"
"Cashin (BHA)",8,0,"NEW",154,1,"SGW"
"Cashin (BHA)",9,0,"MUN",154,1,"SGW"
"Cashin (BHA)",10,0,"LEE",154,1,"SGW"
"Cashin (BHA)",11,0,"CRY",154,1,"SGW"
"Cashin (BHA)",12,0,"BRE",154,1,"SGW"
"Cashin (BHA)",13,0,"NFO",154,1,"SGW"
"Cashin (BHA)",14,0,"AVL",154,1,"SGW"
"Cashin (BHA)",15,0,"WHU",154,1,"SGW"
"Cashin (BHA)",16,0,"LIV",154,1,"SGW"
"Cashin (BHA)",17,0,"SUN",154,1,"SGW"
"Cashin (BHA)",18,0,"ARS",154,1,"SGW"
"Cashin (BHA)",19,0,"WHU",154,1,"SGW"
"Cashin (BHA)",20,0,"BUR",154,1,"SGW"
"Cashin (BHA)",21,0,"MCI",154,1,"SGW"
"Cashin (BHA)",22,0,"BOU",154,1,"SGW"
"Cashin (BHA)",23,0,"FUL",154,1,"SGW"
"Castagne (FUL)",1,1,"BHA",319,1,"SGW"
"Castagne (FUL)",2,2,"MUN",319,1,"SGW"
"Castagne (FUL)",3,0,"CHE",319,1,"SGW"
"Castagne (FUL)",4,0,"LEE",319,1,"SGW"
"Castagne (FUL)",5,0,"BRE",319,1,"SGW"
"Castagne (FUL)",6,3,"AVL",319,1,"SGW"
"Castagne (FUL)",7,1,"BOU",319,1,"SGW"
"Castagne (FUL)",8,2,"ARS",319,1,"SGW"
"Castagne (FUL)",9,1,"NEW",319,1,"SGW"
"Castagne (FUL)",10,0,"WOL",319,1,"SGW"
"Castagne (FUL)",11,0,"EVE",319,1,"SGW"
"Castagne (FUL)",12,1,"SUN",319,1,"SGW"
"Castagne (FUL)",13,1,"TOT",319,1,"SGW"
"Castagne (FUL)",14,3,"MCI",319,1,"SGW"
"Castagne (FUL)",15,1,"CRY",319,1,"SGW"
"Castagne (FUL)",16,1,"BUR",319,1,"SGW"
"Castagne (FUL)",17,0,"NFO",319,1,"SGW"
"Castagne (FUL)",18,1,"WHU",319,1,"SGW"
"Castagne (FUL)",19,0,"CRY",319,1,"SGW"
"Castagne (FUL)",20,1,"LIV",319,1,"SGW"
"Castagne (FUL)",21,1,"CHE",319,1,"SGW"
"Castagne (FUL)",22,1,"LEE",319,1,"SGW"
"Castagne (FUL)",23,4,"BHA",319,1,"SGW"
"Chadi Riad (CRY)",1,0,"CHE",262,1,"SGW"
"Chadi Riad (CRY)",2,0,"NFO",262,1,"SGW"
"Chadi Riad (CRY)",3,0,"AVL",262,1,"SGW"
"Chadi Riad (CRY)",4,0,"SUN",262,1,"SGW"
"Chadi Riad (CRY)",5,0,"WHU",262,1,"SGW"
"Chadi Riad (CRY)",6,0,"LIV",262,1,"SGW"
"Chadi Riad (CRY)",7,0,"EVE",262,1,"SGW"
"Chadi Riad (CRY)",8,0,"BOU",262,1,"SGW"
"Chadi Riad (CRY)",9,0,"ARS",262,1,"SGW"
"Chadi Riad (CRY)",10,0,"BRE",262,1,"SGW"
"Chadi Riad (CRY)",11,0,"BHA",262,1,"SGW"
"Chadi Riad (CRY)",12,0,"WOL",262,1,"SGW"
"Chadi Riad (CRY)",13,0,"MUN",262,1,"SGW"
"Chadi Riad (CRY)",14,0,"BUR",262,1,"SGW"
"Chadi Riad (CRY)",15,0,"FUL",262,1,"SGW"
"Chadi Riad (CRY)",16,0,"MCI",262,1,"SGW"
"Chadi Riad (CRY)",17,0,"LEE",262,1,"SGW"
"Chadi Riad (CRY)",18,0,"TOT",262,1,"SGW"
"Chadi Riad (CRY)",19,0,"FUL",262,1,"SGW"
"Chadi Riad (CRY)",20,0,"NEW",262,1,"SGW"
"Chadi Riad (CRY)",21,0,"AVL",262,1,"SGW"
"Chadi Riad (CRY)",22,0,"SUN",262,1,"SGW"
"Chadi Riad (CRY)",23,4,"CHE",262,1,"SGW"
"Chalobah (CHE)",1,6,"CRY",226,1,"SGW"
"Chalobah (CHE)",2,8,"WHU",226,1,"SGW"
"Chalobah (CHE)",3,13,"FUL",226,1,"SGW"
"Chalobah (CHE)",4,3,"BRE",226,1,"SGW"
"Chalobah (CHE)",5,8,"MUN",226,1,"SGW"
"Chalobah (CHE)",6,-3,"BHA",226,1,"SGW"
"Chalobah (CHE)",7,0,"LIV",226,1,"SGW"
"Chalobah (CHE)",8,6,"NFO",226,1,"SGW"
"Chalobah (CHE)",9,1,"SUN",226,1,"SGW"
"Chalobah (CHE)",10,7,"TOT",226,1,"SGW"
"Chalobah (CHE)",11,6,"WOL",226,1,"SGW"
"Chalobah (CHE)",12,6,"BUR",226,1,"SGW"
"Chalobah (CHE)",13,9,"ARS",226,1,"SGW"
"Chalobah (CHE)",14,1,"LEE",226,1,"SGW"
"Chalobah (CHE)",15,11,"BOU",226,1,"SGW"
"Chalobah (CHE)",16,9,"EVE",226,1,"SGW"
"Chalobah (CHE)",17,3,"NEW",226,1,"SGW"
"Chalobah (CHE)",18,0,"AVL",226,1,"SGW"
"Chalobah (CHE)",19,1,"BOU",226,1,"SGW"
"Chalobah (CHE)",20,4,"MCI",226,1,"SGW"
"Chalobah (CHE)",21,3,"FUL",226,1,"SGW"
"Chalobah (CHE)",22,8,"BRE",226,1,"SGW"
"Chalobah (CHE)",23,4,"CRY",226,1,"SGW"
"Chambers (LEE)",1,NA,NA,787,NA,"BGW"
"Chambers (LEE)",2,NA,NA,787,NA,"BGW"
"Chambers (LEE)",3,NA,NA,787,NA,"BGW"
"Chambers (LEE)",4,NA,NA,787,NA,"BGW"
"Chambers (LEE)",5,NA,NA,787,NA,"BGW"
"Chambers (LEE)",6,NA,NA,787,NA,"BGW"
"Chambers (LEE)",7,NA,NA,787,NA,"BGW"
"Chambers (LEE)",8,NA,NA,787,NA,"BGW"
"Chambers (LEE)",9,NA,NA,787,NA,"BGW"
"Chambers (LEE)",10,NA,NA,787,NA,"BGW"
"Chambers (LEE)",11,NA,NA,787,NA,"BGW"
"Chambers (LEE)",12,NA,NA,787,NA,"BGW"
"Chambers (LEE)",13,NA,NA,787,NA,"BGW"
"Chambers (LEE)",14,NA,NA,787,NA,"BGW"
"Chambers (LEE)",15,NA,NA,787,NA,"BGW"
"Chambers (LEE)",16,NA,NA,787,NA,"BGW"
"Chambers (LEE)",17,NA,NA,787,NA,"BGW"
"Chambers (LEE)",18,NA,NA,787,NA,"BGW"
"Chambers (LEE)",19,NA,NA,787,NA,"BGW"
"Chambers (LEE)",20,0,"MUN",787,1,"SGW"
"Chambers (LEE)",21,0,"NEW",787,1,"SGW"
"Chambers (LEE)",22,0,"FUL",787,1,"SGW"
"Chambers (LEE)",23,0,"EVE",787,1,"SGW"
"Cherki (MCI)",1,6,"WOL",417,1,"SGW"
"Cherki (MCI)",2,1,"TOT",417,1,"SGW"
"Cherki (MCI)",3,0,"BHA",417,1,"SGW"
"Cherki (MCI)",4,0,"MUN",417,1,"SGW"
"Cherki (MCI)",5,0,"ARS",417,1,"SGW"
"Cherki (MCI)",6,0,"BUR",417,1,"SGW"
"Cherki (MCI)",7,0,"BRE",417,1,"SGW"
"Cherki (MCI)",8,1,"EVE",417,1,"SGW"
"Cherki (MCI)",9,1,"AVL",417,1,"SGW"
"Cherki (MCI)",10,10,"BOU",417,1,"SGW"
"Cherki (MCI)",11,1,"LIV",417,1,"SGW"
"Cherki (MCI)",12,7,"NEW",417,1,"SGW"
"Cherki (MCI)",13,4,"LEE",417,1,"SGW"
"Cherki (MCI)",14,0,"FUL",417,1,"SGW"
"Cherki (MCI)",15,12,"SUN",417,1,"SGW"
"Cherki (MCI)",16,6,"CRY",417,1,"SGW"
"Cherki (MCI)",17,4,"WHU",417,1,"SGW"
"Cherki (MCI)",18,13,"NFO",417,1,"SGW"
"Cherki (MCI)",19,5,"SUN",417,1,"SGW"
"Cherki (MCI)",20,4,"CHE",417,1,"SGW"
"Cherki (MCI)",21,1,"BHA",417,1,"SGW"
"Cherki (MCI)",22,1,"MUN",417,1,"SGW"
"Cherki (MCI)",23,3,"WOL",417,1,"SGW"
"Chiesa (LIV)",1,6,"BOU",385,1,"SGW"
"Chiesa (LIV)",2,1,"NEW",385,1,"SGW"
"Chiesa (LIV)",3,1,"ARS",385,1,"SGW"
"Chiesa (LIV)",4,1,"BUR",385,1,"SGW"
"Chiesa (LIV)",5,0,"EVE",385,1,"SGW"
"Chiesa (LIV)",6,5,"CRY",385,1,"SGW"
"Chiesa (LIV)",7,0,"CHE",385,1,"SGW"
"Chiesa (LIV)",8,4,"MUN",385,1,"SGW"
"Chiesa (LIV)",9,1,"BRE",385,1,"SGW"
"Chiesa (LIV)",10,0,"AVL",385,1,"SGW"
"Chiesa (LIV)",11,1,"MCI",385,1,"SGW"
"Chiesa (LIV)",12,0,"NFO",385,1,"SGW"
"Chiesa (LIV)",13,0,"WHU",385,1,"SGW"
"Chiesa (LIV)",14,1,"SUN",385,1,"SGW"
"Chiesa (LIV)",15,0,"LEE",385,1,"SGW"
"Chiesa (LIV)",16,1,"BHA",385,1,"SGW"
"Chiesa (LIV)",17,1,"TOT",385,1,"SGW"
"Chiesa (LIV)",18,2,"WOL",385,1,"SGW"
"Chiesa (LIV)",19,1,"LEE",385,1,"SGW"
"Chiesa (LIV)",20,1,"FUL",385,1,"SGW"
"Chiesa (LIV)",21,0,"ARS",385,1,"SGW"
"Chiesa (LIV)",22,1,"BUR",385,1,"SGW"
"Chiesa (LIV)",23,0,"BOU",385,1,"SGW"
"Chirewa (WOL)",1,0,"MCI",650,1,"SGW"
"Chirewa (WOL)",2,0,"BOU",650,1,"SGW"
"Chirewa (WOL)",3,0,"EVE",650,1,"SGW"
"Chirewa (WOL)",4,0,"NEW",650,1,"SGW"
"Chirewa (WOL)",5,0,"LEE",650,1,"SGW"
"Chirewa (WOL)",6,0,"TOT",650,1,"SGW"
"Chirewa (WOL)",7,0,"BHA",650,1,"SGW"
"Chirewa (WOL)",8,0,"SUN",650,1,"SGW"
"Chirewa (WOL)",9,0,"BUR",650,1,"SGW"
"Chirewa (WOL)",10,0,"FUL",650,1,"SGW"
"Chirewa (WOL)",11,0,"CHE",650,1,"SGW"
"Chirewa (WOL)",12,0,"CRY",650,1,"SGW"
"Chirewa (WOL)",13,1,"AVL",650,1,"SGW"
"Chirewa (WOL)",14,0,"NFO",650,1,"SGW"
"Chirewa (WOL)",15,0,"MUN",650,1,"SGW"
"Chirewa (WOL)",16,0,"ARS",650,1,"SGW"
"Chirewa (WOL)",17,0,"BRE",650,1,"SGW"
"Chirewa (WOL)",18,0,"LIV",650,1,"SGW"
"Chirewa (WOL)",19,0,"MUN",650,1,"SGW"
"Chirewa (WOL)",20,1,"WHU",650,1,"SGW"
"Chirewa (WOL)",21,0,"EVE",650,1,"SGW"
"Chirewa (WOL)",22,0,"NEW",650,1,"SGW"
"Chirewa (WOL)",23,0,"MCI",650,1,"SGW"
"Chiwome (WOL)",1,0,"MCI",657,1,"SGW"
"Chiwome (WOL)",2,0,"BOU",657,1,"SGW"
"Chiwome (WOL)",3,0,"EVE",657,1,"SGW"
"Chiwome (WOL)",4,0,"NEW",657,1,"SGW"
"Chiwome (WOL)",5,0,"LEE",657,1,"SGW"
"Chiwome (WOL)",6,0,"TOT",657,1,"SGW"
"Chiwome (WOL)",7,0,"BHA",657,1,"SGW"
"Chiwome (WOL)",8,0,"SUN",657,1,"SGW"
"Chiwome (WOL)",9,0,"BUR",657,1,"SGW"
"Chiwome (WOL)",10,0,"FUL",657,1,"SGW"
"Chiwome (WOL)",11,0,"CHE",657,1,"SGW"
"Chiwome (WOL)",12,0,"CRY",657,1,"SGW"
"Chiwome (WOL)",13,0,"AVL",657,1,"SGW"
"Chiwome (WOL)",14,0,"NFO",657,1,"SGW"
"Chiwome (WOL)",15,0,"MUN",657,1,"SGW"
"Chiwome (WOL)",16,0,"ARS",657,1,"SGW"
"Chiwome (WOL)",17,0,"BRE",657,1,"SGW"
"Chiwome (WOL)",18,0,"LIV",657,1,"SGW"
"Chiwome (WOL)",19,0,"MUN",657,1,"SGW"
"Chiwome (WOL)",20,0,"WHU",657,1,"SGW"
"Chiwome (WOL)",21,0,"EVE",657,1,"SGW"
"Chiwome (WOL)",22,0,"NEW",657,1,"SGW"
"Chiwome (WOL)",23,0,"MCI",657,1,"SGW"
"Christie (BOU)",1,0,"LIV",87,1,"SGW"
"Christie (BOU)",2,1,"WOL",87,1,"SGW"
"Christie (BOU)",3,1,"TOT",87,1,"SGW"
"Christie (BOU)",4,0,"BHA",87,1,"SGW"
"Christie (BOU)",5,1,"NEW",87,1,"SGW"
"Christie (BOU)",6,4,"LEE",87,1,"SGW"
"Christie (BOU)",7,1,"FUL",87,1,"SGW"
"Christie (BOU)",8,5,"CRY",87,1,"SGW"
"Christie (BOU)",9,1,"NFO",87,1,"SGW"
"Christie (BOU)",10,1,"MCI",87,1,"SGW"
"Christie (BOU)",11,1,"AVL",87,1,"SGW"
"Christie (BOU)",12,1,"WHU",87,1,"SGW"
"Christie (BOU)",13,0,"SUN",87,1,"SGW"
"Christie (BOU)",14,0,"EVE",87,1,"SGW"
"Christie (BOU)",15,0,"CHE",87,1,"SGW"
"Christie (BOU)",16,0,"MUN",87,1,"SGW"
"Christie (BOU)",17,1,"BUR",87,1,"SGW"
"Christie (BOU)",18,0,"BRE",87,1,"SGW"
"Christie (BOU)",19,0,"CHE",87,1,"SGW"
"Christie (BOU)",20,0,"ARS",87,1,"SGW"
"Christie (BOU)",21,0,"TOT",87,1,"SGW"
"Christie (BOU)",22,1,"BHA",87,1,"SGW"
"Christie (BOU)",23,1,"LIV",87,1,"SGW"
"Chukwueze (FUL)",1,NA,NA,727,NA,"BGW"
"Chukwueze (FUL)",2,NA,NA,727,NA,"BGW"
"Chukwueze (FUL)",3,NA,NA,727,NA,"BGW"
"Chukwueze (FUL)",4,0,"LEE",727,1,"SGW"
"Chukwueze (FUL)",5,0,"BRE",727,1,"SGW"
"Chukwueze (FUL)",6,1,"AVL",727,1,"SGW"
"Chukwueze (FUL)",7,4,"BOU",727,1,"SGW"
"Chukwueze (FUL)",8,0,"ARS",727,1,"SGW"
"Chukwueze (FUL)",9,0,"NEW",727,1,"SGW"
"Chukwueze (FUL)",10,1,"WOL",727,1,"SGW"
"Chukwueze (FUL)",11,1,"EVE",727,1,"SGW"
"Chukwueze (FUL)",12,4,"SUN",727,1,"SGW"
"Chukwueze (FUL)",13,5,"TOT",727,1,"SGW"
"Chukwueze (FUL)",14,12,"MCI",727,1,"SGW"
"Chukwueze (FUL)",15,2,"CRY",727,1,"SGW"
"Chukwueze (FUL)",16,5,"BUR",727,1,"SGW"
"Chukwueze (FUL)",17,0,"NFO",727,1,"SGW"
"Chukwueze (FUL)",18,0,"WHU",727,1,"SGW"
"Chukwueze (FUL)",19,0,"CRY",727,1,"SGW"
"Chukwueze (FUL)",20,0,"LIV",727,1,"SGW"
"Chukwueze (FUL)",21,0,"CHE",727,1,"SGW"
"Chukwueze (FUL)",22,0,"LEE",727,1,"SGW"
"Chukwueze (FUL)",23,6,"BHA",727,1,"SGW"
"Churlinov (BUR)",1,0,"TOT",204,1,"SGW"
"Churlinov (BUR)",2,0,"SUN",204,1,"SGW"
"Churlinov (BUR)",3,0,"MUN",204,1,"SGW"
"Churlinov (BUR)",4,0,"LIV",204,1,"SGW"
"Churlinov (BUR)",5,0,"NFO",204,1,"SGW"
"Churlinov (BUR)",6,0,"MCI",204,1,"SGW"
"Churlinov (BUR)",7,0,"AVL",204,1,"SGW"
"Churlinov (BUR)",8,0,"LEE",204,1,"SGW"
"Churlinov (BUR)",9,0,"WOL",204,1,"SGW"
"Churlinov (BUR)",10,0,"ARS",204,1,"SGW"
"Churlinov (BUR)",11,0,"WHU",204,1,"SGW"
"Churlinov (BUR)",12,0,"CHE",204,1,"SGW"
"Churlinov (BUR)",13,0,"BRE",204,1,"SGW"
"Churlinov (BUR)",14,0,"CRY",204,1,"SGW"
"Churlinov (BUR)",15,0,"NEW",204,1,"SGW"
"Churlinov (BUR)",16,0,"FUL",204,1,"SGW"
"Churlinov (BUR)",17,0,"BOU",204,1,"SGW"
"Churlinov (BUR)",18,0,"EVE",204,1,"SGW"
"Churlinov (BUR)",19,0,"NEW",204,1,"SGW"
"Churlinov (BUR)",20,0,"BHA",204,1,"SGW"
"Churlinov (BUR)",21,0,"MUN",204,1,"SGW"
"Churlinov (BUR)",22,0,"LIV",204,1,"SGW"
"Churlinov (BUR)",23,0,"TOT",204,1,"SGW"
"Cirkin (SUN)",1,0,"WHU",535,1,"SGW"
"Cirkin (SUN)",2,0,"BUR",535,1,"SGW"
"Cirkin (SUN)",3,0,"BRE",535,1,"SGW"
"Cirkin (SUN)",4,0,"CRY",535,1,"SGW"
"Cirkin (SUN)",5,0,"AVL",535,1,"SGW"
"Cirkin (SUN)",6,0,"NFO",535,1,"SGW"
"Cirkin (SUN)",7,0,"MUN",535,1,"SGW"
"Cirkin (SUN)",8,0,"WOL",535,1,"SGW"
"Cirkin (SUN)",9,0,"CHE",535,1,"SGW"
"Cirkin (SUN)",10,0,"EVE",535,1,"SGW"
"Cirkin (SUN)",11,0,"ARS",535,1,"SGW"
"Cirkin (SUN)",12,0,"FUL",535,1,"SGW"
"Cirkin (SUN)",13,0,"BOU",535,1,"SGW"
"Cirkin (SUN)",14,0,"LIV",535,1,"SGW"
"Cirkin (SUN)",15,0,"MCI",535,1,"SGW"
"Cirkin (SUN)",16,0,"NEW",535,1,"SGW"
"Cirkin (SUN)",17,0,"BHA",535,1,"SGW"
"Cirkin (SUN)",18,2,"LEE",535,1,"SGW"
"Cirkin (SUN)",19,8,"MCI",535,1,"SGW"
"Cirkin (SUN)",20,0,"TOT",535,1,"SGW"
"Cirkin (SUN)",21,1,"BRE",535,1,"SGW"
"Cirkin (SUN)",22,1,"CRY",535,1,"SGW"
"Cirkin (SUN)",23,1,"WHU",535,1,"SGW"
"Clarke (ARS)",1,0,"MUN",13,1,"SGW"
"Clarke (ARS)",2,0,"LEE",13,1,"SGW"
"Clarke (ARS)",3,0,"LIV",13,1,"SGW"
"Clarke (ARS)",4,0,"NFO",13,1,"SGW"
"Clarke (ARS)",5,0,"MCI",13,1,"SGW"
"Clarke (ARS)",6,0,"NEW",13,1,"SGW"
"Clarke (ARS)",7,0,"WHU",13,1,"SGW"
"Clarke (ARS)",8,0,"FUL",13,1,"SGW"
"Clarke (ARS)",9,0,"CRY",13,1,"SGW"
"Clarke (ARS)",10,0,"BUR",13,1,"SGW"
"Clarke (ARS)",11,0,"SUN",13,1,"SGW"
"Clarke (ARS)",12,0,"TOT",13,1,"SGW"
"Clarke (ARS)",13,0,"CHE",13,1,"SGW"
"Clarke (ARS)",14,0,"BRE",13,1,"SGW"
"Clarke (ARS)",15,0,"AVL",13,1,"SGW"
"Clarke (ARS)",16,0,"WOL",13,1,"SGW"
"Clarke (ARS)",17,0,"EVE",13,1,"SGW"
"Clarke (ARS)",18,0,"BHA",13,1,"SGW"
"Clarke (ARS)",19,0,"AVL",13,1,"SGW"
"Clarke (ARS)",20,0,"BOU",13,1,"SGW"
"Clarke (ARS)",21,0,"LIV",13,1,"SGW"
"Clarke (ARS)",22,0,"NFO",13,1,"SGW"
"Clarke (ARS)",23,0,"MUN",13,1,"SGW"
"Clyne (CRY)",1,0,"CHE",263,1,"SGW"
"Clyne (CRY)",2,0,"NFO",263,1,"SGW"
"Clyne (CRY)",3,1,"AVL",263,1,"SGW"
"Clyne (CRY)",4,0,"SUN",263,1,"SGW"
"Clyne (CRY)",5,0,"WHU",263,1,"SGW"
"Clyne (CRY)",6,0,"LIV",263,1,"SGW"
"Clyne (CRY)",7,0,"EVE",263,1,"SGW"
"Clyne (CRY)",8,0,"BOU",263,1,"SGW"
"Clyne (CRY)",9,0,"ARS",263,1,"SGW"
"Clyne (CRY)",10,0,"BRE",263,1,"SGW"
"Clyne (CRY)",11,0,"BHA",263,1,"SGW"
"Clyne (CRY)",12,0,"WOL",263,1,"SGW"
"Clyne (CRY)",13,0,"MUN",263,1,"SGW"
"Clyne (CRY)",14,0,"BUR",263,1,"SGW"
"Clyne (CRY)",15,2,"FUL",263,1,"SGW"
"Clyne (CRY)",16,1,"MCI",263,1,"SGW"
"Clyne (CRY)",17,1,"LEE",263,1,"SGW"
"Clyne (CRY)",18,1,"TOT",263,1,"SGW"
"Clyne (CRY)",19,7,"FUL",263,1,"SGW"
"Clyne (CRY)",20,1,"NEW",263,1,"SGW"
"Clyne (CRY)",21,0,"AVL",263,1,"SGW"
"Clyne (CRY)",22,0,"SUN",263,1,"SGW"
"Clyne (CRY)",23,0,"CHE",263,1,"SGW"
"Coleman (EVE)",1,0,"LEE",294,1,"SGW"
"Coleman (EVE)",2,0,"BHA",294,1,"SGW"
"Coleman (EVE)",3,1,"WOL",294,1,"SGW"
"Coleman (EVE)",4,0,"AVL",294,1,"SGW"
"Coleman (EVE)",5,0,"LIV",294,1,"SGW"
"Coleman (EVE)",6,0,"WHU",294,1,"SGW"
"Coleman (EVE)",7,1,"CRY",294,1,"SGW"
"Coleman (EVE)",8,0,"MCI",294,1,"SGW"
"Coleman (EVE)",9,0,"TOT",294,1,"SGW"
"Coleman (EVE)",10,0,"SUN",294,1,"SGW"
"Coleman (EVE)",11,0,"FUL",294,1,"SGW"
"Coleman (EVE)",12,1,"MUN",294,1,"SGW"
"Coleman (EVE)",13,0,"NEW",294,1,"SGW"
"Coleman (EVE)",14,0,"BOU",294,1,"SGW"
"Coleman (EVE)",15,0,"NFO",294,1,"SGW"
"Coleman (EVE)",16,0,"CHE",294,1,"SGW"
"Coleman (EVE)",17,0,"ARS",294,1,"SGW"
"Coleman (EVE)",18,0,"BUR",294,1,"SGW"
"Coleman (EVE)",19,0,"NFO",294,1,"SGW"
"Coleman (EVE)",20,0,"BRE",294,1,"SGW"
"Coleman (EVE)",21,0,"WOL",294,1,"SGW"
"Coleman (EVE)",22,0,"AVL",294,1,"SGW"
"Coleman (EVE)",23,0,"LEE",294,1,"SGW"
"Collins (BRE)",1,0,"NFO",106,1,"SGW"
"Collins (BRE)",2,9,"AVL",106,1,"SGW"
"Collins (BRE)",3,3,"SUN",106,1,"SGW"
"Collins (BRE)",4,3,"CHE",106,1,"SGW"
"Collins (BRE)",5,0,"FUL",106,1,"SGW"
"Collins (BRE)",6,1,"MUN",106,1,"SGW"
"Collins (BRE)",7,2,"MCI",106,1,"SGW"
"Collins (BRE)",8,9,"WHU",106,1,"SGW"
"Collins (BRE)",9,3,"LIV",106,1,"SGW"
"Collins (BRE)",10,0,"CRY",106,1,"SGW"
"Collins (BRE)",11,2,"NEW",106,1,"SGW"
"Collins (BRE)",12,1,"BHA",106,1,"SGW"
"Collins (BRE)",13,4,"BUR",106,1,"SGW"
"Collins (BRE)",14,1,"ARS",106,1,"SGW"
"Collins (BRE)",15,3,"TOT",106,1,"SGW"
"Collins (BRE)",16,4,"LEE",106,1,"SGW"
"Collins (BRE)",17,8,"WOL",106,1,"SGW"
"Collins (BRE)",18,4,"BOU",106,1,"SGW"
"Collins (BRE)",19,9,"TOT",106,1,"SGW"
"Collins (BRE)",20,10,"EVE",106,1,"SGW"
"Collins (BRE)",21,13,"SUN",106,1,"SGW"
"Collins (BRE)",22,1,"CHE",106,1,"SGW"
"Collins (BRE)",23,1,"NFO",106,1,"SGW"
"Collyer (MUN)",1,0,"ARS",460,1,"SGW"
"Collyer (MUN)",2,0,"FUL",460,1,"SGW"
"Collyer (MUN)",3,0,"BUR",460,1,"SGW"
"Collyer (MUN)",4,0,"MCI",460,1,"SGW"
"Collyer (MUN)",5,0,"CHE",460,1,"SGW"
"Collyer (MUN)",6,0,"BRE",460,1,"SGW"
"Collyer (MUN)",7,0,"SUN",460,1,"SGW"
"Collyer (MUN)",8,0,"LIV",460,1,"SGW"
"Collyer (MUN)",9,0,"BHA",460,1,"SGW"
"Collyer (MUN)",10,0,"NFO",460,1,"SGW"
"Collyer (MUN)",11,0,"TOT",460,1,"SGW"
"Collyer (MUN)",12,0,"EVE",460,1,"SGW"
"Collyer (MUN)",13,0,"CRY",460,1,"SGW"
"Collyer (MUN)",14,0,"WHU",460,1,"SGW"
"Collyer (MUN)",15,0,"WOL",460,1,"SGW"
"Collyer (MUN)",16,0,"BOU",460,1,"SGW"
"Collyer (MUN)",17,0,"AVL",460,1,"SGW"
"Collyer (MUN)",18,0,"NEW",460,1,"SGW"
"Collyer (MUN)",19,0,"WOL",460,1,"SGW"
"Collyer (MUN)",20,0,"LEE",460,1,"SGW"
"Collyer (MUN)",21,0,"BUR",460,1,"SGW"
"Collyer (MUN)",22,0,"MCI",460,1,"SGW"
"Collyer (MUN)",23,0,"ARS",460,1,"SGW"
"Colwill (CHE)",1,0,"CRY",227,1,"SGW"
"Colwill (CHE)",2,0,"WHU",227,1,"SGW"
"Colwill (CHE)",3,0,"FUL",227,1,"SGW"
"Colwill (CHE)",4,0,"BRE",227,1,"SGW"
"Colwill (CHE)",5,0,"MUN",227,1,"SGW"
"Colwill (CHE)",6,0,"BHA",227,1,"SGW"
"Colwill (CHE)",7,0,"LIV",227,1,"SGW"
"Colwill (CHE)",8,0,"NFO",227,1,"SGW"
"Colwill (CHE)",9,0,"SUN",227,1,"SGW"
"Colwill (CHE)",10,0,"TOT",227,1,"SGW"
"Colwill (CHE)",11,0,"WOL",227,1,"SGW"
"Colwill (CHE)",12,0,"BUR",227,1,"SGW"
"Colwill (CHE)",13,0,"ARS",227,1,"SGW"
"Colwill (CHE)",14,0,"LEE",227,1,"SGW"
"Colwill (CHE)",15,0,"BOU",227,1,"SGW"
"Colwill (CHE)",16,0,"EVE",227,1,"SGW"
"Colwill (CHE)",17,0,"NEW",227,1,"SGW"
"Colwill (CHE)",18,0,"AVL",227,1,"SGW"
"Colwill (CHE)",19,0,"BOU",227,1,"SGW"
"Colwill (CHE)",20,0,"MCI",227,1,"SGW"
"Colwill (CHE)",21,0,"FUL",227,1,"SGW"
"Colwill (CHE)",22,0,"BRE",227,1,"SGW"
"Colwill (CHE)",23,0,"CRY",227,1,"SGW"
"Cook (BOU)",1,0,"LIV",88,1,"SGW"
"Cook (BOU)",2,0,"WOL",88,1,"SGW"
"Cook (BOU)",3,0,"TOT",88,1,"SGW"
"Cook (BOU)",4,1,"BHA",88,1,"SGW"
"Cook (BOU)",5,0,"NEW",88,1,"SGW"
"Cook (BOU)",6,0,"LEE",88,1,"SGW"
"Cook (BOU)",7,0,"FUL",88,1,"SGW"
"Cook (BOU)",8,1,"CRY",88,1,"SGW"
"Cook (BOU)",9,1,"NFO",88,1,"SGW"
"Cook (BOU)",10,1,"MCI",88,1,"SGW"
"Cook (BOU)",11,1,"AVL",88,1,"SGW"
"Cook (BOU)",12,4,"WHU",88,1,"SGW"
"Cook (BOU)",13,-2,"SUN",88,1,"SGW"
"Cook (BOU)",14,0,"EVE",88,1,"SGW"
"Cook (BOU)",15,0,"CHE",88,1,"SGW"
"Cook (BOU)",16,0,"MUN",88,1,"SGW"
"Cook (BOU)",17,4,"BUR",88,1,"SGW"
"Cook (BOU)",18,4,"BRE",88,1,"SGW"
"Cook (BOU)",19,0,"CHE",88,1,"SGW"
"Cook (BOU)",20,4,"ARS",88,1,"SGW"
"Cook (BOU)",21,3,"TOT",88,1,"SGW"
"Cook (BOU)",22,4,"BHA",88,1,"SGW"
"Cook (BOU)",23,4,"LIV",88,1,"SGW"
"Coppola (BHA)",1,0,"FUL",144,1,"SGW"
"Coppola (BHA)",2,0,"EVE",144,1,"SGW"
"Coppola (BHA)",3,1,"MCI",144,1,"SGW"
"Coppola (BHA)",4,0,"BOU",144,1,"SGW"
"Coppola (BHA)",5,1,"TOT",144,1,"SGW"
"Coppola (BHA)",6,0,"CHE",144,1,"SGW"
"Coppola (BHA)",7,0,"WOL",144,1,"SGW"
"Coppola (BHA)",8,1,"NEW",144,1,"SGW"
"Coppola (BHA)",9,0,"MUN",144,1,"SGW"
"Coppola (BHA)",10,0,"LEE",144,1,"SGW"
"Coppola (BHA)",11,0,"CRY",144,1,"SGW"
"Coppola (BHA)",12,0,"BRE",144,1,"SGW"
"Coppola (BHA)",13,0,"NFO",144,1,"SGW"
"Coppola (BHA)",14,0,"AVL",144,1,"SGW"
"Coppola (BHA)",15,0,"WHU",144,1,"SGW"
"Coppola (BHA)",16,0,"LIV",144,1,"SGW"
"Coppola (BHA)",17,7,"SUN",144,1,"SGW"
"Coppola (BHA)",18,0,"ARS",144,1,"SGW"
"Coppola (BHA)",19,0,"WHU",144,1,"SGW"
"Coppola (BHA)",20,0,"BUR",144,1,"SGW"
"Coppola (BHA)",21,0,"MCI",144,1,"SGW"
"Coppola (BHA)",22,0,"BOU",144,1,"SGW"
"Coppola (BHA)",23,0,"FUL",144,1,"SGW"
"Cornet (WHU)",1,0,"SUN",617,1,"SGW"
"Cornet (WHU)",2,0,"CHE",617,1,"SGW"
"Cornet (WHU)",3,0,"NFO",617,1,"SGW"
"Cornet (WHU)",4,0,"TOT",617,1,"SGW"
"Cornet (WHU)",5,0,"CRY",617,1,"SGW"
"Cornet (WHU)",6,0,"EVE",617,1,"SGW"
"Cornet (WHU)",7,0,"ARS",617,1,"SGW"
"Cornet (WHU)",8,0,"BRE",617,1,"SGW"
"Cornet (WHU)",9,0,"LEE",617,1,"SGW"
"Cornet (WHU)",10,0,"NEW",617,1,"SGW"
"Cornet (WHU)",11,0,"BUR",617,1,"SGW"
"Cornet (WHU)",12,0,"BOU",617,1,"SGW"
"Cornet (WHU)",13,0,"LIV",617,1,"SGW"
"Cornet (WHU)",14,0,"MUN",617,1,"SGW"
"Cornet (WHU)",15,0,"BHA",617,1,"SGW"
"Cornet (WHU)",16,0,"AVL",617,1,"SGW"
"Cornet (WHU)",17,0,"MCI",617,1,"SGW"
"Cornet (WHU)",18,0,"FUL",617,1,"SGW"
"Cornet (WHU)",19,0,"BHA",617,1,"SGW"
"Cornet (WHU)",20,0,"WOL",617,1,"SGW"
"Cornet (WHU)",21,0,"NFO",617,1,"SGW"
"Cornet (WHU)",22,0,"TOT",617,1,"SGW"
"Cornet (WHU)",23,0,"SUN",617,1,"SGW"
"Cox (BRE)",1,0,"NFO",103,1,"SGW"
"Cox (BRE)",2,0,"AVL",103,1,"SGW"
"Cox (BRE)",3,0,"SUN",103,1,"SGW"
"Cox (BRE)",4,0,"CHE",103,1,"SGW"
"Cox (BRE)",5,0,"FUL",103,1,"SGW"
"Cox (BRE)",6,0,"MUN",103,1,"SGW"
"Cox (BRE)",7,0,"MCI",103,1,"SGW"
"Cox (BRE)",8,0,"WHU",103,1,"SGW"
"Cox (BRE)",9,0,"LIV",103,1,"SGW"
"Cox (BRE)",10,0,"CRY",103,1,"SGW"
"Cox (BRE)",11,0,"NEW",103,1,"SGW"
"Cox (BRE)",12,0,"BHA",103,1,"SGW"
"Cox (BRE)",13,0,"BUR",103,1,"SGW"
"Cox (BRE)",14,0,"ARS",103,1,"SGW"
"Cox (BRE)",15,0,"TOT",103,1,"SGW"
"Cox (BRE)",16,0,"LEE",103,1,"SGW"
"Cox (BRE)",17,0,"WOL",103,1,"SGW"
"Cox (BRE)",18,0,"BOU",103,1,"SGW"
"Cox (BRE)",19,0,"TOT",103,1,"SGW"
"Cox (BRE)",20,0,"EVE",103,1,"SGW"
"Cox (BRE)",21,0,"SUN",103,1,"SGW"
"Cox (BRE)",22,0,"CHE",103,1,"SGW"
"Cox (BRE)",23,0,"NFO",103,1,"SGW"
"Crew (LEE)",1,0,"EVE",359,1,"SGW"
"Crew (LEE)",2,0,"ARS",359,1,"SGW"
"Crew (LEE)",3,0,"NEW",359,1,"SGW"
"Crew (LEE)",4,0,"FUL",359,1,"SGW"
"Crew (LEE)",5,0,"WOL",359,1,"SGW"
"Crew (LEE)",6,0,"BOU",359,1,"SGW"
"Crew (LEE)",7,0,"TOT",359,1,"SGW"
"Crew (LEE)",8,0,"BUR",359,1,"SGW"
"Crew (LEE)",9,0,"WHU",359,1,"SGW"
"Crew (LEE)",10,0,"BHA",359,1,"SGW"
"Crew (LEE)",11,0,"NFO",359,1,"SGW"
"Crew (LEE)",12,0,"AVL",359,1,"SGW"
"Crew (LEE)",13,0,"MCI",359,1,"SGW"
"Crew (LEE)",14,0,"CHE",359,1,"SGW"
"Crew (LEE)",15,0,"LIV",359,1,"SGW"
"Crew (LEE)",16,0,"BRE",359,1,"SGW"
"Crew (LEE)",17,0,"CRY",359,1,"SGW"
"Crew (LEE)",18,0,"SUN",359,1,"SGW"
"Crew (LEE)",19,0,"LIV",359,1,"SGW"
"Crew (LEE)",20,0,"MUN",359,1,"SGW"
"Crew (LEE)",21,0,"NEW",359,1,"SGW"
"Crew (LEE)",22,0,"FUL",359,1,"SGW"
"Crew (LEE)",23,0,"EVE",359,1,"SGW"
"Cucurella (CHE)",1,8,"CRY",224,1,"SGW"
"Cucurella (CHE)",2,5,"WHU",224,1,"SGW"
"Cucurella (CHE)",3,6,"FUL",224,1,"SGW"
"Cucurella (CHE)",4,1,"BRE",224,1,"SGW"
"Cucurella (CHE)",5,0,"MUN",224,1,"SGW"
"Cucurella (CHE)",6,0,"BHA",224,1,"SGW"
"Cucurella (CHE)",7,7,"LIV",224,1,"SGW"
"Cucurella (CHE)",8,8,"NFO",224,1,"SGW"
"Cucurella (CHE)",9,1,"SUN",224,1,"SGW"
"Cucurella (CHE)",10,7,"TOT",224,1,"SGW"
"Cucurella (CHE)",11,6,"WOL",224,1,"SGW"
"Cucurella (CHE)",12,6,"BUR",224,1,"SGW"
"Cucurella (CHE)",13,1,"ARS",224,1,"SGW"
"Cucurella (CHE)",14,1,"LEE",224,1,"SGW"
"Cucurella (CHE)",15,6,"BOU",224,1,"SGW"
"Cucurella (CHE)",16,6,"EVE",224,1,"SGW"
"Cucurella (CHE)",17,1,"NEW",224,1,"SGW"
"Cucurella (CHE)",18,2,"AVL",224,1,"SGW"
"Cucurella (CHE)",19,0,"BOU",224,1,"SGW"
"Cucurella (CHE)",20,0,"MCI",224,1,"SGW"
"Cucurella (CHE)",21,-3,"FUL",224,1,"SGW"
"Cucurella (CHE)",22,5,"BRE",224,1,"SGW"
"Cucurella (CHE)",23,4,"CRY",224,1,"SGW"
"Cuiabano (NFO)",1,NA,NA,729,NA,"BGW"
"Cuiabano (NFO)",2,NA,NA,729,NA,"BGW"
"Cuiabano (NFO)",3,NA,NA,729,NA,"BGW"
"Cuiabano (NFO)",4,0,"ARS",729,1,"SGW"
"Cuiabano (NFO)",5,0,"BUR",729,1,"SGW"
"Cuiabano (NFO)",6,0,"SUN",729,1,"SGW"
"Cuiabano (NFO)",7,0,"NEW",729,1,"SGW"
"Cuiabano (NFO)",8,0,"CHE",729,1,"SGW"
"Cuiabano (NFO)",9,0,"BOU",729,1,"SGW"
"Cuiabano (NFO)",10,0,"MUN",729,1,"SGW"
"Cuiabano (NFO)",11,0,"LEE",729,1,"SGW"
"Cuiabano (NFO)",12,0,"LIV",729,1,"SGW"
"Cuiabano (NFO)",13,0,"BHA",729,1,"SGW"
"Cuiabano (NFO)",14,0,"WOL",729,1,"SGW"
"Cuiabano (NFO)",15,0,"EVE",729,1,"SGW"
"Cuiabano (NFO)",16,0,"TOT",729,1,"SGW"
"Cuiabano (NFO)",17,0,"FUL",729,1,"SGW"
"Cuiabano (NFO)",18,0,"MCI",729,1,"SGW"
"Cuiabano (NFO)",19,0,"EVE",729,1,"SGW"
"Cuiabano (NFO)",20,0,"AVL",729,1,"SGW"
"Cuiabano (NFO)",21,0,"WHU",729,1,"SGW"
"Cuiabano (NFO)",22,0,"ARS",729,1,"SGW"
"Cuiabano (NFO)",23,0,"BRE",729,1,"SGW"
"Cullen (BUR)",1,4,"TOT",205,1,"SGW"
"Cullen (BUR)",2,14,"SUN",205,1,"SGW"
"Cullen (BUR)",3,2,"MUN",205,1,"SGW"
"Cullen (BUR)",4,3,"LIV",205,1,"SGW"
"Cullen (BUR)",5,4,"NFO",205,1,"SGW"
"Cullen (BUR)",6,4,"MCI",205,1,"SGW"
"Cullen (BUR)",7,6,"AVL",205,1,"SGW"
"Cullen (BUR)",8,3,"LEE",205,1,"SGW"
"Cullen (BUR)",9,2,"WOL",205,1,"SGW"
"Cullen (BUR)",10,1,"ARS",205,1,"SGW"
"Cullen (BUR)",11,10,"WHU",205,1,"SGW"
"Cullen (BUR)",12,2,"CHE",205,1,"SGW"
"Cullen (BUR)",13,2,"BRE",205,1,"SGW"
"Cullen (BUR)",14,4,"CRY",205,1,"SGW"
"Cullen (BUR)",15,2,"NEW",205,1,"SGW"
"Cullen (BUR)",16,4,"FUL",205,1,"SGW"
"Cullen (BUR)",17,2,"BOU",205,1,"SGW"
"Cullen (BUR)",18,1,"EVE",205,1,"SGW"
"Cullen (BUR)",19,0,"NEW",205,1,"SGW"
"Cullen (BUR)",20,0,"BHA",205,1,"SGW"
"Cullen (BUR)",21,0,"MUN",205,1,"SGW"
"Cullen (BUR)",22,0,"LIV",205,1,"SGW"
"Cullen (BUR)",23,0,"TOT",205,1,"SGW"
"Cunha (MUN)",1,2,"ARS",450,1,"SGW"
"Cunha (MUN)",2,2,"FUL",450,1,"SGW"
"Cunha (MUN)",3,1,"BUR",450,1,"SGW"
"Cunha (MUN)",4,0,"MCI",450,1,"SGW"
"Cunha (MUN)",5,1,"CHE",450,1,"SGW"
"Cunha (MUN)",6,2,"BRE",450,1,"SGW"
"Cunha (MUN)",7,1,"SUN",450,1,"SGW"
"Cunha (MUN)",8,2,"LIV",450,1,"SGW"
"Cunha (MUN)",9,8,"BHA",450,1,"SGW"
"Cunha (MUN)",10,4,"NFO",450,1,"SGW"
"Cunha (MUN)",11,3,"TOT",450,1,"SGW"
"Cunha (MUN)",12,0,"EVE",450,1,"SGW"
"Cunha (MUN)",13,0,"CRY",450,1,"SGW"
"Cunha (MUN)",14,3,"WHU",450,1,"SGW"
"Cunha (MUN)",15,5,"WOL",450,1,"SGW"
"Cunha (MUN)",16,8,"BOU",450,1,"SGW"
"Cunha (MUN)",17,9,"AVL",450,1,"SGW"
"Cunha (MUN)",18,2,"NEW",450,1,"SGW"
"Cunha (MUN)",19,2,"WOL",450,1,"SGW"
"Cunha (MUN)",20,9,"LEE",450,1,"SGW"
"Cunha (MUN)",21,2,"BUR",450,1,"SGW"
"Cunha (MUN)",22,4,"MCI",450,1,"SGW"
"Cunha (MUN)",23,9,"ARS",450,1,"SGW"
"D.Essugo (CHE)",1,0,"CRY",247,1,"SGW"
"D.Essugo (CHE)",2,0,"WHU",247,1,"SGW"
"D.Essugo (CHE)",3,0,"FUL",247,1,"SGW"
"D.Essugo (CHE)",4,0,"BRE",247,1,"SGW"
"D.Essugo (CHE)",5,0,"MUN",247,1,"SGW"
"D.Essugo (CHE)",6,0,"BHA",247,1,"SGW"
"D.Essugo (CHE)",7,0,"LIV",247,1,"SGW"
"D.Essugo (CHE)",8,0,"NFO",247,1,"SGW"
"D.Essugo (CHE)",9,0,"SUN",247,1,"SGW"
"D.Essugo (CHE)",10,0,"TOT",247,1,"SGW"
"D.Essugo (CHE)",11,0,"WOL",247,1,"SGW"
"D.Essugo (CHE)",12,0,"BUR",247,1,"SGW"
"D.Essugo (CHE)",13,0,"ARS",247,1,"SGW"
"D.Essugo (CHE)",14,0,"LEE",247,1,"SGW"
"D.Essugo (CHE)",15,0,"BOU",247,1,"SGW"
"D.Essugo (CHE)",16,0,"EVE",247,1,"SGW"
"D.Essugo (CHE)",17,0,"NEW",247,1,"SGW"
"D.Essugo (CHE)",18,0,"AVL",247,1,"SGW"
"D.Essugo (CHE)",19,0,"BOU",247,1,"SGW"
"D.Essugo (CHE)",20,0,"MCI",247,1,"SGW"
"D.Essugo (CHE)",21,0,"FUL",247,1,"SGW"
"D.Essugo (CHE)",22,0,"BRE",247,1,"SGW"
"D.Essugo (CHE)",23,0,"CRY",247,1,"SGW"
"D.Leon (MUN)",1,0,"ARS",439,1,"SGW"
"D.Leon (MUN)",2,0,"FUL",439,1,"SGW"
"D.Leon (MUN)",3,0,"BUR",439,1,"SGW"
"D.Leon (MUN)",4,0,"MCI",439,1,"SGW"
"D.Leon (MUN)",5,0,"CHE",439,1,"SGW"
"D.Leon (MUN)",6,0,"BRE",439,1,"SGW"
"D.Leon (MUN)",7,0,"SUN",439,1,"SGW"
"D.Leon (MUN)",8,0,"LIV",439,1,"SGW"
"D.Leon (MUN)",9,0,"BHA",439,1,"SGW"
"D.Leon (MUN)",10,0,"NFO",439,1,"SGW"
"D.Leon (MUN)",11,0,"TOT",439,1,"SGW"
"D.Leon (MUN)",12,0,"EVE",439,1,"SGW"
"D.Leon (MUN)",13,0,"CRY",439,1,"SGW"
"D.Leon (MUN)",14,0,"WHU",439,1,"SGW"
"D.Leon (MUN)",15,0,"WOL",439,1,"SGW"
"D.Leon (MUN)",16,0,"BOU",439,1,"SGW"
"D.Leon (MUN)",17,0,"AVL",439,1,"SGW"
"D.Leon (MUN)",18,0,"NEW",439,1,"SGW"
"D.Leon (MUN)",19,0,"WOL",439,1,"SGW"
"D.Leon (MUN)",20,0,"LEE",439,1,"SGW"
"D.Leon (MUN)",21,0,"BUR",439,1,"SGW"
"D.Leon (MUN)",22,0,"MCI",439,1,"SGW"
"D.Leon (MUN)",23,0,"ARS",439,1,"SGW"
"Da Silva Moreira (NFO)",1,0,"BRE",523,1,"SGW"
"Da Silva Moreira (NFO)",2,0,"CRY",523,1,"SGW"
"Da Silva Moreira (NFO)",3,0,"WHU",523,1,"SGW"
"Da Silva Moreira (NFO)",4,0,"ARS",523,1,"SGW"
"Da Silva Moreira (NFO)",5,0,"BUR",523,1,"SGW"
"Da Silva Moreira (NFO)",6,0,"SUN",523,1,"SGW"
"Da Silva Moreira (NFO)",7,0,"NEW",523,1,"SGW"
"Da Silva Moreira (NFO)",8,0,"CHE",523,1,"SGW"
"Da Silva Moreira (NFO)",9,0,"BOU",523,1,"SGW"
"Da Silva Moreira (NFO)",10,0,"MUN",523,1,"SGW"
"Da Silva Moreira (NFO)",11,0,"LEE",523,1,"SGW"
"Da Silva Moreira (NFO)",12,0,"LIV",523,1,"SGW"
"Da Silva Moreira (NFO)",13,0,"BHA",523,1,"SGW"
"Da Silva Moreira (NFO)",14,0,"WOL",523,1,"SGW"
"Da Silva Moreira (NFO)",15,0,"EVE",523,1,"SGW"
"Da Silva Moreira (NFO)",16,0,"TOT",523,1,"SGW"
"Da Silva Moreira (NFO)",17,0,"FUL",523,1,"SGW"
"Da Silva Moreira (NFO)",18,0,"MCI",523,1,"SGW"
"Da Silva Moreira (NFO)",19,0,"EVE",523,1,"SGW"
"Da Silva Moreira (NFO)",20,0,"AVL",523,1,"SGW"
"Da Silva Moreira (NFO)",21,0,"WHU",523,1,"SGW"
"Da Silva Moreira (NFO)",22,0,"ARS",523,1,"SGW"
"Da Silva Moreira (NFO)",23,0,"BRE",523,1,"SGW"
"DaCosta (BOU)",1,NA,NA,756,NA,"BGW"
"DaCosta (BOU)",2,NA,NA,756,NA,"BGW"
"DaCosta (BOU)",3,NA,NA,756,NA,"BGW"
"DaCosta (BOU)",4,NA,NA,756,NA,"BGW"
"DaCosta (BOU)",5,NA,NA,756,NA,"BGW"
"DaCosta (BOU)",6,NA,NA,756,NA,"BGW"
"DaCosta (BOU)",7,NA,NA,756,NA,"BGW"
"DaCosta (BOU)",8,NA,NA,756,NA,"BGW"
"DaCosta (BOU)",9,NA,NA,756,NA,"BGW"
"DaCosta (BOU)",10,NA,NA,756,NA,"BGW"
"DaCosta (BOU)",11,NA,NA,756,NA,"BGW"
"DaCosta (BOU)",12,NA,NA,756,NA,"BGW"
"DaCosta (BOU)",13,NA,NA,756,NA,"BGW"
"DaCosta (BOU)",14,0,"EVE",756,1,"SGW"
"DaCosta (BOU)",15,0,"CHE",756,1,"SGW"
"DaCosta (BOU)",16,0,"MUN",756,1,"SGW"
"DaCosta (BOU)",17,0,"BUR",756,1,"SGW"
"DaCosta (BOU)",18,0,"BRE",756,1,"SGW"
"DaCosta (BOU)",19,0,"CHE",756,1,"SGW"
"DaCosta (BOU)",20,0,"ARS",756,1,"SGW"
"DaCosta (BOU)",21,0,"TOT",756,1,"SGW"
"DaCosta (BOU)",22,0,"BHA",756,1,"SGW"
"DaCosta (BOU)",23,0,"LIV",756,1,"SGW"
"Dalot (MUN)",1,1,"ARS",440,1,"SGW"
"Dalot (MUN)",2,1,"FUL",440,1,"SGW"
"Dalot (MUN)",3,4,"BUR",440,1,"SGW"
"Dalot (MUN)",4,0,"MCI",440,1,"SGW"
"Dalot (MUN)",5,0,"CHE",440,1,"SGW"
"Dalot (MUN)",6,1,"BRE",440,1,"SGW"
"Dalot (MUN)",7,9,"SUN",440,1,"SGW"
"Dalot (MUN)",8,4,"LIV",440,1,"SGW"
"Dalot (MUN)",9,1,"BHA",440,1,"SGW"
"Dalot (MUN)",10,1,"NFO",440,1,"SGW"
"Dalot (MUN)",11,0,"TOT",440,1,"SGW"
"Dalot (MUN)",12,1,"EVE",440,1,"SGW"
"Dalot (MUN)",13,2,"CRY",440,1,"SGW"
"Dalot (MUN)",14,15,"WHU",440,1,"SGW"
"Dalot (MUN)",15,5,"WOL",440,1,"SGW"
"Dalot (MUN)",16,2,"BOU",440,1,"SGW"
"Dalot (MUN)",17,0,"AVL",440,1,"SGW"
"Dalot (MUN)",18,13,"NEW",440,1,"SGW"
"Dalot (MUN)",19,2,"WOL",440,1,"SGW"
"Dalot (MUN)",20,2,"LEE",440,1,"SGW"
"Dalot (MUN)",21,1,"BUR",440,1,"SGW"
"Dalot (MUN)",22,5,"MCI",440,1,"SGW"
"Dalot (MUN)",23,1,"ARS",440,1,"SGW"
"Damsgaard (BRE)",1,0,"NFO",121,1,"SGW"
"Damsgaard (BRE)",2,5,"AVL",121,1,"SGW"
"Damsgaard (BRE)",3,2,"SUN",121,1,"SGW"
"Damsgaard (BRE)",4,0,"CHE",121,1,"SGW"
"Damsgaard (BRE)",5,8,"FUL",121,1,"SGW"
"Damsgaard (BRE)",6,2,"MUN",121,1,"SGW"
"Damsgaard (BRE)",7,2,"MCI",121,1,"SGW"
"Damsgaard (BRE)",8,3,"WHU",121,1,"SGW"
"Damsgaard (BRE)",9,7,"LIV",121,1,"SGW"
"Damsgaard (BRE)",10,2,"CRY",121,1,"SGW"
"Damsgaard (BRE)",11,2,"NEW",121,1,"SGW"
"Damsgaard (BRE)",12,2,"BHA",121,1,"SGW"
"Damsgaard (BRE)",13,4,"BUR",121,1,"SGW"
"Damsgaard (BRE)",14,1,"ARS",121,1,"SGW"
"Damsgaard (BRE)",15,2,"TOT",121,1,"SGW"
"Damsgaard (BRE)",16,1,"LEE",121,1,"SGW"
"Damsgaard (BRE)",17,4,"WOL",121,1,"SGW"
"Damsgaard (BRE)",18,4,"BOU",121,1,"SGW"
"Damsgaard (BRE)",19,0,"TOT",121,1,"SGW"
"Damsgaard (BRE)",20,4,"EVE",121,1,"SGW"
"Damsgaard (BRE)",21,1,"SUN",121,1,"SGW"
"Damsgaard (BRE)",22,4,"CHE",121,1,"SGW"
"Damsgaard (BRE)",23,1,"NFO",121,1,"SGW"
"Danns (LIV)",1,0,"BOU",398,1,"SGW"
"Danns (LIV)",2,0,"NEW",398,1,"SGW"
"Danns (LIV)",3,0,"ARS",398,1,"SGW"
"Danns (LIV)",4,0,"BUR",398,1,"SGW"
"Danns (LIV)",5,0,"EVE",398,1,"SGW"
"Danns (LIV)",6,0,"CRY",398,1,"SGW"
"Danns (LIV)",7,0,"CHE",398,1,"SGW"
"Danns (LIV)",8,0,"MUN",398,1,"SGW"
"Danns (LIV)",9,0,"BRE",398,1,"SGW"
"Danns (LIV)",10,0,"AVL",398,1,"SGW"
"Danns (LIV)",11,0,"MCI",398,1,"SGW"
"Danns (LIV)",12,0,"NFO",398,1,"SGW"
"Danns (LIV)",13,0,"WHU",398,1,"SGW"
"Danns (LIV)",14,0,"SUN",398,1,"SGW"
"Danns (LIV)",15,0,"LEE",398,1,"SGW"
"Danns (LIV)",16,0,"BHA",398,1,"SGW"
"Danns (LIV)",17,0,"TOT",398,1,"SGW"
"Danns (LIV)",18,0,"WOL",398,1,"SGW"
"Danns (LIV)",19,0,"LEE",398,1,"SGW"
"Danns (LIV)",20,0,"FUL",398,1,"SGW"
"Danns (LIV)",21,0,"ARS",398,1,"SGW"
"Danns (LIV)",22,0,"BUR",398,1,"SGW"
"Danns (LIV)",23,0,"BOU",398,1,"SGW"
"Danso (TOT)",1,0,"BUR",570,1,"SGW"
"Danso (TOT)",2,1,"MCI",570,1,"SGW"
"Danso (TOT)",3,0,"BOU",570,1,"SGW"
"Danso (TOT)",4,1,"WHU",570,1,"SGW"
"Danso (TOT)",5,0,"BHA",570,1,"SGW"
"Danso (TOT)",6,0,"WOL",570,1,"SGW"
"Danso (TOT)",7,1,"LEE",570,1,"SGW"
"Danso (TOT)",8,0,"AVL",570,1,"SGW"
"Danso (TOT)",9,9,"EVE",570,1,"SGW"
"Danso (TOT)",10,0,"CHE",570,1,"SGW"
"Danso (TOT)",11,0,"MUN",570,1,"SGW"
"Danso (TOT)",12,0,"ARS",570,1,"SGW"
"Danso (TOT)",13,3,"FUL",570,1,"SGW"
"Danso (TOT)",14,3,"NEW",570,1,"SGW"
"Danso (TOT)",15,1,"BRE",570,1,"SGW"
"Danso (TOT)",16,0,"NFO",570,1,"SGW"
"Danso (TOT)",17,0,"LIV",570,1,"SGW"
"Danso (TOT)",18,7,"CRY",570,1,"SGW"
"Danso (TOT)",19,0,"BRE",570,1,"SGW"
"Danso (TOT)",20,0,"SUN",570,1,"SGW"
"Danso (TOT)",21,0,"BOU",570,1,"SGW"
"Danso (TOT)",22,0,"WHU",570,1,"SGW"
"Danso (TOT)",23,1,"BUR",570,1,"SGW"
"Darlow (LEE)",1,0,"EVE",341,1,"SGW"
"Darlow (LEE)",2,0,"ARS",341,1,"SGW"
"Darlow (LEE)",3,0,"NEW",341,1,"SGW"
"Darlow (LEE)",4,3,"FUL",341,1,"SGW"
"Darlow (LEE)",5,3,"WOL",341,1,"SGW"
"Darlow (LEE)",6,2,"BOU",341,1,"SGW"
"Darlow (LEE)",7,1,"TOT",341,1,"SGW"
"Darlow (LEE)",8,1,"BUR",341,1,"SGW"
"Darlow (LEE)",9,0,"WHU",341,1,"SGW"
"Darlow (LEE)",10,0,"BHA",341,1,"SGW"
"Darlow (LEE)",11,0,"NFO",341,1,"SGW"
"Darlow (LEE)",12,0,"AVL",341,1,"SGW"
"Darlow (LEE)",13,0,"MCI",341,1,"SGW"
"Darlow (LEE)",14,0,"CHE",341,1,"SGW"
"Darlow (LEE)",15,0,"LIV",341,1,"SGW"
"Darlow (LEE)",16,0,"BRE",341,1,"SGW"
"Darlow (LEE)",17,0,"CRY",341,1,"SGW"
"Darlow (LEE)",18,0,"SUN",341,1,"SGW"
"Darlow (LEE)",19,0,"LIV",341,1,"SGW"
"Darlow (LEE)",20,0,"MUN",341,1,"SGW"
"Darlow (LEE)",21,0,"NEW",341,1,"SGW"
"Darlow (LEE)",22,6,"FUL",341,1,"SGW"
"Darlow (LEE)",23,2,"EVE",341,1,"SGW"
"Darwin (LIV)",1,0,"BOU",397,1,"SGW"
"Darwin (LIV)",2,0,"NEW",397,1,"SGW"
"Darwin (LIV)",3,0,"ARS",397,1,"SGW"
"Darwin (LIV)",4,0,"BUR",397,1,"SGW"
"Darwin (LIV)",5,0,"EVE",397,1,"SGW"
"Darwin (LIV)",6,0,"CRY",397,1,"SGW"
"Darwin (LIV)",7,0,"CHE",397,1,"SGW"
"Darwin (LIV)",8,0,"MUN",397,1,"SGW"
"Darwin (LIV)",9,0,"BRE",397,1,"SGW"
"Darwin (LIV)",10,0,"AVL",397,1,"SGW"
"Darwin (LIV)",11,0,"MCI",397,1,"SGW"
"Darwin (LIV)",12,0,"NFO",397,1,"SGW"
"Darwin (LIV)",13,0,"WHU",397,1,"SGW"
"Darwin (LIV)",14,0,"SUN",397,1,"SGW"
"Darwin (LIV)",15,0,"LEE",397,1,"SGW"
"Darwin (LIV)",16,0,"BHA",397,1,"SGW"
"Darwin (LIV)",17,0,"TOT",397,1,"SGW"
"Darwin (LIV)",18,0,"WOL",397,1,"SGW"
"Darwin (LIV)",19,0,"LEE",397,1,"SGW"
"Darwin (LIV)",20,0,"FUL",397,1,"SGW"
"Darwin (LIV)",21,0,"ARS",397,1,"SGW"
"Darwin (LIV)",22,0,"BUR",397,1,"SGW"
"Darwin (LIV)",23,0,"BOU",397,1,"SGW"
"Dasilva (BRE)",1,NA,NA,748,NA,"BGW"
"Dasilva (BRE)",2,NA,NA,748,NA,"BGW"
"Dasilva (BRE)",3,NA,NA,748,NA,"BGW"
"Dasilva (BRE)",4,NA,NA,748,NA,"BGW"
"Dasilva (BRE)",5,NA,NA,748,NA,"BGW"
"Dasilva (BRE)",6,NA,NA,748,NA,"BGW"
"Dasilva (BRE)",7,NA,NA,748,NA,"BGW"
"Dasilva (BRE)",8,NA,NA,748,NA,"BGW"
"Dasilva (BRE)",9,NA,NA,748,NA,"BGW"
"Dasilva (BRE)",10,NA,NA,748,NA,"BGW"
"Dasilva (BRE)",11,0,"NEW",748,1,"SGW"
"Dasilva (BRE)",12,0,"BHA",748,1,"SGW"
"Dasilva (BRE)",13,0,"BUR",748,1,"SGW"
"Dasilva (BRE)",14,0,"ARS",748,1,"SGW"
"Dasilva (BRE)",15,0,"TOT",748,1,"SGW"
"Dasilva (BRE)",16,0,"LEE",748,1,"SGW"
"Dasilva (BRE)",17,0,"WOL",748,1,"SGW"
"Dasilva (BRE)",18,0,"BOU",748,1,"SGW"
"Dasilva (BRE)",19,0,"TOT",748,1,"SGW"
"Dasilva (BRE)",20,0,"EVE",748,1,"SGW"
"Dasilva (BRE)",21,0,"SUN",748,1,"SGW"
"Dasilva (BRE)",22,0,"CHE",748,1,"SGW"
"Dasilva (BRE)",23,0,"NFO",748,1,"SGW"
"David Carmo (NFO)",1,0,"BRE",509,1,"SGW"
"David Carmo (NFO)",2,0,"CRY",509,1,"SGW"
"David Carmo (NFO)",3,0,"WHU",509,1,"SGW"
"David Carmo (NFO)",4,0,"ARS",509,1,"SGW"
"David Carmo (NFO)",5,0,"BUR",509,1,"SGW"
"David Carmo (NFO)",6,0,"SUN",509,1,"SGW"
"David Carmo (NFO)",7,0,"NEW",509,1,"SGW"
"David Carmo (NFO)",8,0,"CHE",509,1,"SGW"
"David Carmo (NFO)",9,0,"BOU",509,1,"SGW"
"David Carmo (NFO)",10,0,"MUN",509,1,"SGW"
"David Carmo (NFO)",11,0,"LEE",509,1,"SGW"
"David Carmo (NFO)",12,0,"LIV",509,1,"SGW"
"David Carmo (NFO)",13,0,"BHA",509,1,"SGW"
"David Carmo (NFO)",14,0,"WOL",509,1,"SGW"
"David Carmo (NFO)",15,0,"EVE",509,1,"SGW"
"David Carmo (NFO)",16,0,"TOT",509,1,"SGW"
"David Carmo (NFO)",17,0,"FUL",509,1,"SGW"
"David Carmo (NFO)",18,0,"MCI",509,1,"SGW"
"David Carmo (NFO)",19,0,"EVE",509,1,"SGW"
"David Carmo (NFO)",20,0,"AVL",509,1,"SGW"
"David Carmo (NFO)",21,0,"WHU",509,1,"SGW"
"David Carmo (NFO)",22,0,"ARS",509,1,"SGW"
"David Carmo (NFO)",23,0,"BRE",509,1,"SGW"
"Davies (TOT)",1,0,"BUR",571,1,"SGW"
"Davies (TOT)",2,0,"MCI",571,1,"SGW"
"Davies (TOT)",3,0,"BOU",571,1,"SGW"
"Davies (TOT)",4,0,"WHU",571,1,"SGW"
"Davies (TOT)",5,0,"BHA",571,1,"SGW"
"Davies (TOT)",6,0,"WOL",571,1,"SGW"
"Davies (TOT)",7,0,"LEE",571,1,"SGW"
"Davies (TOT)",8,0,"AVL",571,1,"SGW"
"Davies (TOT)",9,0,"EVE",571,1,"SGW"
"Davies (TOT)",10,0,"CHE",571,1,"SGW"
"Davies (TOT)",11,0,"MUN",571,1,"SGW"
"Davies (TOT)",12,0,"ARS",571,1,"SGW"
"Davies (TOT)",13,0,"FUL",571,1,"SGW"
"Davies (TOT)",14,0,"NEW",571,1,"SGW"
"Davies (TOT)",15,0,"BRE",571,1,"SGW"
"Davies (TOT)",16,1,"NFO",571,1,"SGW"
"Davies (TOT)",17,0,"LIV",571,1,"SGW"
"Davies (TOT)",18,0,"CRY",571,1,"SGW"
"Davies (TOT)",19,0,"BRE",571,1,"SGW"
"Davies (TOT)",20,9,"SUN",571,1,"SGW"
"Davies (TOT)",21,0,"BOU",571,1,"SGW"
"Davies (TOT)",22,0,"WHU",571,1,"SGW"
"Davies (TOT)",23,0,"BUR",571,1,"SGW"
"De Cuyper (BHA)",1,2,"FUL",145,1,"SGW"
"De Cuyper (BHA)",2,0,"EVE",145,1,"SGW"
"De Cuyper (BHA)",3,2,"MCI",145,1,"SGW"
"De Cuyper (BHA)",4,1,"BOU",145,1,"SGW"
"De Cuyper (BHA)",5,0,"TOT",145,1,"SGW"
"De Cuyper (BHA)",6,8,"CHE",145,1,"SGW"
"De Cuyper (BHA)",7,1,"WOL",145,1,"SGW"
"De Cuyper (BHA)",8,1,"NEW",145,1,"SGW"
"De Cuyper (BHA)",9,0,"MUN",145,1,"SGW"
"De Cuyper (BHA)",10,0,"LEE",145,1,"SGW"
"De Cuyper (BHA)",11,1,"CRY",145,1,"SGW"
"De Cuyper (BHA)",12,1,"BRE",145,1,"SGW"
"De Cuyper (BHA)",13,15,"NFO",145,1,"SGW"
"De Cuyper (BHA)",14,0,"AVL",145,1,"SGW"
"De Cuyper (BHA)",15,8,"WHU",145,1,"SGW"
"De Cuyper (BHA)",16,0,"LIV",145,1,"SGW"
"De Cuyper (BHA)",17,6,"SUN",145,1,"SGW"
"De Cuyper (BHA)",18,1,"ARS",145,1,"SGW"
"De Cuyper (BHA)",19,0,"WHU",145,1,"SGW"
"De Cuyper (BHA)",20,1,"BUR",145,1,"SGW"
"De Cuyper (BHA)",21,1,"MCI",145,1,"SGW"
"De Cuyper (BHA)",22,0,"BOU",145,1,"SGW"
"De Cuyper (BHA)",23,1,"FUL",145,1,"SGW"
"De Ligt (MUN)",1,4,"ARS",436,1,"SGW"
"De Ligt (MUN)",2,7,"FUL",436,1,"SGW"
"De Ligt (MUN)",3,1,"BUR",436,1,"SGW"
"De Ligt (MUN)",4,1,"MCI",436,1,"SGW"
"De Ligt (MUN)",5,2,"CHE",436,1,"SGW"
"De Ligt (MUN)",6,3,"BRE",436,1,"SGW"
"De Ligt (MUN)",7,8,"SUN",436,1,"SGW"
"De Ligt (MUN)",8,2,"LIV",436,1,"SGW"
"De Ligt (MUN)",9,1,"BHA",436,1,"SGW"
"De Ligt (MUN)",10,1,"NFO",436,1,"SGW"
"De Ligt (MUN)",11,9,"TOT",436,1,"SGW"
"De Ligt (MUN)",12,2,"EVE",436,1,"SGW"
"De Ligt (MUN)",13,2,"CRY",436,1,"SGW"
"De Ligt (MUN)",14,0,"WHU",436,1,"SGW"
"De Ligt (MUN)",15,0,"WOL",436,1,"SGW"
"De Ligt (MUN)",16,0,"BOU",436,1,"SGW"
"De Ligt (MUN)",17,0,"AVL",436,1,"SGW"
"De Ligt (MUN)",18,0,"NEW",436,1,"SGW"
"De Ligt (MUN)",19,0,"WOL",436,1,"SGW"
"De Ligt (MUN)",20,0,"LEE",436,1,"SGW"
"De Ligt (MUN)",21,0,"BUR",436,1,"SGW"
"De Ligt (MUN)",22,0,"MCI",436,1,"SGW"
"De Ligt (MUN)",23,0,"ARS",436,1,"SGW"
"Delap (CHE)",1,1,"CRY",250,1,"SGW"
"Delap (CHE)",2,2,"WHU",250,1,"SGW"
"Delap (CHE)",3,1,"FUL",250,1,"SGW"
"Delap (CHE)",4,0,"BRE",250,1,"SGW"
"Delap (CHE)",5,0,"MUN",250,1,"SGW"
"Delap (CHE)",6,0,"BHA",250,1,"SGW"
"Delap (CHE)",7,0,"LIV",250,1,"SGW"
"Delap (CHE)",8,0,"NFO",250,1,"SGW"
"Delap (CHE)",9,0,"SUN",250,1,"SGW"
"Delap (CHE)",10,0,"TOT",250,1,"SGW"
"Delap (CHE)",11,2,"WOL",250,1,"SGW"
"Delap (CHE)",12,2,"BUR",250,1,"SGW"
"Delap (CHE)",13,1,"ARS",250,1,"SGW"
"Delap (CHE)",14,2,"LEE",250,1,"SGW"
"Delap (CHE)",15,1,"BOU",250,1,"SGW"
"Delap (CHE)",16,0,"EVE",250,1,"SGW"
"Delap (CHE)",17,0,"NEW",250,1,"SGW"
"Delap (CHE)",18,0,"AVL",250,1,"SGW"
"Delap (CHE)",19,2,"BOU",250,1,"SGW"
"Delap (CHE)",20,0,"MCI",250,1,"SGW"
"Delap (CHE)",21,7,"FUL",250,1,"SGW"
"Delap (CHE)",22,4,"BRE",250,1,"SGW"
"Delap (CHE)",23,1,"CRY",250,1,"SGW"
"Delcroix (BUR)",1,0,"TOT",188,1,"SGW"
"Delcroix (BUR)",2,0,"SUN",188,1,"SGW"
"Delcroix (BUR)",3,0,"MUN",188,1,"SGW"
"Delcroix (BUR)",4,0,"LIV",188,1,"SGW"
"Delcroix (BUR)",5,0,"NFO",188,1,"SGW"
"Delcroix (BUR)",6,0,"MCI",188,1,"SGW"
"Delcroix (BUR)",7,0,"AVL",188,1,"SGW"
"Delcroix (BUR)",8,0,"LEE",188,1,"SGW"
"Delcroix (BUR)",9,0,"WOL",188,1,"SGW"
"Delcroix (BUR)",10,0,"ARS",188,1,"SGW"
"Delcroix (BUR)",11,0,"WHU",188,1,"SGW"
"Delcroix (BUR)",12,0,"CHE",188,1,"SGW"
"Delcroix (BUR)",13,0,"BRE",188,1,"SGW"
"Delcroix (BUR)",14,0,"CRY",188,1,"SGW"
"Delcroix (BUR)",15,0,"NEW",188,1,"SGW"
"Delcroix (BUR)",16,0,"FUL",188,1,"SGW"
"Delcroix (BUR)",17,0,"BOU",188,1,"SGW"
"Delcroix (BUR)",18,0,"EVE",188,1,"SGW"
"Delcroix (BUR)",19,0,"NEW",188,1,"SGW"
"Delcroix (BUR)",20,0,"BHA",188,1,"SGW"
"Delcroix (BUR)",21,0,"MUN",188,1,"SGW"
"Delcroix (BUR)",22,0,"LIV",188,1,"SGW"
"Delcroix (BUR)",23,0,"TOT",188,1,"SGW"
"Dendoncker (AVL)",1,0,"NEW",61,1,"SGW"
"Dendoncker (AVL)",2,0,"BRE",61,1,"SGW"
"Dendoncker (AVL)",3,0,"CRY",61,1,"SGW"
"Dendoncker (AVL)",4,0,"EVE",61,1,"SGW"
"Dendoncker (AVL)",5,0,"SUN",61,1,"SGW"
"Dendoncker (AVL)",6,0,"FUL",61,1,"SGW"
"Dendoncker (AVL)",7,0,"BUR",61,1,"SGW"
"Dendoncker (AVL)",8,0,"TOT",61,1,"SGW"
"Dendoncker (AVL)",9,0,"MCI",61,1,"SGW"
"Dendoncker (AVL)",10,0,"LIV",61,1,"SGW"
"Dendoncker (AVL)",11,0,"BOU",61,1,"SGW"
"Dendoncker (AVL)",12,0,"LEE",61,1,"SGW"
"Dendoncker (AVL)",13,0,"WOL",61,1,"SGW"
"Dendoncker (AVL)",14,0,"BHA",61,1,"SGW"
"Dendoncker (AVL)",15,0,"ARS",61,1,"SGW"
"Dendoncker (AVL)",16,0,"WHU",61,1,"SGW"
"Dendoncker (AVL)",17,0,"MUN",61,1,"SGW"
"Dendoncker (AVL)",18,0,"CHE",61,1,"SGW"
"Dendoncker (AVL)",19,0,"ARS",61,1,"SGW"
"Dendoncker (AVL)",20,0,"NFO",61,1,"SGW"
"Dendoncker (AVL)",21,0,"CRY",61,1,"SGW"
"Dendoncker (AVL)",22,0,"EVE",61,1,"SGW"
"Dendoncker (AVL)",23,0,"NEW",61,1,"SGW"
"Dennis (BOU)",1,0,"LIV",68,1,"SGW"
"Dennis (BOU)",2,0,"WOL",68,1,"SGW"
"Dennis (BOU)",3,0,"TOT",68,1,"SGW"
"Dennis (BOU)",4,0,"BHA",68,1,"SGW"
"Dennis (BOU)",5,0,"NEW",68,1,"SGW"
"Dennis (BOU)",6,0,"LEE",68,1,"SGW"
"Dennis (BOU)",7,0,"FUL",68,1,"SGW"
"Dennis (BOU)",8,0,"CRY",68,1,"SGW"
"Dennis (BOU)",9,0,"NFO",68,1,"SGW"
"Dennis (BOU)",10,0,"MCI",68,1,"SGW"
"Dennis (BOU)",11,0,"AVL",68,1,"SGW"
"Dennis (BOU)",12,0,"WHU",68,1,"SGW"
"Dennis (BOU)",13,0,"SUN",68,1,"SGW"
"Dennis (BOU)",14,0,"EVE",68,1,"SGW"
"Dennis (BOU)",15,0,"CHE",68,1,"SGW"
"Dennis (BOU)",16,0,"MUN",68,1,"SGW"
"Dennis (BOU)",17,0,"BUR",68,1,"SGW"
"Dennis (BOU)",18,0,"BRE",68,1,"SGW"
"Dennis (BOU)",19,0,"CHE",68,1,"SGW"
"Dennis (BOU)",20,0,"ARS",68,1,"SGW"
"Dennis (BOU)",21,0,"TOT",68,1,"SGW"
"Dennis (BOU)",22,0,"BHA",68,1,"SGW"
"Dennis (BOU)",23,0,"LIV",68,1,"SGW"
"Devenny (CRY)",1,1,"CHE",276,1,"SGW"
"Devenny (CRY)",2,2,"NFO",276,1,"SGW"
"Devenny (CRY)",3,1,"AVL",276,1,"SGW"
"Devenny (CRY)",4,1,"SUN",276,1,"SGW"
"Devenny (CRY)",5,1,"WHU",276,1,"SGW"
"Devenny (CRY)",6,1,"LIV",276,1,"SGW"
"Devenny (CRY)",7,1,"EVE",276,1,"SGW"
"Devenny (CRY)",8,0,"BOU",276,1,"SGW"
"Devenny (CRY)",9,0,"ARS",276,1,"SGW"
"Devenny (CRY)",10,1,"BRE",276,1,"SGW"
"Devenny (CRY)",11,0,"BHA",276,1,"SGW"
"Devenny (CRY)",12,1,"WOL",276,1,"SGW"
"Devenny (CRY)",13,1,"MUN",276,1,"SGW"
"Devenny (CRY)",14,1,"BUR",276,1,"SGW"
"Devenny (CRY)",15,1,"FUL",276,1,"SGW"
"Devenny (CRY)",16,0,"MCI",276,1,"SGW"
"Devenny (CRY)",17,6,"LEE",276,1,"SGW"
"Devenny (CRY)",18,2,"TOT",276,1,"SGW"
"Devenny (CRY)",19,2,"FUL",276,1,"SGW"
"Devenny (CRY)",20,1,"NEW",276,1,"SGW"
"Devenny (CRY)",21,3,"AVL",276,1,"SGW"
"Devenny (CRY)",22,2,"SUN",276,1,"SGW"
"Devenny (CRY)",23,0,"CHE",276,1,"SGW"
"Dewsbury-Hall (EVE)",1,2,"LEE",242,1,"SGW"
"Dewsbury-Hall (EVE)",2,2,"BHA",242,1,"SGW"
"Dewsbury-Hall (EVE)",3,12,"WOL",242,1,"SGW"
"Dewsbury-Hall (EVE)",4,2,"AVL",242,1,"SGW"
"Dewsbury-Hall (EVE)",5,1,"LIV",242,1,"SGW"
"Dewsbury-Hall (EVE)",6,1,"WHU",242,1,"SGW"
"Dewsbury-Hall (EVE)",7,0,"CRY",242,1,"SGW"
"Dewsbury-Hall (EVE)",8,2,"MCI",242,1,"SGW"
"Dewsbury-Hall (EVE)",9,2,"TOT",242,1,"SGW"
"Dewsbury-Hall (EVE)",10,2,"SUN",242,1,"SGW"
"Dewsbury-Hall (EVE)",11,9,"FUL",242,1,"SGW"
"Dewsbury-Hall (EVE)",12,13,"MUN",242,1,"SGW"
"Dewsbury-Hall (EVE)",13,7,"NEW",242,1,"SGW"
"Dewsbury-Hall (EVE)",14,3,"BOU",242,1,"SGW"
"Dewsbury-Hall (EVE)",15,16,"NFO",242,1,"SGW"
"Dewsbury-Hall (EVE)",16,1,"CHE",242,1,"SGW"
"Dewsbury-Hall (EVE)",17,0,"ARS",242,1,"SGW"
"Dewsbury-Hall (EVE)",18,0,"BUR",242,1,"SGW"
"Dewsbury-Hall (EVE)",19,0,"NFO",242,1,"SGW"
"Dewsbury-Hall (EVE)",20,0,"BRE",242,1,"SGW"
"Dewsbury-Hall (EVE)",21,0,"WOL",242,1,"SGW"
"Dewsbury-Hall (EVE)",22,0,"AVL",242,1,"SGW"
"Dewsbury-Hall (EVE)",23,1,"LEE",242,1,"SGW"
"Diakité (BOU)",1,0,"LIV",685,1,"SGW"
"Diakité (BOU)",2,10,"WOL",685,1,"SGW"
"Diakité (BOU)",3,6,"TOT",685,1,"SGW"
"Diakité (BOU)",4,0,"BHA",685,1,"SGW"
"Diakité (BOU)",5,5,"NEW",685,1,"SGW"
"Diakité (BOU)",6,3,"LEE",685,1,"SGW"
"Diakité (BOU)",7,2,"FUL",685,1,"SGW"
"Diakité (BOU)",8,3,"CRY",685,1,"SGW"
"Diakité (BOU)",9,0,"NFO",685,1,"SGW"
"Diakité (BOU)",10,1,"MCI",685,1,"SGW"
"Diakité (BOU)",11,0,"AVL",685,1,"SGW"
"Diakité (BOU)",12,0,"WHU",685,1,"SGW"
"Diakité (BOU)",13,1,"SUN",685,1,"SGW"
"Diakité (BOU)",14,4,"EVE",685,1,"SGW"
"Diakité (BOU)",15,6,"CHE",685,1,"SGW"
"Diakité (BOU)",16,0,"MUN",685,1,"SGW"
"Diakité (BOU)",17,2,"BUR",685,1,"SGW"
"Diakité (BOU)",18,0,"BRE",685,1,"SGW"
"Diakité (BOU)",19,0,"CHE",685,1,"SGW"
"Diakité (BOU)",20,0,"ARS",685,1,"SGW"
"Diakité (BOU)",21,1,"TOT",685,1,"SGW"
"Diakité (BOU)",22,1,"BHA",685,1,"SGW"
"Diakité (BOU)",23,0,"LIV",685,1,"SGW"
"Diarra (SUN)",1,3,"WHU",544,1,"SGW"
"Diarra (SUN)",2,2,"BUR",544,1,"SGW"
"Diarra (SUN)",3,4,"BRE",544,1,"SGW"
"Diarra (SUN)",4,3,"CRY",544,1,"SGW"
"Diarra (SUN)",5,0,"AVL",544,1,"SGW"
"Diarra (SUN)",6,0,"NFO",544,1,"SGW"
"Diarra (SUN)",7,0,"MUN",544,1,"SGW"
"Diarra (SUN)",8,0,"WOL",544,1,"SGW"
"Diarra (SUN)",9,0,"CHE",544,1,"SGW"
"Diarra (SUN)",10,0,"EVE",544,1,"SGW"
"Diarra (SUN)",11,0,"ARS",544,1,"SGW"
"Diarra (SUN)",12,0,"FUL",544,1,"SGW"
"Diarra (SUN)",13,0,"BOU",544,1,"SGW"
"Diarra (SUN)",14,0,"LIV",544,1,"SGW"
"Diarra (SUN)",15,0,"MCI",544,1,"SGW"
"Diarra (SUN)",16,0,"NEW",544,1,"SGW"
"Diarra (SUN)",17,1,"BHA",544,1,"SGW"
"Diarra (SUN)",18,0,"LEE",544,1,"SGW"
"Diarra (SUN)",19,0,"MCI",544,1,"SGW"
"Diarra (SUN)",20,0,"TOT",544,1,"SGW"
"Diarra (SUN)",21,0,"BRE",544,1,"SGW"
"Diarra (SUN)",22,0,"CRY",544,1,"SGW"
"Diarra (SUN)",23,0,"WHU",544,1,"SGW"
"Dibling (EVE)",1,NA,NA,707,NA,"BGW"
"Dibling (EVE)",2,NA,NA,707,NA,"BGW"
"Dibling (EVE)",3,0,"WOL",707,1,"SGW"
"Dibling (EVE)",4,0,"AVL",707,1,"SGW"
"Dibling (EVE)",5,1,"LIV",707,1,"SGW"
"Dibling (EVE)",6,1,"WHU",707,1,"SGW"
"Dibling (EVE)",7,1,"CRY",707,1,"SGW"
"Dibling (EVE)",8,0,"MCI",707,1,"SGW"
"Dibling (EVE)",9,0,"TOT",707,1,"SGW"
"Dibling (EVE)",10,0,"SUN",707,1,"SGW"
"Dibling (EVE)",11,0,"FUL",707,1,"SGW"
"Dibling (EVE)",12,0,"MUN",707,1,"SGW"
"Dibling (EVE)",13,1,"NEW",707,1,"SGW"
"Dibling (EVE)",14,0,"BOU",707,1,"SGW"
"Dibling (EVE)",15,1,"NFO",707,1,"SGW"
"Dibling (EVE)",16,1,"CHE",707,1,"SGW"
"Dibling (EVE)",17,1,"ARS",707,1,"SGW"
"Dibling (EVE)",18,2,"BUR",707,1,"SGW"
"Dibling (EVE)",19,5,"NFO",707,1,"SGW"
"Dibling (EVE)",20,1,"BRE",707,1,"SGW"
"Dibling (EVE)",21,0,"WOL",707,1,"SGW"
"Dibling (EVE)",22,0,"AVL",707,1,"SGW"
"Dibling (EVE)",23,1,"LEE",707,1,"SGW"
"Digne (AVL)",1,6,"NEW",37,1,"SGW"
"Digne (AVL)",2,2,"BRE",37,1,"SGW"
"Digne (AVL)",3,1,"CRY",37,1,"SGW"
"Digne (AVL)",4,5,"EVE",37,1,"SGW"
"Digne (AVL)",5,1,"SUN",37,1,"SGW"
"Digne (AVL)",6,5,"FUL",37,1,"SGW"
"Digne (AVL)",7,1,"BUR",37,1,"SGW"
"Digne (AVL)",8,5,"TOT",37,1,"SGW"
"Digne (AVL)",9,6,"MCI",37,1,"SGW"
"Digne (AVL)",10,1,"LIV",37,1,"SGW"
"Digne (AVL)",11,9,"BOU",37,1,"SGW"
"Digne (AVL)",12,1,"LEE",37,1,"SGW"
"Digne (AVL)",13,7,"WOL",37,1,"SGW"
"Digne (AVL)",14,1,"BHA",37,1,"SGW"
"Digne (AVL)",15,0,"ARS",37,1,"SGW"
"Digne (AVL)",16,1,"WHU",37,1,"SGW"
"Digne (AVL)",17,1,"MUN",37,1,"SGW"
"Digne (AVL)",18,1,"CHE",37,1,"SGW"
"Digne (AVL)",19,0,"ARS",37,1,"SGW"
"Digne (AVL)",20,1,"NFO",37,1,"SGW"
"Digne (AVL)",21,9,"CRY",37,1,"SGW"
"Digne (AVL)",22,1,"EVE",37,1,"SGW"
"Digne (AVL)",23,3,"NEW",37,1,"SGW"
"Diop (FUL)",1,0,"BHA",320,1,"SGW"
"Diop (FUL)",2,0,"MUN",320,1,"SGW"
"Diop (FUL)",3,0,"CHE",320,1,"SGW"
"Diop (FUL)",4,0,"LEE",320,1,"SGW"
"Diop (FUL)",5,0,"BRE",320,1,"SGW"
"Diop (FUL)",6,0,"AVL",320,1,"SGW"
"Diop (FUL)",7,2,"BOU",320,1,"SGW"
"Diop (FUL)",8,1,"ARS",320,1,"SGW"
"Diop (FUL)",9,1,"NEW",320,1,"SGW"
"Diop (FUL)",10,0,"WOL",320,1,"SGW"
"Diop (FUL)",11,0,"EVE",320,1,"SGW"
"Diop (FUL)",12,0,"SUN",320,1,"SGW"
"Diop (FUL)",13,0,"TOT",320,1,"SGW"
"Diop (FUL)",14,0,"MCI",320,1,"SGW"
"Diop (FUL)",15,0,"CRY",320,1,"SGW"
"Diop (FUL)",16,0,"BUR",320,1,"SGW"
"Diop (FUL)",17,1,"NFO",320,1,"SGW"
"Diop (FUL)",18,1,"WHU",320,1,"SGW"
"Diop (FUL)",19,0,"CRY",320,1,"SGW"
"Diop (FUL)",20,1,"LIV",320,1,"SGW"
"Diop (FUL)",21,2,"CHE",320,1,"SGW"
"Diop (FUL)",22,1,"LEE",320,1,"SGW"
"Diop (FUL)",23,0,"BHA",320,1,"SGW"
"Diouf (WHU)",1,1,"SUN",603,1,"SGW"
"Diouf (WHU)",2,3,"CHE",603,1,"SGW"
"Diouf (WHU)",3,10,"NFO",603,1,"SGW"
"Diouf (WHU)",4,1,"TOT",603,1,"SGW"
"Diouf (WHU)",5,3,"CRY",603,1,"SGW"
"Diouf (WHU)",6,5,"EVE",603,1,"SGW"
"Diouf (WHU)",7,3,"ARS",603,1,"SGW"
"Diouf (WHU)",8,1,"BRE",603,1,"SGW"
"Diouf (WHU)",9,1,"LEE",603,1,"SGW"
"Diouf (WHU)",10,2,"NEW",603,1,"SGW"
"Diouf (WHU)",11,1,"BUR",603,1,"SGW"
"Diouf (WHU)",12,3,"BOU",603,1,"SGW"
"Diouf (WHU)",13,1,"LIV",603,1,"SGW"
"Diouf (WHU)",14,3,"MUN",603,1,"SGW"
"Diouf (WHU)",15,6,"BHA",603,1,"SGW"
"Diouf (WHU)",16,0,"AVL",603,1,"SGW"
"Diouf (WHU)",17,0,"MCI",603,1,"SGW"
"Diouf (WHU)",18,0,"FUL",603,1,"SGW"
"Diouf (WHU)",19,0,"BHA",603,1,"SGW"
"Diouf (WHU)",20,0,"WOL",603,1,"SGW"
"Diouf (WHU)",21,0,"NFO",603,1,"SGW"
"Diouf (WHU)",22,0,"TOT",603,1,"SGW"
"Diouf (WHU)",23,1,"SUN",603,1,"SGW"
"Dixon (EVE)",1,0,"LEE",297,1,"SGW"
"Dixon (EVE)",2,0,"BHA",297,1,"SGW"
"Dixon (EVE)",3,0,"WOL",297,1,"SGW"
"Dixon (EVE)",4,0,"AVL",297,1,"SGW"
"Dixon (EVE)",5,0,"LIV",297,1,"SGW"
"Dixon (EVE)",6,0,"WHU",297,1,"SGW"
"Dixon (EVE)",7,0,"CRY",297,1,"SGW"
"Dixon (EVE)",8,0,"MCI",297,1,"SGW"
"Dixon (EVE)",9,0,"TOT",297,1,"SGW"
"Dixon (EVE)",10,0,"SUN",297,1,"SGW"
"Dixon (EVE)",11,0,"FUL",297,1,"SGW"
"Dixon (EVE)",12,0,"MUN",297,1,"SGW"
"Dixon (EVE)",13,0,"NEW",297,1,"SGW"
"Dixon (EVE)",14,0,"BOU",297,1,"SGW"
"Dixon (EVE)",15,0,"NFO",297,1,"SGW"
"Dixon (EVE)",16,0,"CHE",297,1,"SGW"
"Dixon (EVE)",17,0,"ARS",297,1,"SGW"
"Dixon (EVE)",18,0,"BUR",297,1,"SGW"
"Dixon (EVE)",19,0,"NFO",297,1,"SGW"
"Dixon (EVE)",20,0,"BRE",297,1,"SGW"
"Dixon (EVE)",21,0,"WOL",297,1,"SGW"
"Dixon (EVE)",22,0,"AVL",297,1,"SGW"
"Dixon (EVE)",23,0,"LEE",297,1,"SGW"
"Dobbin (AVL)",1,0,"NEW",57,1,"SGW"
"Dobbin (AVL)",2,0,"BRE",57,1,"SGW"
"Dobbin (AVL)",3,0,"CRY",57,1,"SGW"
"Dobbin (AVL)",4,0,"EVE",57,1,"SGW"
"Dobbin (AVL)",5,0,"SUN",57,1,"SGW"
"Dobbin (AVL)",6,0,"FUL",57,1,"SGW"
"Dobbin (AVL)",7,0,"BUR",57,1,"SGW"
"Dobbin (AVL)",8,0,"TOT",57,1,"SGW"
"Dobbin (AVL)",9,0,"MCI",57,1,"SGW"
"Dobbin (AVL)",10,0,"LIV",57,1,"SGW"
"Dobbin (AVL)",11,0,"BOU",57,1,"SGW"
"Dobbin (AVL)",12,0,"LEE",57,1,"SGW"
"Dobbin (AVL)",13,0,"WOL",57,1,"SGW"
"Dobbin (AVL)",14,0,"BHA",57,1,"SGW"
"Dobbin (AVL)",15,0,"ARS",57,1,"SGW"
"Dobbin (AVL)",16,0,"WHU",57,1,"SGW"
"Dobbin (AVL)",17,0,"MUN",57,1,"SGW"
"Dobbin (AVL)",18,0,"CHE",57,1,"SGW"
"Dobbin (AVL)",19,0,"ARS",57,1,"SGW"
"Dobbin (AVL)",20,0,"NFO",57,1,"SGW"
"Dobbin (AVL)",21,0,"CRY",57,1,"SGW"
"Dobbin (AVL)",22,0,"EVE",57,1,"SGW"
"Dobbin (AVL)",23,0,"NEW",57,1,"SGW"
"Dodgson (BUR)",1,0,"TOT",189,1,"SGW"
"Dodgson (BUR)",2,0,"SUN",189,1,"SGW"
"Dodgson (BUR)",3,0,"MUN",189,1,"SGW"
"Dodgson (BUR)",4,0,"LIV",189,1,"SGW"
"Dodgson (BUR)",5,0,"NFO",189,1,"SGW"
"Dodgson (BUR)",6,0,"MCI",189,1,"SGW"
"Dodgson (BUR)",7,0,"AVL",189,1,"SGW"
"Dodgson (BUR)",8,0,"LEE",189,1,"SGW"
"Dodgson (BUR)",9,0,"WOL",189,1,"SGW"
"Dodgson (BUR)",10,0,"ARS",189,1,"SGW"
"Dodgson (BUR)",11,0,"WHU",189,1,"SGW"
"Dodgson (BUR)",12,0,"CHE",189,1,"SGW"
"Dodgson (BUR)",13,0,"BRE",189,1,"SGW"
"Dodgson (BUR)",14,0,"CRY",189,1,"SGW"
"Dodgson (BUR)",15,0,"NEW",189,1,"SGW"
"Dodgson (BUR)",16,0,"FUL",189,1,"SGW"
"Dodgson (BUR)",17,0,"BOU",189,1,"SGW"
"Dodgson (BUR)",18,0,"EVE",189,1,"SGW"
"Dodgson (BUR)",19,0,"NEW",189,1,"SGW"
"Dodgson (BUR)",20,0,"BHA",189,1,"SGW"
"Dodgson (BUR)",21,0,"MUN",189,1,"SGW"
"Dodgson (BUR)",22,0,"LIV",189,1,"SGW"
"Dodgson (BUR)",23,0,"TOT",189,1,"SGW"
"Doherty (WOL)",1,-1,"MCI",632,1,"SGW"
"Doherty (WOL)",2,1,"BOU",632,1,"SGW"
"Doherty (WOL)",3,0,"EVE",632,1,"SGW"
"Doherty (WOL)",4,0,"NEW",632,1,"SGW"
"Doherty (WOL)",5,0,"LEE",632,1,"SGW"
"Doherty (WOL)",6,0,"TOT",632,1,"SGW"
"Doherty (WOL)",7,0,"BHA",632,1,"SGW"
"Doherty (WOL)",8,2,"SUN",632,1,"SGW"
"Doherty (WOL)",9,0,"BUR",632,1,"SGW"
"Doherty (WOL)",10,0,"FUL",632,1,"SGW"
"Doherty (WOL)",11,0,"CHE",632,1,"SGW"
"Doherty (WOL)",12,0,"CRY",632,1,"SGW"
"Doherty (WOL)",13,0,"AVL",632,1,"SGW"
"Doherty (WOL)",14,0,"NFO",632,1,"SGW"
"Doherty (WOL)",15,0,"MUN",632,1,"SGW"
"Doherty (WOL)",16,5,"ARS",632,1,"SGW"
"Doherty (WOL)",17,1,"BRE",632,1,"SGW"
"Doherty (WOL)",18,1,"LIV",632,1,"SGW"
"Doherty (WOL)",19,2,"MUN",632,1,"SGW"
"Doherty (WOL)",20,0,"WHU",632,1,"SGW"
"Doherty (WOL)",21,0,"EVE",632,1,"SGW"
"Doherty (WOL)",22,0,"NEW",632,1,"SGW"
"Doherty (WOL)",23,0,"MCI",632,1,"SGW"
"Doku (MCI)",1,3,"WOL",418,1,"SGW"
"Doku (MCI)",2,1,"TOT",418,1,"SGW"
"Doku (MCI)",3,1,"BHA",418,1,"SGW"
"Doku (MCI)",4,10,"MUN",418,1,"SGW"
"Doku (MCI)",5,3,"ARS",418,1,"SGW"
"Doku (MCI)",6,10,"BUR",418,1,"SGW"
"Doku (MCI)",7,1,"BRE",418,1,"SGW"
"Doku (MCI)",8,1,"EVE",418,1,"SGW"
"Doku (MCI)",9,1,"AVL",418,1,"SGW"
"Doku (MCI)",10,2,"BOU",418,1,"SGW"
"Doku (MCI)",11,11,"LIV",418,1,"SGW"
"Doku (MCI)",12,2,"NEW",418,1,"SGW"
"Doku (MCI)",13,2,"LEE",418,1,"SGW"
"Doku (MCI)",14,8,"FUL",418,1,"SGW"
"Doku (MCI)",15,3,"SUN",418,1,"SGW"
"Doku (MCI)",16,0,"CRY",418,1,"SGW"
"Doku (MCI)",17,0,"WHU",418,1,"SGW"
"Doku (MCI)",18,0,"NFO",418,1,"SGW"
"Doku (MCI)",19,1,"SUN",418,1,"SGW"
"Doku (MCI)",20,1,"CHE",418,1,"SGW"
"Doku (MCI)",21,8,"BHA",418,1,"SGW"
"Doku (MCI)",22,2,"MUN",418,1,"SGW"
"Doku (MCI)",23,1,"WOL",418,1,"SGW"
"Dominguez (NFO)",1,0,"BRE",519,1,"SGW"
"Dominguez (NFO)",2,0,"CRY",519,1,"SGW"
"Dominguez (NFO)",3,0,"WHU",519,1,"SGW"
"Dominguez (NFO)",4,0,"ARS",519,1,"SGW"
"Dominguez (NFO)",5,0,"BUR",519,1,"SGW"
"Dominguez (NFO)",6,0,"SUN",519,1,"SGW"
"Dominguez (NFO)",7,0,"NEW",519,1,"SGW"
"Dominguez (NFO)",8,0,"CHE",519,1,"SGW"
"Dominguez (NFO)",9,1,"BOU",519,1,"SGW"
"Dominguez (NFO)",10,0,"MUN",519,1,"SGW"
"Dominguez (NFO)",11,1,"LEE",519,1,"SGW"
"Dominguez (NFO)",12,3,"LIV",519,1,"SGW"
"Dominguez (NFO)",13,1,"BHA",519,1,"SGW"
"Dominguez (NFO)",14,1,"WOL",519,1,"SGW"
"Dominguez (NFO)",15,1,"EVE",519,1,"SGW"
"Dominguez (NFO)",16,0,"TOT",519,1,"SGW"
"Dominguez (NFO)",17,0,"FUL",519,1,"SGW"
"Dominguez (NFO)",18,2,"MCI",519,1,"SGW"
"Dominguez (NFO)",19,1,"EVE",519,1,"SGW"
"Dominguez (NFO)",20,4,"AVL",519,1,"SGW"
"Dominguez (NFO)",21,10,"WHU",519,1,"SGW"
"Dominguez (NFO)",22,3,"ARS",519,1,"SGW"
"Dominguez (NFO)",23,3,"BRE",519,1,"SGW"
"Donnarumma (MCI)",1,NA,NA,736,NA,"BGW"
"Donnarumma (MCI)",2,NA,NA,736,NA,"BGW"
"Donnarumma (MCI)",3,NA,NA,736,NA,"BGW"
"Donnarumma (MCI)",4,6,"MUN",736,1,"SGW"
"Donnarumma (MCI)",5,1,"ARS",736,1,"SGW"
"Donnarumma (MCI)",6,2,"BUR",736,1,"SGW"
"Donnarumma (MCI)",7,6,"BRE",736,1,"SGW"
"Donnarumma (MCI)",8,6,"EVE",736,1,"SGW"
"Donnarumma (MCI)",9,2,"AVL",736,1,"SGW"
"Donnarumma (MCI)",10,2,"BOU",736,1,"SGW"
"Donnarumma (MCI)",11,6,"LIV",736,1,"SGW"
"Donnarumma (MCI)",12,1,"NEW",736,1,"SGW"
"Donnarumma (MCI)",13,5,"LEE",736,1,"SGW"
"Donnarumma (MCI)",14,0,"FUL",736,1,"SGW"
"Donnarumma (MCI)",15,6,"SUN",736,1,"SGW"
"Donnarumma (MCI)",16,7,"CRY",736,1,"SGW"
"Donnarumma (MCI)",17,7,"WHU",736,1,"SGW"
"Donnarumma (MCI)",18,2,"NFO",736,1,"SGW"
"Donnarumma (MCI)",19,7,"SUN",736,1,"SGW"
"Donnarumma (MCI)",20,2,"CHE",736,1,"SGW"
"Donnarumma (MCI)",21,1,"BHA",736,1,"SGW"
"Donnarumma (MCI)",22,2,"MUN",736,1,"SGW"
"Donnarumma (MCI)",23,8,"WOL",736,1,"SGW"
"Donovan (BRE)",1,0,"NFO",130,1,"SGW"
"Donovan (BRE)",2,0,"AVL",130,1,"SGW"
"Donovan (BRE)",3,0,"SUN",130,1,"SGW"
"Donovan (BRE)",4,0,"CHE",130,1,"SGW"
"Donovan (BRE)",5,0,"FUL",130,1,"SGW"
"Donovan (BRE)",6,0,"MUN",130,1,"SGW"
"Donovan (BRE)",7,0,"MCI",130,1,"SGW"
"Donovan (BRE)",8,0,"WHU",130,1,"SGW"
"Donovan (BRE)",9,0,"LIV",130,1,"SGW"
"Donovan (BRE)",10,0,"CRY",130,1,"SGW"
"Donovan (BRE)",11,0,"NEW",130,1,"SGW"
"Donovan (BRE)",12,0,"BHA",130,1,"SGW"
"Donovan (BRE)",13,0,"BUR",130,1,"SGW"
"Donovan (BRE)",14,0,"ARS",130,1,"SGW"
"Donovan (BRE)",15,0,"TOT",130,1,"SGW"
"Donovan (BRE)",16,0,"LEE",130,1,"SGW"
"Donovan (BRE)",17,0,"WOL",130,1,"SGW"
"Donovan (BRE)",18,0,"BOU",130,1,"SGW"
"Donovan (BRE)",19,0,"TOT",130,1,"SGW"
"Donovan (BRE)",20,0,"EVE",130,1,"SGW"
"Donovan (BRE)",21,0,"SUN",130,1,"SGW"
"Donovan (BRE)",22,1,"CHE",130,1,"SGW"
"Donovan (BRE)",23,0,"NFO",130,1,"SGW"
"Dorgu (MUN)",1,1,"ARS",441,1,"SGW"
"Dorgu (MUN)",2,2,"FUL",441,1,"SGW"
"Dorgu (MUN)",3,0,"BUR",441,1,"SGW"
"Dorgu (MUN)",4,1,"MCI",441,1,"SGW"
"Dorgu (MUN)",5,5,"CHE",441,1,"SGW"
"Dorgu (MUN)",6,0,"BRE",441,1,"SGW"
"Dorgu (MUN)",7,1,"SUN",441,1,"SGW"
"Dorgu (MUN)",8,1,"LIV",441,1,"SGW"
"Dorgu (MUN)",9,-1,"BHA",441,1,"SGW"
"Dorgu (MUN)",10,1,"NFO",441,1,"SGW"
"Dorgu (MUN)",11,5,"TOT",441,1,"SGW"
"Dorgu (MUN)",12,1,"EVE",441,1,"SGW"
"Dorgu (MUN)",13,1,"CRY",441,1,"SGW"
"Dorgu (MUN)",14,1,"WHU",441,1,"SGW"
"Dorgu (MUN)",15,1,"WOL",441,1,"SGW"
"Dorgu (MUN)",16,1,"BOU",441,1,"SGW"
"Dorgu (MUN)",17,5,"AVL",441,1,"SGW"
"Dorgu (MUN)",18,17,"NEW",441,1,"SGW"
"Dorgu (MUN)",19,2,"WOL",441,1,"SGW"
"Dorgu (MUN)",20,1,"LEE",441,1,"SGW"
"Dorgu (MUN)",21,5,"BUR",441,1,"SGW"
"Dorgu (MUN)",22,15,"MCI",441,1,"SGW"
"Dorgu (MUN)",23,8,"ARS",441,1,"SGW"
"Doucouré (CRY)",1,0,"CHE",268,1,"SGW"
"Doucouré (CRY)",2,0,"NFO",268,1,"SGW"
"Doucouré (CRY)",3,0,"AVL",268,1,"SGW"
"Doucouré (CRY)",4,0,"SUN",268,1,"SGW"
"Doucouré (CRY)",5,0,"WHU",268,1,"SGW"
"Doucouré (CRY)",6,0,"LIV",268,1,"SGW"
"Doucouré (CRY)",7,0,"EVE",268,1,"SGW"
"Doucouré (CRY)",8,0,"BOU",268,1,"SGW"
"Doucouré (CRY)",9,0,"ARS",268,1,"SGW"
"Doucouré (CRY)",10,0,"BRE",268,1,"SGW"
"Doucouré (CRY)",11,0,"BHA",268,1,"SGW"
"Doucouré (CRY)",12,0,"WOL",268,1,"SGW"
"Doucouré (CRY)",13,0,"MUN",268,1,"SGW"
"Doucouré (CRY)",14,0,"BUR",268,1,"SGW"
"Doucouré (CRY)",15,0,"FUL",268,1,"SGW"
"Doucouré (CRY)",16,0,"MCI",268,1,"SGW"
"Doucouré (CRY)",17,0,"LEE",268,1,"SGW"
"Doucouré (CRY)",18,0,"TOT",268,1,"SGW"
"Doucouré (CRY)",19,0,"FUL",268,1,"SGW"
"Doucouré (CRY)",20,0,"NEW",268,1,"SGW"
"Doucouré (CRY)",21,0,"AVL",268,1,"SGW"
"Doucouré (CRY)",22,0,"SUN",268,1,"SGW"
"Doucouré (CRY)",23,0,"CHE",268,1,"SGW"
"Douglas Luiz (NFO)",1,NA,NA,699,NA,"BGW"
"Douglas Luiz (NFO)",2,0,"CRY",699,1,"SGW"
"Douglas Luiz (NFO)",3,0,"WHU",699,1,"SGW"
"Douglas Luiz (NFO)",4,0,"ARS",699,1,"SGW"
"Douglas Luiz (NFO)",5,5,"BUR",699,1,"SGW"
"Douglas Luiz (NFO)",6,0,"SUN",699,1,"SGW"
"Douglas Luiz (NFO)",7,0,"NEW",699,1,"SGW"
"Douglas Luiz (NFO)",8,1,"CHE",699,1,"SGW"
"Douglas Luiz (NFO)",9,0,"BOU",699,1,"SGW"
"Douglas Luiz (NFO)",10,1,"MUN",699,1,"SGW"
"Douglas Luiz (NFO)",11,0,"LEE",699,1,"SGW"
"Douglas Luiz (NFO)",12,0,"LIV",699,1,"SGW"
"Douglas Luiz (NFO)",13,0,"BHA",699,1,"SGW"
"Douglas Luiz (NFO)",14,0,"WOL",699,1,"SGW"
"Douglas Luiz (NFO)",15,0,"EVE",699,1,"SGW"
"Douglas Luiz (NFO)",16,1,"TOT",699,1,"SGW"
"Douglas Luiz (NFO)",17,2,"FUL",699,1,"SGW"
"Douglas Luiz (NFO)",18,0,"MCI",699,1,"SGW"
"Douglas Luiz (NFO)",19,0,"EVE",699,1,"SGW"
"Douglas Luiz (NFO)",20,1,"AVL",699,1,"SGW"
"Douglas Luiz (NFO)",21,0,"WHU",699,1,"SGW"
"Douglas Luiz (NFO)",22,0,"ARS",699,1,"SGW"
"Douglas Luiz (NFO)",23,0,"BRE",699,1,"SGW"
"Dowman (ARS)",1,NA,NA,700,NA,"BGW"
"Dowman (ARS)",2,4,"LEE",700,1,"SGW"
"Dowman (ARS)",3,1,"LIV",700,1,"SGW"
"Dowman (ARS)",4,0,"NFO",700,1,"SGW"
"Dowman (ARS)",5,0,"MCI",700,1,"SGW"
"Dowman (ARS)",6,0,"NEW",700,1,"SGW"
"Dowman (ARS)",7,0,"WHU",700,1,"SGW"
"Dowman (ARS)",8,0,"FUL",700,1,"SGW"
"Dowman (ARS)",9,0,"CRY",700,1,"SGW"
"Dowman (ARS)",10,0,"BUR",700,1,"SGW"
"Dowman (ARS)",11,0,"SUN",700,1,"SGW"
"Dowman (ARS)",12,0,"TOT",700,1,"SGW"
"Dowman (ARS)",13,0,"CHE",700,1,"SGW"
"Dowman (ARS)",14,0,"BRE",700,1,"SGW"
"Dowman (ARS)",15,0,"AVL",700,1,"SGW"
"Dowman (ARS)",16,0,"WOL",700,1,"SGW"
"Dowman (ARS)",17,0,"EVE",700,1,"SGW"
"Dowman (ARS)",18,0,"BHA",700,1,"SGW"
"Dowman (ARS)",19,0,"AVL",700,1,"SGW"
"Dowman (ARS)",20,0,"BOU",700,1,"SGW"
"Dowman (ARS)",21,0,"LIV",700,1,"SGW"
"Dowman (ARS)",22,0,"NFO",700,1,"SGW"
"Dowman (ARS)",23,0,"MUN",700,1,"SGW"
"Dragusin (TOT)",1,0,"BUR",572,1,"SGW"
"Dragusin (TOT)",2,0,"MCI",572,1,"SGW"
"Dragusin (TOT)",3,0,"BOU",572,1,"SGW"
"Dragusin (TOT)",4,0,"WHU",572,1,"SGW"
"Dragusin (TOT)",5,0,"BHA",572,1,"SGW"
"Dragusin (TOT)",6,0,"WOL",572,1,"SGW"
"Dragusin (TOT)",7,0,"LEE",572,1,"SGW"
"Dragusin (TOT)",8,0,"AVL",572,1,"SGW"
"Dragusin (TOT)",9,0,"EVE",572,1,"SGW"
"Dragusin (TOT)",10,0,"CHE",572,1,"SGW"
"Dragusin (TOT)",11,0,"MUN",572,1,"SGW"
"Dragusin (TOT)",12,0,"ARS",572,1,"SGW"
"Dragusin (TOT)",13,0,"FUL",572,1,"SGW"
"Dragusin (TOT)",14,0,"NEW",572,1,"SGW"
"Dragusin (TOT)",15,0,"BRE",572,1,"SGW"
"Dragusin (TOT)",16,0,"NFO",572,1,"SGW"
"Dragusin (TOT)",17,0,"LIV",572,1,"SGW"
"Dragusin (TOT)",18,1,"CRY",572,1,"SGW"
"Dragusin (TOT)",19,0,"BRE",572,1,"SGW"
"Dragusin (TOT)",20,0,"SUN",572,1,"SGW"
"Dragusin (TOT)",21,0,"BOU",572,1,"SGW"
"Dragusin (TOT)",22,0,"WHU",572,1,"SGW"
"Dragusin (TOT)",23,1,"BUR",572,1,"SGW"
"Drakes-Thomas (CRY)",1,NA,NA,762,NA,"BGW"
"Drakes-Thomas (CRY)",2,NA,NA,762,NA,"BGW"
"Drakes-Thomas (CRY)",3,NA,NA,762,NA,"BGW"
"Drakes-Thomas (CRY)",4,NA,NA,762,NA,"BGW"
"Drakes-Thomas (CRY)",5,NA,NA,762,NA,"BGW"
"Drakes-Thomas (CRY)",6,NA,NA,762,NA,"BGW"
"Drakes-Thomas (CRY)",7,NA,NA,762,NA,"BGW"
"Drakes-Thomas (CRY)",8,NA,NA,762,NA,"BGW"
"Drakes-Thomas (CRY)",9,NA,NA,762,NA,"BGW"
"Drakes-Thomas (CRY)",10,NA,NA,762,NA,"BGW"
"Drakes-Thomas (CRY)",11,NA,NA,762,NA,"BGW"
"Drakes-Thomas (CRY)",12,NA,NA,762,NA,"BGW"
"Drakes-Thomas (CRY)",13,NA,NA,762,NA,"BGW"
"Drakes-Thomas (CRY)",14,NA,NA,762,NA,"BGW"
"Drakes-Thomas (CRY)",15,NA,NA,762,NA,"BGW"
"Drakes-Thomas (CRY)",16,NA,NA,762,NA,"BGW"
"Drakes-Thomas (CRY)",17,1,"LEE",762,1,"SGW"
"Drakes-Thomas (CRY)",18,0,"TOT",762,1,"SGW"
"Drakes-Thomas (CRY)",19,0,"FUL",762,1,"SGW"
"Drakes-Thomas (CRY)",20,1,"NEW",762,1,"SGW"
"Drakes-Thomas (CRY)",21,0,"AVL",762,1,"SGW"
"Drakes-Thomas (CRY)",22,0,"SUN",762,1,"SGW"
"Drakes-Thomas (CRY)",23,0,"CHE",762,1,"SGW"
"Dúbravka (BUR)",1,2,"TOT",470,1,"SGW"
"Dúbravka (BUR)",2,6,"SUN",470,1,"SGW"
"Dúbravka (BUR)",3,2,"MUN",470,1,"SGW"
"Dúbravka (BUR)",4,3,"LIV",470,1,"SGW"
"Dúbravka (BUR)",5,4,"NFO",470,1,"SGW"
"Dúbravka (BUR)",6,1,"MCI",470,1,"SGW"
"Dúbravka (BUR)",7,2,"AVL",470,1,"SGW"
"Dúbravka (BUR)",8,9,"LEE",470,1,"SGW"
"Dúbravka (BUR)",9,2,"WOL",470,1,"SGW"
"Dúbravka (BUR)",10,2,"ARS",470,1,"SGW"
"Dúbravka (BUR)",11,2,"WHU",470,1,"SGW"
"Dúbravka (BUR)",12,2,"CHE",470,1,"SGW"
"Dúbravka (BUR)",13,1,"BRE",470,1,"SGW"
"Dúbravka (BUR)",14,2,"CRY",470,1,"SGW"
"Dúbravka (BUR)",15,3,"NEW",470,1,"SGW"
"Dúbravka (BUR)",16,1,"FUL",470,1,"SGW"
"Dúbravka (BUR)",17,2,"BOU",470,1,"SGW"
"Dúbravka (BUR)",18,11,"EVE",470,1,"SGW"
"Dúbravka (BUR)",19,2,"NEW",470,1,"SGW"
"Dúbravka (BUR)",20,1,"BHA",470,1,"SGW"
"Dúbravka (BUR)",21,3,"MUN",470,1,"SGW"
"Dúbravka (BUR)",22,5,"LIV",470,1,"SGW"
"Dúbravka (BUR)",23,5,"TOT",470,1,"SGW"
"Dunk (BHA)",1,2,"FUL",146,1,"SGW"
"Dunk (BHA)",2,1,"EVE",146,1,"SGW"
"Dunk (BHA)",3,5,"MCI",146,1,"SGW"
"Dunk (BHA)",4,2,"BOU",146,1,"SGW"
"Dunk (BHA)",5,3,"TOT",146,1,"SGW"
"Dunk (BHA)",6,1,"CHE",146,1,"SGW"
"Dunk (BHA)",7,1,"WOL",146,1,"SGW"
"Dunk (BHA)",8,2,"NEW",146,1,"SGW"
"Dunk (BHA)",9,0,"MUN",146,1,"SGW"
"Dunk (BHA)",10,6,"LEE",146,1,"SGW"
"Dunk (BHA)",11,6,"CRY",146,1,"SGW"
"Dunk (BHA)",12,1,"BRE",146,1,"SGW"
"Dunk (BHA)",13,6,"NFO",146,1,"SGW"
"Dunk (BHA)",14,0,"AVL",146,1,"SGW"
"Dunk (BHA)",15,1,"WHU",146,1,"SGW"
"Dunk (BHA)",16,0,"LIV",146,1,"SGW"
"Dunk (BHA)",17,0,"SUN",146,1,"SGW"
"Dunk (BHA)",18,0,"ARS",146,1,"SGW"
"Dunk (BHA)",19,2,"WHU",146,1,"SGW"
"Dunk (BHA)",20,6,"BUR",146,1,"SGW"
"Dunk (BHA)",21,3,"MCI",146,1,"SGW"
"Dunk (BHA)",22,2,"BOU",146,1,"SGW"
"Dunk (BHA)",23,3,"FUL",146,1,"SGW"
"E.Le Fée (SUN)",1,1,"WHU",547,1,"SGW"
"E.Le Fée (SUN)",2,1,"BUR",547,1,"SGW"
"E.Le Fée (SUN)",3,11,"BRE",547,1,"SGW"
"E.Le Fée (SUN)",4,0,"CRY",547,1,"SGW"
"E.Le Fée (SUN)",5,2,"AVL",547,1,"SGW"
"E.Le Fée (SUN)",6,3,"NFO",547,1,"SGW"
"E.Le Fée (SUN)",7,2,"MUN",547,1,"SGW"
"E.Le Fée (SUN)",8,5,"WOL",547,1,"SGW"
"E.Le Fée (SUN)",9,1,"CHE",547,1,"SGW"
"E.Le Fée (SUN)",10,6,"EVE",547,1,"SGW"
"E.Le Fée (SUN)",11,2,"ARS",547,1,"SGW"
"E.Le Fée (SUN)",12,2,"FUL",547,1,"SGW"
"E.Le Fée (SUN)",13,13,"BOU",547,1,"SGW"
"E.Le Fée (SUN)",14,5,"LIV",547,1,"SGW"
"E.Le Fée (SUN)",15,2,"MCI",547,1,"SGW"
"E.Le Fée (SUN)",16,2,"NEW",547,1,"SGW"
"E.Le Fée (SUN)",17,2,"BHA",547,1,"SGW"
"E.Le Fée (SUN)",18,2,"LEE",547,1,"SGW"
"E.Le Fée (SUN)",19,5,"MCI",547,1,"SGW"
"E.Le Fée (SUN)",20,4,"TOT",547,1,"SGW"
"E.Le Fée (SUN)",21,0,"BRE",547,1,"SGW"
"E.Le Fée (SUN)",22,8,"CRY",547,1,"SGW"
"E.Le Fée (SUN)",23,2,"WHU",547,1,"SGW"
"Earthy (WHU)",1,0,"SUN",620,1,"SGW"
"Earthy (WHU)",2,0,"CHE",620,1,"SGW"
"Earthy (WHU)",3,0,"NFO",620,1,"SGW"
"Earthy (WHU)",4,0,"TOT",620,1,"SGW"
"Earthy (WHU)",5,0,"CRY",620,1,"SGW"
"Earthy (WHU)",6,0,"EVE",620,1,"SGW"
"Earthy (WHU)",7,0,"ARS",620,1,"SGW"
"Earthy (WHU)",8,0,"BRE",620,1,"SGW"
"Earthy (WHU)",9,0,"LEE",620,1,"SGW"
"Earthy (WHU)",10,0,"NEW",620,1,"SGW"
"Earthy (WHU)",11,0,"BUR",620,1,"SGW"
"Earthy (WHU)",12,0,"BOU",620,1,"SGW"
"Earthy (WHU)",13,0,"LIV",620,1,"SGW"
"Earthy (WHU)",14,0,"MUN",620,1,"SGW"
"Earthy (WHU)",15,0,"BHA",620,1,"SGW"
"Earthy (WHU)",16,0,"AVL",620,1,"SGW"
"Earthy (WHU)",17,0,"MCI",620,1,"SGW"
"Earthy (WHU)",18,1,"FUL",620,1,"SGW"
"Earthy (WHU)",19,0,"BHA",620,1,"SGW"
"Earthy (WHU)",20,0,"WOL",620,1,"SGW"
"Earthy (WHU)",21,0,"NFO",620,1,"SGW"
"Earthy (WHU)",22,0,"TOT",620,1,"SGW"
"Earthy (WHU)",23,0,"SUN",620,1,"SGW"
"Ebere (EVE)",1,0,"LEE",307,1,"SGW"
"Ebere (EVE)",2,0,"BHA",307,1,"SGW"
"Ebere (EVE)",3,0,"WOL",307,1,"SGW"
"Ebere (EVE)",4,0,"AVL",307,1,"SGW"
"Ebere (EVE)",5,0,"LIV",307,1,"SGW"
"Ebere (EVE)",6,0,"WHU",307,1,"SGW"
"Ebere (EVE)",7,0,"CRY",307,1,"SGW"
"Ebere (EVE)",8,0,"MCI",307,1,"SGW"
"Ebere (EVE)",9,0,"TOT",307,1,"SGW"
"Ebere (EVE)",10,0,"SUN",307,1,"SGW"
"Ebere (EVE)",11,0,"FUL",307,1,"SGW"
"Ebere (EVE)",12,0,"MUN",307,1,"SGW"
"Ebere (EVE)",13,0,"NEW",307,1,"SGW"
"Ebere (EVE)",14,0,"BOU",307,1,"SGW"
"Ebere (EVE)",15,0,"NFO",307,1,"SGW"
"Ebere (EVE)",16,0,"CHE",307,1,"SGW"
"Ebere (EVE)",17,0,"ARS",307,1,"SGW"
"Ebere (EVE)",18,0,"BUR",307,1,"SGW"
"Ebere (EVE)",19,0,"NFO",307,1,"SGW"
"Ebere (EVE)",20,0,"BRE",307,1,"SGW"
"Ebere (EVE)",21,0,"WOL",307,1,"SGW"
"Ebere (EVE)",22,0,"AVL",307,1,"SGW"
"Ebere (EVE)",23,0,"LEE",307,1,"SGW"
"Ebiowei (CRY)",1,0,"CHE",277,1,"SGW"
"Ebiowei (CRY)",2,0,"NFO",277,1,"SGW"
"Ebiowei (CRY)",3,0,"AVL",277,1,"SGW"
"Ebiowei (CRY)",4,0,"SUN",277,1,"SGW"
"Ebiowei (CRY)",5,0,"WHU",277,1,"SGW"
"Ebiowei (CRY)",6,0,"LIV",277,1,"SGW"
"Ebiowei (CRY)",7,0,"EVE",277,1,"SGW"
"Ebiowei (CRY)",8,0,"BOU",277,1,"SGW"
"Ebiowei (CRY)",9,0,"ARS",277,1,"SGW"
"Ebiowei (CRY)",10,0,"BRE",277,1,"SGW"
"Ebiowei (CRY)",11,0,"BHA",277,1,"SGW"
"Ebiowei (CRY)",12,0,"WOL",277,1,"SGW"
"Ebiowei (CRY)",13,0,"MUN",277,1,"SGW"
"Ebiowei (CRY)",14,0,"BUR",277,1,"SGW"
"Ebiowei (CRY)",15,0,"FUL",277,1,"SGW"
"Ebiowei (CRY)",16,0,"MCI",277,1,"SGW"
"Ebiowei (CRY)",17,0,"LEE",277,1,"SGW"
"Ebiowei (CRY)",18,0,"TOT",277,1,"SGW"
"Ebiowei (CRY)",19,0,"FUL",277,1,"SGW"
"Ebiowei (CRY)",20,0,"NEW",277,1,"SGW"
"Ebiowei (CRY)",21,0,"AVL",277,1,"SGW"
"Ebiowei (CRY)",22,0,"SUN",277,1,"SGW"
"Ebiowei (CRY)",23,0,"CHE",277,1,"SGW"
"Echeverri (MCI)",1,0,"WOL",425,1,"SGW"
"Echeverri (MCI)",2,0,"TOT",425,1,"SGW"
"Echeverri (MCI)",3,0,"BHA",425,1,"SGW"
"Echeverri (MCI)",4,0,"MUN",425,1,"SGW"
"Echeverri (MCI)",5,0,"ARS",425,1,"SGW"
"Echeverri (MCI)",6,0,"BUR",425,1,"SGW"
"Echeverri (MCI)",7,0,"BRE",425,1,"SGW"
"Echeverri (MCI)",8,0,"EVE",425,1,"SGW"
"Echeverri (MCI)",9,0,"AVL",425,1,"SGW"
"Echeverri (MCI)",10,0,"BOU",425,1,"SGW"
"Echeverri (MCI)",11,0,"LIV",425,1,"SGW"
"Echeverri (MCI)",12,0,"NEW",425,1,"SGW"
"Echeverri (MCI)",13,0,"LEE",425,1,"SGW"
"Echeverri (MCI)",14,0,"FUL",425,1,"SGW"
"Echeverri (MCI)",15,0,"SUN",425,1,"SGW"
"Echeverri (MCI)",16,0,"CRY",425,1,"SGW"
"Echeverri (MCI)",17,0,"WHU",425,1,"SGW"
"Echeverri (MCI)",18,0,"NFO",425,1,"SGW"
"Echeverri (MCI)",19,0,"SUN",425,1,"SGW"
"Echeverri (MCI)",20,0,"CHE",425,1,"SGW"
"Echeverri (MCI)",21,0,"BHA",425,1,"SGW"
"Echeverri (MCI)",22,0,"MUN",425,1,"SGW"
"Echeverri (MCI)",23,0,"WOL",425,1,"SGW"
"Ederson M. (MCI)",1,0,"WOL",399,1,"SGW"
"Ederson M. (MCI)",2,0,"TOT",399,1,"SGW"
"Ederson M. (MCI)",3,0,"BHA",399,1,"SGW"
"Ederson M. (MCI)",4,0,"MUN",399,1,"SGW"
"Ederson M. (MCI)",5,0,"ARS",399,1,"SGW"
"Ederson M. (MCI)",6,0,"BUR",399,1,"SGW"
"Ederson M. (MCI)",7,0,"BRE",399,1,"SGW"
"Ederson M. (MCI)",8,0,"EVE",399,1,"SGW"
"Ederson M. (MCI)",9,0,"AVL",399,1,"SGW"
"Ederson M. (MCI)",10,0,"BOU",399,1,"SGW"
"Ederson M. (MCI)",11,0,"LIV",399,1,"SGW"
"Ederson M. (MCI)",12,0,"NEW",399,1,"SGW"
"Ederson M. (MCI)",13,0,"LEE",399,1,"SGW"
"Ederson M. (MCI)",14,0,"FUL",399,1,"SGW"
"Ederson M. (MCI)",15,0,"SUN",399,1,"SGW"
"Ederson M. (MCI)",16,0,"CRY",399,1,"SGW"
"Ederson M. (MCI)",17,0,"WHU",399,1,"SGW"
"Ederson M. (MCI)",18,0,"NFO",399,1,"SGW"
"Ederson M. (MCI)",19,0,"SUN",399,1,"SGW"
"Ederson M. (MCI)",20,0,"CHE",399,1,"SGW"
"Ederson M. (MCI)",21,0,"BHA",399,1,"SGW"
"Ederson M. (MCI)",22,0,"MUN",399,1,"SGW"
"Ederson M. (MCI)",23,0,"WOL",399,1,"SGW"
"Édouard (CRY)",1,0,"CHE",285,1,"SGW"
"Édouard (CRY)",2,1,"NFO",285,1,"SGW"
"Édouard (CRY)",3,0,"AVL",285,1,"SGW"
"Édouard (CRY)",4,0,"SUN",285,1,"SGW"
"Édouard (CRY)",5,0,"WHU",285,1,"SGW"
"Édouard (CRY)",6,0,"LIV",285,1,"SGW"
"Édouard (CRY)",7,0,"EVE",285,1,"SGW"
"Édouard (CRY)",8,0,"BOU",285,1,"SGW"
"Édouard (CRY)",9,0,"ARS",285,1,"SGW"
"Édouard (CRY)",10,0,"BRE",285,1,"SGW"
"Édouard (CRY)",11,0,"BHA",285,1,"SGW"
"Édouard (CRY)",12,0,"WOL",285,1,"SGW"
"Édouard (CRY)",13,0,"MUN",285,1,"SGW"
"Édouard (CRY)",14,0,"BUR",285,1,"SGW"
"Édouard (CRY)",15,0,"FUL",285,1,"SGW"
"Édouard (CRY)",16,0,"MCI",285,1,"SGW"
"Édouard (CRY)",17,0,"LEE",285,1,"SGW"
"Édouard (CRY)",18,0,"TOT",285,1,"SGW"
"Édouard (CRY)",19,0,"FUL",285,1,"SGW"
"Édouard (CRY)",20,0,"NEW",285,1,"SGW"
"Édouard (CRY)",21,0,"AVL",285,1,"SGW"
"Édouard (CRY)",22,0,"SUN",285,1,"SGW"
"Édouard (CRY)",23,0,"CHE",285,1,"SGW"
"Edozie (WOL)",1,0,"MCI",651,1,"SGW"
"Edozie (WOL)",2,0,"BOU",651,1,"SGW"
"Edozie (WOL)",3,0,"EVE",651,1,"SGW"
"Edozie (WOL)",4,0,"NEW",651,1,"SGW"
"Edozie (WOL)",5,0,"LEE",651,1,"SGW"
"Edozie (WOL)",6,0,"TOT",651,1,"SGW"
"Edozie (WOL)",7,0,"BHA",651,1,"SGW"
"Edozie (WOL)",8,0,"SUN",651,1,"SGW"
"Edozie (WOL)",9,0,"BUR",651,1,"SGW"
"Edozie (WOL)",10,0,"FUL",651,1,"SGW"
"Edozie (WOL)",11,0,"CHE",651,1,"SGW"
"Edozie (WOL)",12,0,"CRY",651,1,"SGW"
"Edozie (WOL)",13,0,"AVL",651,1,"SGW"
"Edozie (WOL)",14,0,"NFO",651,1,"SGW"
"Edozie (WOL)",15,0,"MUN",651,1,"SGW"
"Edozie (WOL)",16,0,"ARS",651,1,"SGW"
"Edozie (WOL)",17,0,"BRE",651,1,"SGW"
"Edozie (WOL)",18,0,"LIV",651,1,"SGW"
"Edozie (WOL)",19,0,"MUN",651,1,"SGW"
"Edozie (WOL)",20,0,"WHU",651,1,"SGW"
"Edozie (WOL)",21,0,"EVE",651,1,"SGW"
"Edozie (WOL)",22,0,"NEW",651,1,"SGW"
"Edozie (WOL)",23,0,"MCI",651,1,"SGW"
"Edwards (BUR)",1,1,"TOT",206,1,"SGW"
"Edwards (BUR)",2,0,"SUN",206,1,"SGW"
"Edwards (BUR)",3,0,"MUN",206,1,"SGW"
"Edwards (BUR)",4,0,"LIV",206,1,"SGW"
"Edwards (BUR)",5,0,"NFO",206,1,"SGW"
"Edwards (BUR)",6,0,"MCI",206,1,"SGW"
"Edwards (BUR)",7,0,"AVL",206,1,"SGW"
"Edwards (BUR)",8,0,"LEE",206,1,"SGW"
"Edwards (BUR)",9,0,"WOL",206,1,"SGW"
"Edwards (BUR)",10,1,"ARS",206,1,"SGW"
"Edwards (BUR)",11,1,"WHU",206,1,"SGW"
"Edwards (BUR)",12,0,"CHE",206,1,"SGW"
"Edwards (BUR)",13,0,"BRE",206,1,"SGW"
"Edwards (BUR)",14,1,"CRY",206,1,"SGW"
"Edwards (BUR)",15,1,"NEW",206,1,"SGW"
"Edwards (BUR)",16,1,"FUL",206,1,"SGW"
"Edwards (BUR)",17,4,"BOU",206,1,"SGW"
"Edwards (BUR)",18,3,"EVE",206,1,"SGW"
"Edwards (BUR)",19,2,"NEW",206,1,"SGW"
"Edwards (BUR)",20,1,"BHA",206,1,"SGW"
"Edwards (BUR)",21,5,"MUN",206,1,"SGW"
"Edwards (BUR)",22,9,"LIV",206,1,"SGW"
"Edwards (BUR)",23,2,"TOT",206,1,"SGW"
"Ekdal (BUR)",1,1,"TOT",190,1,"SGW"
"Ekdal (BUR)",2,9,"SUN",190,1,"SGW"
"Ekdal (BUR)",3,3,"MUN",190,1,"SGW"
"Ekdal (BUR)",4,4,"LIV",190,1,"SGW"
"Ekdal (BUR)",5,2,"NFO",190,1,"SGW"
"Ekdal (BUR)",6,0,"MCI",190,1,"SGW"
"Ekdal (BUR)",7,0,"AVL",190,1,"SGW"
"Ekdal (BUR)",8,0,"LEE",190,1,"SGW"
"Ekdal (BUR)",9,1,"WOL",190,1,"SGW"
"Ekdal (BUR)",10,0,"ARS",190,1,"SGW"
"Ekdal (BUR)",11,0,"WHU",190,1,"SGW"
"Ekdal (BUR)",12,0,"CHE",190,1,"SGW"
"Ekdal (BUR)",13,0,"BRE",190,1,"SGW"
"Ekdal (BUR)",14,4,"CRY",190,1,"SGW"
"Ekdal (BUR)",15,1,"NEW",190,1,"SGW"
"Ekdal (BUR)",16,1,"FUL",190,1,"SGW"
"Ekdal (BUR)",17,4,"BOU",190,1,"SGW"
"Ekdal (BUR)",18,9,"EVE",190,1,"SGW"
"Ekdal (BUR)",19,3,"NEW",190,1,"SGW"
"Ekdal (BUR)",20,1,"BHA",190,1,"SGW"
"Ekdal (BUR)",21,0,"MUN",190,1,"SGW"
"Ekdal (BUR)",22,1,"LIV",190,1,"SGW"
"Ekdal (BUR)",23,0,"TOT",190,1,"SGW"
"Ekitiké (LIV)",1,11,"BOU",661,1,"SGW"
"Ekitiké (LIV)",2,9,"NEW",661,1,"SGW"
"Ekitiké (LIV)",3,2,"ARS",661,1,"SGW"
"Ekitiké (LIV)",4,2,"BUR",661,1,"SGW"
"Ekitiké (LIV)",5,8,"EVE",661,1,"SGW"
"Ekitiké (LIV)",6,0,"CRY",661,1,"SGW"
"Ekitiké (LIV)",7,1,"CHE",661,1,"SGW"
"Ekitiké (LIV)",8,1,"MUN",661,1,"SGW"
"Ekitiké (LIV)",9,2,"BRE",661,1,"SGW"
"Ekitiké (LIV)",10,2,"AVL",661,1,"SGW"
"Ekitiké (LIV)",11,1,"MCI",661,1,"SGW"
"Ekitiké (LIV)",12,1,"NFO",661,1,"SGW"
"Ekitiké (LIV)",13,1,"WHU",661,1,"SGW"
"Ekitiké (LIV)",14,1,"SUN",661,1,"SGW"
"Ekitiké (LIV)",15,13,"LEE",661,1,"SGW"
"Ekitiké (LIV)",16,13,"BHA",661,1,"SGW"
"Ekitiké (LIV)",17,9,"TOT",661,1,"SGW"
"Ekitiké (LIV)",18,5,"WOL",661,1,"SGW"
"Ekitiké (LIV)",19,2,"LEE",661,1,"SGW"
"Ekitiké (LIV)",20,0,"FUL",661,1,"SGW"
"Ekitiké (LIV)",21,0,"ARS",661,1,"SGW"
"Ekitiké (LIV)",22,2,"BUR",661,1,"SGW"
"Ekitiké (LIV)",23,1,"BOU",661,1,"SGW"
"Ekwah (SUN)",1,0,"WHU",556,1,"SGW"
"Ekwah (SUN)",2,0,"BUR",556,1,"SGW"
"Ekwah (SUN)",3,0,"BRE",556,1,"SGW"
"Ekwah (SUN)",4,0,"CRY",556,1,"SGW"
"Ekwah (SUN)",5,0,"AVL",556,1,"SGW"
"Ekwah (SUN)",6,0,"NFO",556,1,"SGW"
"Ekwah (SUN)",7,0,"MUN",556,1,"SGW"
"Ekwah (SUN)",8,0,"WOL",556,1,"SGW"
"Ekwah (SUN)",9,0,"CHE",556,1,"SGW"
"Ekwah (SUN)",10,0,"EVE",556,1,"SGW"
"Ekwah (SUN)",11,0,"ARS",556,1,"SGW"
"Ekwah (SUN)",12,0,"FUL",556,1,"SGW"
"Ekwah (SUN)",13,0,"BOU",556,1,"SGW"
"Ekwah (SUN)",14,0,"LIV",556,1,"SGW"
"Ekwah (SUN)",15,0,"MCI",556,1,"SGW"
"Ekwah (SUN)",16,0,"NEW",556,1,"SGW"
"Ekwah (SUN)",17,0,"BHA",556,1,"SGW"
"Ekwah (SUN)",18,0,"LEE",556,1,"SGW"
"Ekwah (SUN)",19,0,"MCI",556,1,"SGW"
"Ekwah (SUN)",20,0,"TOT",556,1,"SGW"
"Ekwah (SUN)",21,0,"BRE",556,1,"SGW"
"Ekwah (SUN)",22,0,"CRY",556,1,"SGW"
"Ekwah (SUN)",23,0,"WHU",556,1,"SGW"
"Elanga (NEW)",1,3,"AVL",486,1,"SGW"
"Elanga (NEW)",2,2,"LIV",486,1,"SGW"
"Elanga (NEW)",3,1,"LEE",486,1,"SGW"
"Elanga (NEW)",4,1,"WOL",486,1,"SGW"
"Elanga (NEW)",5,1,"BOU",486,1,"SGW"
"Elanga (NEW)",6,1,"ARS",486,1,"SGW"
"Elanga (NEW)",7,3,"NFO",486,1,"SGW"
"Elanga (NEW)",8,1,"BHA",486,1,"SGW"
"Elanga (NEW)",9,1,"FUL",486,1,"SGW"
"Elanga (NEW)",10,1,"WHU",486,1,"SGW"
"Elanga (NEW)",11,1,"BRE",486,1,"SGW"
"Elanga (NEW)",12,1,"MCI",486,1,"SGW"
"Elanga (NEW)",13,5,"EVE",486,1,"SGW"
"Elanga (NEW)",14,1,"TOT",486,1,"SGW"
"Elanga (NEW)",15,2,"BUR",486,1,"SGW"
"Elanga (NEW)",16,1,"SUN",486,1,"SGW"
"Elanga (NEW)",17,1,"CHE",486,1,"SGW"
"Elanga (NEW)",18,0,"MUN",486,1,"SGW"
"Elanga (NEW)",19,0,"BUR",486,1,"SGW"
"Elanga (NEW)",20,0,"CRY",486,1,"SGW"
"Elanga (NEW)",21,0,"LEE",486,1,"SGW"
"Elanga (NEW)",22,1,"WOL",486,1,"SGW"
"Elanga (NEW)",23,1,"AVL",486,1,"SGW"
"Elliott (AVL)",1,0,"BOU",389,1,"SGW"
"Elliott (AVL)",2,1,"NEW",389,1,"SGW"
"Elliott (AVL)",3,0,"ARS",389,1,"SGW"
"Elliott (AVL)",4,1,"EVE",389,1,"SGW"
"Elliott (AVL)",5,1,"SUN",389,1,"SGW"
"Elliott (AVL)",6,1,"FUL",389,1,"SGW"
"Elliott (AVL)",7,0,"BUR",389,1,"SGW"
"Elliott (AVL)",8,0,"TOT",389,1,"SGW"
"Elliott (AVL)",9,0,"MCI",389,1,"SGW"
"Elliott (AVL)",10,0,"LIV",389,1,"SGW"
"Elliott (AVL)",11,0,"BOU",389,1,"SGW"
"Elliott (AVL)",12,0,"LEE",389,1,"SGW"
"Elliott (AVL)",13,0,"WOL",389,1,"SGW"
"Elliott (AVL)",14,0,"BHA",389,1,"SGW"
"Elliott (AVL)",15,0,"ARS",389,1,"SGW"
"Elliott (AVL)",16,0,"WHU",389,1,"SGW"
"Elliott (AVL)",17,0,"MUN",389,1,"SGW"
"Elliott (AVL)",18,0,"CHE",389,1,"SGW"
"Elliott (AVL)",19,0,"ARS",389,1,"SGW"
"Elliott (AVL)",20,0,"NFO",389,1,"SGW"
"Elliott (AVL)",21,0,"CRY",389,1,"SGW"
"Elliott (AVL)",22,0,"EVE",389,1,"SGW"
"Elliott (AVL)",23,0,"NEW",389,1,"SGW"
"Emenalo (CHE)",1,NA,NA,743,NA,"BGW"
"Emenalo (CHE)",2,NA,NA,743,NA,"BGW"
"Emenalo (CHE)",3,NA,NA,743,NA,"BGW"
"Emenalo (CHE)",4,NA,NA,743,NA,"BGW"
"Emenalo (CHE)",5,NA,NA,743,NA,"BGW"
"Emenalo (CHE)",6,NA,NA,743,NA,"BGW"
"Emenalo (CHE)",7,0,"LIV",743,1,"SGW"
"Emenalo (CHE)",8,0,"NFO",743,1,"SGW"
"Emenalo (CHE)",9,0,"SUN",743,1,"SGW"
"Emenalo (CHE)",10,0,"TOT",743,1,"SGW"
"Emenalo (CHE)",11,0,"WOL",743,1,"SGW"
"Emenalo (CHE)",12,0,"BUR",743,1,"SGW"
"Emenalo (CHE)",13,0,"ARS",743,1,"SGW"
"Emenalo (CHE)",14,0,"LEE",743,1,"SGW"
"Emenalo (CHE)",15,0,"BOU",743,1,"SGW"
"Emenalo (CHE)",16,0,"EVE",743,1,"SGW"
"Emenalo (CHE)",17,0,"NEW",743,1,"SGW"
"Emenalo (CHE)",18,0,"AVL",743,1,"SGW"
"Emenalo (CHE)",19,0,"BOU",743,1,"SGW"
"Emenalo (CHE)",20,0,"MCI",743,1,"SGW"
"Emenalo (CHE)",21,0,"FUL",743,1,"SGW"
"Emenalo (CHE)",22,0,"BRE",743,1,"SGW"
"Emenalo (CHE)",23,0,"CRY",743,1,"SGW"
"Emerson (WHU)",1,0,"SUN",604,1,"SGW"
"Emerson (WHU)",2,0,"CHE",604,1,"SGW"
"Emerson (WHU)",3,0,"NFO",604,1,"SGW"
"Emerson (WHU)",4,0,"TOT",604,1,"SGW"
"Emerson (WHU)",5,0,"CRY",604,1,"SGW"
"Emerson (WHU)",6,0,"EVE",604,1,"SGW"
"Emerson (WHU)",7,0,"ARS",604,1,"SGW"
"Emerson (WHU)",8,0,"BRE",604,1,"SGW"
"Emerson (WHU)",9,0,"LEE",604,1,"SGW"
"Emerson (WHU)",10,0,"NEW",604,1,"SGW"
"Emerson (WHU)",11,0,"BUR",604,1,"SGW"
"Emerson (WHU)",12,0,"BOU",604,1,"SGW"
"Emerson (WHU)",13,0,"LIV",604,1,"SGW"
"Emerson (WHU)",14,0,"MUN",604,1,"SGW"
"Emerson (WHU)",15,0,"BHA",604,1,"SGW"
"Emerson (WHU)",16,0,"AVL",604,1,"SGW"
"Emerson (WHU)",17,0,"MCI",604,1,"SGW"
"Emerson (WHU)",18,0,"FUL",604,1,"SGW"
"Emerson (WHU)",19,0,"BHA",604,1,"SGW"
"Emerson (WHU)",20,0,"WOL",604,1,"SGW"
"Emerson (WHU)",21,0,"NFO",604,1,"SGW"
"Emerson (WHU)",22,0,"TOT",604,1,"SGW"
"Emerson (WHU)",23,0,"SUN",604,1,"SGW"
"Enciso (BHA)",1,0,"FUL",161,1,"SGW"
"Enciso (BHA)",2,0,"EVE",161,1,"SGW"
"Enciso (BHA)",3,0,"MCI",161,1,"SGW"
"Enciso (BHA)",4,0,"BOU",161,1,"SGW"
"Enciso (BHA)",5,0,"TOT",161,1,"SGW"
"Enciso (BHA)",6,0,"CHE",161,1,"SGW"
"Enciso (BHA)",7,0,"WOL",161,1,"SGW"
"Enciso (BHA)",8,0,"NEW",161,1,"SGW"
"Enciso (BHA)",9,0,"MUN",161,1,"SGW"
"Enciso (BHA)",10,0,"LEE",161,1,"SGW"
"Enciso (BHA)",11,0,"CRY",161,1,"SGW"
"Enciso (BHA)",12,0,"BRE",161,1,"SGW"
"Enciso (BHA)",13,0,"NFO",161,1,"SGW"
"Enciso (BHA)",14,0,"AVL",161,1,"SGW"
"Enciso (BHA)",15,0,"WHU",161,1,"SGW"
"Enciso (BHA)",16,0,"LIV",161,1,"SGW"
"Enciso (BHA)",17,0,"SUN",161,1,"SGW"
"Enciso (BHA)",18,0,"ARS",161,1,"SGW"
"Enciso (BHA)",19,0,"WHU",161,1,"SGW"
"Enciso (BHA)",20,0,"BUR",161,1,"SGW"
"Enciso (BHA)",21,0,"MCI",161,1,"SGW"
"Enciso (BHA)",22,0,"BOU",161,1,"SGW"
"Enciso (BHA)",23,0,"FUL",161,1,"SGW"
"Endo (LIV)",1,4,"BOU",392,1,"SGW"
"Endo (LIV)",2,1,"NEW",392,1,"SGW"
"Endo (LIV)",3,0,"ARS",392,1,"SGW"
"Endo (LIV)",4,0,"BUR",392,1,"SGW"
"Endo (LIV)",5,0,"EVE",392,1,"SGW"
"Endo (LIV)",6,0,"CRY",392,1,"SGW"
"Endo (LIV)",7,1,"CHE",392,1,"SGW"
"Endo (LIV)",8,0,"MUN",392,1,"SGW"
"Endo (LIV)",9,0,"BRE",392,1,"SGW"
"Endo (LIV)",10,0,"AVL",392,1,"SGW"
"Endo (LIV)",11,0,"MCI",392,1,"SGW"
"Endo (LIV)",12,0,"NFO",392,1,"SGW"
"Endo (LIV)",13,0,"WHU",392,1,"SGW"
"Endo (LIV)",14,0,"SUN",392,1,"SGW"
"Endo (LIV)",15,1,"LEE",392,1,"SGW"
"Endo (LIV)",16,0,"BHA",392,1,"SGW"
"Endo (LIV)",17,0,"TOT",392,1,"SGW"
"Endo (LIV)",18,0,"WOL",392,1,"SGW"
"Endo (LIV)",19,0,"LEE",392,1,"SGW"
"Endo (LIV)",20,0,"FUL",392,1,"SGW"
"Endo (LIV)",21,0,"ARS",392,1,"SGW"
"Endo (LIV)",22,0,"BUR",392,1,"SGW"
"Endo (LIV)",23,1,"BOU",392,1,"SGW"
"Enes Ünal (BOU)",1,0,"LIV",98,1,"SGW"
"Enes Ünal (BOU)",2,0,"WOL",98,1,"SGW"
"Enes Ünal (BOU)",3,0,"TOT",98,1,"SGW"
"Enes Ünal (BOU)",4,0,"BHA",98,1,"SGW"
"Enes Ünal (BOU)",5,0,"NEW",98,1,"SGW"
"Enes Ünal (BOU)",6,0,"LEE",98,1,"SGW"
"Enes Ünal (BOU)",7,0,"FUL",98,1,"SGW"
"Enes Ünal (BOU)",8,0,"CRY",98,1,"SGW"
"Enes Ünal (BOU)",9,1,"NFO",98,1,"SGW"
"Enes Ünal (BOU)",10,0,"MCI",98,1,"SGW"
"Enes Ünal (BOU)",11,0,"AVL",98,1,"SGW"
"Enes Ünal (BOU)",12,6,"WHU",98,1,"SGW"
"Enes Ünal (BOU)",13,1,"SUN",98,1,"SGW"
"Enes Ünal (BOU)",14,0,"EVE",98,1,"SGW"
"Enes Ünal (BOU)",15,1,"CHE",98,1,"SGW"
"Enes Ünal (BOU)",16,0,"MUN",98,1,"SGW"
"Enes Ünal (BOU)",17,1,"BUR",98,1,"SGW"
"Enes Ünal (BOU)",18,0,"BRE",98,1,"SGW"
"Enes Ünal (BOU)",19,1,"CHE",98,1,"SGW"
"Enes Ünal (BOU)",20,1,"ARS",98,1,"SGW"
"Enes Ünal (BOU)",21,1,"TOT",98,1,"SGW"
"Enes Ünal (BOU)",22,0,"BHA",98,1,"SGW"
"Enes Ünal (BOU)",23,1,"LIV",98,1,"SGW"
"Enzo (CHE)",1,3,"CRY",237,1,"SGW"
"Enzo (CHE)",2,10,"WHU",237,1,"SGW"
"Enzo (CHE)",3,12,"FUL",237,1,"SGW"
"Enzo (CHE)",4,4,"BRE",237,1,"SGW"
"Enzo (CHE)",5,1,"MUN",237,1,"SGW"
"Enzo (CHE)",6,9,"BHA",237,1,"SGW"
"Enzo (CHE)",7,2,"LIV",237,1,"SGW"
"Enzo (CHE)",8,0,"NFO",237,1,"SGW"
"Enzo (CHE)",9,2,"SUN",237,1,"SGW"
"Enzo (CHE)",10,2,"TOT",237,1,"SGW"
"Enzo (CHE)",11,3,"WOL",237,1,"SGW"
"Enzo (CHE)",12,11,"BUR",237,1,"SGW"
"Enzo (CHE)",13,2,"ARS",237,1,"SGW"
"Enzo (CHE)",14,2,"LEE",237,1,"SGW"
"Enzo (CHE)",15,3,"BOU",237,1,"SGW"
"Enzo (CHE)",16,3,"EVE",237,1,"SGW"
"Enzo (CHE)",17,1,"NEW",237,1,"SGW"
"Enzo (CHE)",18,1,"AVL",237,1,"SGW"
"Enzo (CHE)",19,9,"BOU",237,1,"SGW"
"Enzo (CHE)",20,11,"MCI",237,1,"SGW"
"Enzo (CHE)",21,1,"FUL",237,1,"SGW"
"Enzo (CHE)",22,6,"BRE",237,1,"SGW"
"Enzo (CHE)",23,8,"CRY",237,1,"SGW"
"Esse (CRY)",1,0,"CHE",269,1,"SGW"
"Esse (CRY)",2,1,"NFO",269,1,"SGW"
"Esse (CRY)",3,0,"AVL",269,1,"SGW"
"Esse (CRY)",4,0,"SUN",269,1,"SGW"
"Esse (CRY)",5,0,"WHU",269,1,"SGW"
"Esse (CRY)",6,0,"LIV",269,1,"SGW"
"Esse (CRY)",7,0,"EVE",269,1,"SGW"
"Esse (CRY)",8,0,"BOU",269,1,"SGW"
"Esse (CRY)",9,0,"ARS",269,1,"SGW"
"Esse (CRY)",10,0,"BRE",269,1,"SGW"
"Esse (CRY)",11,0,"BHA",269,1,"SGW"
"Esse (CRY)",12,0,"WOL",269,1,"SGW"
"Esse (CRY)",13,0,"MUN",269,1,"SGW"
"Esse (CRY)",14,0,"BUR",269,1,"SGW"
"Esse (CRY)",15,0,"FUL",269,1,"SGW"
"Esse (CRY)",16,0,"MCI",269,1,"SGW"
"Esse (CRY)",17,0,"LEE",269,1,"SGW"
"Esse (CRY)",18,1,"TOT",269,1,"SGW"
"Esse (CRY)",19,1,"FUL",269,1,"SGW"
"Esse (CRY)",20,1,"NEW",269,1,"SGW"
"Esse (CRY)",21,0,"AVL",269,1,"SGW"
"Esse (CRY)",22,0,"SUN",269,1,"SGW"
"Esse (CRY)",23,0,"CHE",269,1,"SGW"
"Estêvão (CHE)",1,0,"CRY",238,1,"SGW"
"Estêvão (CHE)",2,5,"WHU",238,1,"SGW"
"Estêvão (CHE)",3,3,"FUL",238,1,"SGW"
"Estêvão (CHE)",4,0,"BRE",238,1,"SGW"
"Estêvão (CHE)",5,1,"MUN",238,1,"SGW"
"Estêvão (CHE)",6,3,"BHA",238,1,"SGW"
"Estêvão (CHE)",7,8,"LIV",238,1,"SGW"
"Estêvão (CHE)",8,3,"NFO",238,1,"SGW"
"Estêvão (CHE)",9,1,"SUN",238,1,"SGW"
"Estêvão (CHE)",10,1,"TOT",238,1,"SGW"
"Estêvão (CHE)",11,4,"WOL",238,1,"SGW"
"Estêvão (CHE)",12,0,"BUR",238,1,"SGW"
"Estêvão (CHE)",13,1,"ARS",238,1,"SGW"
"Estêvão (CHE)",14,0,"LEE",238,1,"SGW"
"Estêvão (CHE)",15,1,"BOU",238,1,"SGW"
"Estêvão (CHE)",16,1,"EVE",238,1,"SGW"
"Estêvão (CHE)",17,0,"NEW",238,1,"SGW"
"Estêvão (CHE)",18,1,"AVL",238,1,"SGW"
"Estêvão (CHE)",19,5,"BOU",238,1,"SGW"
"Estêvão (CHE)",20,1,"MCI",238,1,"SGW"
"Estêvão (CHE)",21,0,"FUL",238,1,"SGW"
"Estêvão (CHE)",22,0,"BRE",238,1,"SGW"
"Estêvão (CHE)",23,13,"CRY",238,1,"SGW"
"Estève (BUR)",1,1,"TOT",191,1,"SGW"
"Estève (BUR)",2,6,"SUN",191,1,"SGW"
"Estève (BUR)",3,1,"MUN",191,1,"SGW"
"Estève (BUR)",4,4,"LIV",191,1,"SGW"
"Estève (BUR)",5,4,"NFO",191,1,"SGW"
"Estève (BUR)",6,-2,"MCI",191,1,"SGW"
"Estève (BUR)",7,1,"AVL",191,1,"SGW"
"Estève (BUR)",8,8,"LEE",191,1,"SGW"
"Estève (BUR)",9,1,"WOL",191,1,"SGW"
"Estève (BUR)",10,1,"ARS",191,1,"SGW"
"Estève (BUR)",11,3,"WHU",191,1,"SGW"
"Estève (BUR)",12,3,"CHE",191,1,"SGW"
"Estève (BUR)",13,3,"BRE",191,1,"SGW"
"Estève (BUR)",14,4,"CRY",191,1,"SGW"
"Estève (BUR)",15,3,"NEW",191,1,"SGW"
"Estève (BUR)",16,1,"FUL",191,1,"SGW"
"Estève (BUR)",17,0,"BOU",191,1,"SGW"
"Estève (BUR)",18,0,"EVE",191,1,"SGW"
"Estève (BUR)",19,0,"NEW",191,1,"SGW"
"Estève (BUR)",20,0,"BHA",191,1,"SGW"
"Estève (BUR)",21,3,"MUN",191,1,"SGW"
"Estève (BUR)",22,2,"LIV",191,1,"SGW"
"Estève (BUR)",23,3,"TOT",191,1,"SGW"
"Estupiñan (BHA)",1,0,"FUL",147,1,"SGW"
"Estupiñan (BHA)",2,0,"EVE",147,1,"SGW"
"Estupiñan (BHA)",3,0,"MCI",147,1,"SGW"
"Estupiñan (BHA)",4,0,"BOU",147,1,"SGW"
"Estupiñan (BHA)",5,0,"TOT",147,1,"SGW"
"Estupiñan (BHA)",6,0,"CHE",147,1,"SGW"
"Estupiñan (BHA)",7,0,"WOL",147,1,"SGW"
"Estupiñan (BHA)",8,0,"NEW",147,1,"SGW"
"Estupiñan (BHA)",9,0,"MUN",147,1,"SGW"
"Estupiñan (BHA)",10,0,"LEE",147,1,"SGW"
"Estupiñan (BHA)",11,0,"CRY",147,1,"SGW"
"Estupiñan (BHA)",12,0,"BRE",147,1,"SGW"
"Estupiñan (BHA)",13,0,"NFO",147,1,"SGW"
"Estupiñan (BHA)",14,0,"AVL",147,1,"SGW"
"Estupiñan (BHA)",15,0,"WHU",147,1,"SGW"
"Estupiñan (BHA)",16,0,"LIV",147,1,"SGW"
"Estupiñan (BHA)",17,0,"SUN",147,1,"SGW"
"Estupiñan (BHA)",18,0,"ARS",147,1,"SGW"
"Estupiñan (BHA)",19,0,"WHU",147,1,"SGW"
"Estupiñan (BHA)",20,0,"BUR",147,1,"SGW"
"Estupiñan (BHA)",21,0,"MCI",147,1,"SGW"
"Estupiñan (BHA)",22,0,"BOU",147,1,"SGW"
"Estupiñan (BHA)",23,0,"FUL",147,1,"SGW"
"Evanilson (BOU)",1,1,"LIV",97,1,"SGW"
"Evanilson (BOU)",2,2,"WOL",97,1,"SGW"
"Evanilson (BOU)",3,8,"TOT",97,1,"SGW"
"Evanilson (BOU)",4,5,"BHA",97,1,"SGW"
"Evanilson (BOU)",5,2,"NEW",97,1,"SGW"
"Evanilson (BOU)",6,2,"LEE",97,1,"SGW"
"Evanilson (BOU)",7,2,"FUL",97,1,"SGW"
"Evanilson (BOU)",8,0,"CRY",97,1,"SGW"
"Evanilson (BOU)",9,0,"NFO",97,1,"SGW"
"Evanilson (BOU)",10,1,"MCI",97,1,"SGW"
"Evanilson (BOU)",11,2,"AVL",97,1,"SGW"
"Evanilson (BOU)",12,5,"WHU",97,1,"SGW"
"Evanilson (BOU)",13,5,"SUN",97,1,"SGW"
"Evanilson (BOU)",14,1,"EVE",97,1,"SGW"
"Evanilson (BOU)",15,2,"CHE",97,1,"SGW"
"Evanilson (BOU)",16,6,"MUN",97,1,"SGW"
"Evanilson (BOU)",17,2,"BUR",97,1,"SGW"
"Evanilson (BOU)",18,1,"BRE",97,1,"SGW"
"Evanilson (BOU)",19,2,"CHE",97,1,"SGW"
"Evanilson (BOU)",20,7,"ARS",97,1,"SGW"
"Evanilson (BOU)",21,6,"TOT",97,1,"SGW"
"Evanilson (BOU)",22,2,"BHA",97,1,"SGW"
"Evanilson (BOU)",23,8,"LIV",97,1,"SGW"
"Eyestone (BRE)",1,0,"NFO",104,1,"SGW"
"Eyestone (BRE)",2,0,"AVL",104,1,"SGW"
"Eyestone (BRE)",3,0,"SUN",104,1,"SGW"
"Eyestone (BRE)",4,0,"CHE",104,1,"SGW"
"Eyestone (BRE)",5,0,"FUL",104,1,"SGW"
"Eyestone (BRE)",6,0,"MUN",104,1,"SGW"
"Eyestone (BRE)",7,0,"MCI",104,1,"SGW"
"Eyestone (BRE)",8,0,"WHU",104,1,"SGW"
"Eyestone (BRE)",9,0,"LIV",104,1,"SGW"
"Eyestone (BRE)",10,0,"CRY",104,1,"SGW"
"Eyestone (BRE)",11,0,"NEW",104,1,"SGW"
"Eyestone (BRE)",12,0,"BHA",104,1,"SGW"
"Eyestone (BRE)",13,0,"BUR",104,1,"SGW"
"Eyestone (BRE)",14,0,"ARS",104,1,"SGW"
"Eyestone (BRE)",15,0,"TOT",104,1,"SGW"
"Eyestone (BRE)",16,0,"LEE",104,1,"SGW"
"Eyestone (BRE)",17,0,"WOL",104,1,"SGW"
"Eyestone (BRE)",18,0,"BOU",104,1,"SGW"
"Eyestone (BRE)",19,0,"TOT",104,1,"SGW"
"Eyestone (BRE)",20,0,"EVE",104,1,"SGW"
"Eyestone (BRE)",21,0,"SUN",104,1,"SGW"
"Eyestone (BRE)",22,0,"CHE",104,1,"SGW"
"Eyestone (BRE)",23,0,"NFO",104,1,"SGW"
"Eze (ARS)",1,3,"CHE",266,1,"SGW"
"Eze (ARS)",2,0,"NFO",266,1,"SGW"
"Eze (ARS)",3,1,"LIV",266,1,"SGW"
"Eze (ARS)",4,6,"NFO",266,1,"SGW"
"Eze (ARS)",5,4,"MCI",266,1,"SGW"
"Eze (ARS)",6,2,"NEW",266,1,"SGW"
"Eze (ARS)",7,6,"WHU",266,1,"SGW"
"Eze (ARS)",8,3,"FUL",266,1,"SGW"
"Eze (ARS)",9,11,"CRY",266,1,"SGW"
"Eze (ARS)",10,3,"BUR",266,1,"SGW"
"Eze (ARS)",11,2,"SUN",266,1,"SGW"
"Eze (ARS)",12,20,"TOT",266,1,"SGW"
"Eze (ARS)",13,2,"CHE",266,1,"SGW"
"Eze (ARS)",14,1,"BRE",266,1,"SGW"
"Eze (ARS)",15,1,"AVL",266,1,"SGW"
"Eze (ARS)",16,1,"WOL",266,1,"SGW"
"Eze (ARS)",17,0,"EVE",266,1,"SGW"
"Eze (ARS)",18,0,"BHA",266,1,"SGW"
"Eze (ARS)",19,0,"AVL",266,1,"SGW"
"Eze (ARS)",20,0,"BOU",266,1,"SGW"
"Eze (ARS)",21,1,"LIV",266,1,"SGW"
"Eze (ARS)",22,1,"NFO",266,1,"SGW"
"Eze (ARS)",23,0,"MUN",266,1,"SGW"
"F.Kadıoğlu (BHA)",1,0,"FUL",148,1,"SGW"
"F.Kadıoğlu (BHA)",2,0,"EVE",148,1,"SGW"
"F.Kadıoğlu (BHA)",3,0,"MCI",148,1,"SGW"
"F.Kadıoğlu (BHA)",4,4,"BOU",148,1,"SGW"
"F.Kadıoğlu (BHA)",5,1,"TOT",148,1,"SGW"
"F.Kadıoğlu (BHA)",6,2,"CHE",148,1,"SGW"
"F.Kadıoğlu (BHA)",7,2,"WOL",148,1,"SGW"
"F.Kadıoğlu (BHA)",8,2,"NEW",148,1,"SGW"
"F.Kadıoğlu (BHA)",9,-1,"MUN",148,1,"SGW"
"F.Kadıoğlu (BHA)",10,6,"LEE",148,1,"SGW"
"F.Kadıoğlu (BHA)",11,6,"CRY",148,1,"SGW"
"F.Kadıoğlu (BHA)",12,2,"BRE",148,1,"SGW"
"F.Kadıoğlu (BHA)",13,7,"NFO",148,1,"SGW"
"F.Kadıoğlu (BHA)",14,1,"AVL",148,1,"SGW"
"F.Kadıoğlu (BHA)",15,1,"WHU",148,1,"SGW"
"F.Kadıoğlu (BHA)",16,1,"LIV",148,1,"SGW"
"F.Kadıoğlu (BHA)",17,6,"SUN",148,1,"SGW"
"F.Kadıoğlu (BHA)",18,1,"ARS",148,1,"SGW"
"F.Kadıoğlu (BHA)",19,4,"WHU",148,1,"SGW"
"F.Kadıoğlu (BHA)",20,9,"BUR",148,1,"SGW"
"F.Kadıoğlu (BHA)",21,2,"MCI",148,1,"SGW"
"F.Kadıoğlu (BHA)",22,2,"BOU",148,1,"SGW"
"F.Kadıoğlu (BHA)",23,1,"FUL",148,1,"SGW"
"Fabianski (WHU)",1,NA,NA,738,NA,"BGW"
"Fabianski (WHU)",2,NA,NA,738,NA,"BGW"
"Fabianski (WHU)",3,NA,NA,738,NA,"BGW"
"Fabianski (WHU)",4,0,"TOT",738,1,"SGW"
"Fabianski (WHU)",5,0,"CRY",738,1,"SGW"
"Fabianski (WHU)",6,0,"EVE",738,1,"SGW"
"Fabianski (WHU)",7,0,"ARS",738,1,"SGW"
"Fabianski (WHU)",8,0,"BRE",738,1,"SGW"
"Fabianski (WHU)",9,0,"LEE",738,1,"SGW"
"Fabianski (WHU)",10,0,"NEW",738,1,"SGW"
"Fabianski (WHU)",11,0,"BUR",738,1,"SGW"
"Fabianski (WHU)",12,0,"BOU",738,1,"SGW"
"Fabianski (WHU)",13,0,"LIV",738,1,"SGW"
"Fabianski (WHU)",14,0,"MUN",738,1,"SGW"
"Fabianski (WHU)",15,0,"BHA",738,1,"SGW"
"Fabianski (WHU)",16,0,"AVL",738,1,"SGW"
"Fabianski (WHU)",17,0,"MCI",738,1,"SGW"
"Fabianski (WHU)",18,0,"FUL",738,1,"SGW"
"Fabianski (WHU)",19,0,"BHA",738,1,"SGW"
"Fabianski (WHU)",20,0,"WOL",738,1,"SGW"
"Fabianski (WHU)",21,0,"NFO",738,1,"SGW"
"Fabianski (WHU)",22,0,"TOT",738,1,"SGW"
"Fabianski (WHU)",23,0,"SUN",738,1,"SGW"
"Fábio Silva (WOL)",1,0,"MCI",655,1,"SGW"
"Fábio Silva (WOL)",2,0,"BOU",655,1,"SGW"
"Fábio Silva (WOL)",3,0,"EVE",655,1,"SGW"
"Fábio Silva (WOL)",4,0,"NEW",655,1,"SGW"
"Fábio Silva (WOL)",5,0,"LEE",655,1,"SGW"
"Fábio Silva (WOL)",6,0,"TOT",655,1,"SGW"
"Fábio Silva (WOL)",7,0,"BHA",655,1,"SGW"
"Fábio Silva (WOL)",8,0,"SUN",655,1,"SGW"
"Fábio Silva (WOL)",9,0,"BUR",655,1,"SGW"
"Fábio Silva (WOL)",10,0,"FUL",655,1,"SGW"
"Fábio Silva (WOL)",11,0,"CHE",655,1,"SGW"
"Fábio Silva (WOL)",12,0,"CRY",655,1,"SGW"
"Fábio Silva (WOL)",13,0,"AVL",655,1,"SGW"
"Fábio Silva (WOL)",14,0,"NFO",655,1,"SGW"
"Fábio Silva (WOL)",15,0,"MUN",655,1,"SGW"
"Fábio Silva (WOL)",16,0,"ARS",655,1,"SGW"
"Fábio Silva (WOL)",17,0,"BRE",655,1,"SGW"
"Fábio Silva (WOL)",18,0,"LIV",655,1,"SGW"
"Fábio Silva (WOL)",19,0,"MUN",655,1,"SGW"
"Fábio Silva (WOL)",20,0,"WHU",655,1,"SGW"
"Fábio Silva (WOL)",21,0,"EVE",655,1,"SGW"
"Fábio Silva (WOL)",22,0,"NEW",655,1,"SGW"
"Fábio Silva (WOL)",23,0,"MCI",655,1,"SGW"
"Fábio Vieira (ARS)",1,0,"MUN",23,1,"SGW"
"Fábio Vieira (ARS)",2,0,"LEE",23,1,"SGW"
"Fábio Vieira (ARS)",3,0,"LIV",23,1,"SGW"
"Fábio Vieira (ARS)",4,0,"NFO",23,1,"SGW"
"Fábio Vieira (ARS)",5,0,"MCI",23,1,"SGW"
"Fábio Vieira (ARS)",6,0,"NEW",23,1,"SGW"
"Fábio Vieira (ARS)",7,0,"WHU",23,1,"SGW"
"Fábio Vieira (ARS)",8,0,"FUL",23,1,"SGW"
"Fábio Vieira (ARS)",9,0,"CRY",23,1,"SGW"
"Fábio Vieira (ARS)",10,0,"BUR",23,1,"SGW"
"Fábio Vieira (ARS)",11,0,"SUN",23,1,"SGW"
"Fábio Vieira (ARS)",12,0,"TOT",23,1,"SGW"
"Fábio Vieira (ARS)",13,0,"CHE",23,1,"SGW"
"Fábio Vieira (ARS)",14,0,"BRE",23,1,"SGW"
"Fábio Vieira (ARS)",15,0,"AVL",23,1,"SGW"
"Fábio Vieira (ARS)",16,0,"WOL",23,1,"SGW"
"Fábio Vieira (ARS)",17,0,"EVE",23,1,"SGW"
"Fábio Vieira (ARS)",18,0,"BHA",23,1,"SGW"
"Fábio Vieira (ARS)",19,0,"AVL",23,1,"SGW"
"Fábio Vieira (ARS)",20,0,"BOU",23,1,"SGW"
"Fábio Vieira (ARS)",21,0,"LIV",23,1,"SGW"
"Fábio Vieira (ARS)",22,0,"NFO",23,1,"SGW"
"Fábio Vieira (ARS)",23,0,"MUN",23,1,"SGW"
"Faivre (BOU)",1,0,"LIV",92,1,"SGW"
"Faivre (BOU)",2,0,"WOL",92,1,"SGW"
"Faivre (BOU)",3,0,"TOT",92,1,"SGW"
"Faivre (BOU)",4,0,"BHA",92,1,"SGW"
"Faivre (BOU)",5,0,"NEW",92,1,"SGW"
"Faivre (BOU)",6,0,"LEE",92,1,"SGW"
"Faivre (BOU)",7,0,"FUL",92,1,"SGW"
"Faivre (BOU)",8,0,"CRY",92,1,"SGW"
"Faivre (BOU)",9,0,"NFO",92,1,"SGW"
"Faivre (BOU)",10,0,"MCI",92,1,"SGW"
"Faivre (BOU)",11,0,"AVL",92,1,"SGW"
"Faivre (BOU)",12,0,"WHU",92,1,"SGW"
"Faivre (BOU)",13,0,"SUN",92,1,"SGW"
"Faivre (BOU)",14,0,"EVE",92,1,"SGW"
"Faivre (BOU)",15,0,"CHE",92,1,"SGW"
"Faivre (BOU)",16,0,"MUN",92,1,"SGW"
"Faivre (BOU)",17,0,"BUR",92,1,"SGW"
"Faivre (BOU)",18,0,"BRE",92,1,"SGW"
"Faivre (BOU)",19,0,"CHE",92,1,"SGW"
"Faivre (BOU)",20,0,"ARS",92,1,"SGW"
"Faivre (BOU)",21,0,"TOT",92,1,"SGW"
"Faivre (BOU)",22,0,"BHA",92,1,"SGW"
"Faivre (BOU)",23,0,"LIV",92,1,"SGW"
"Fer López (WOL)",1,1,"MCI",645,1,"SGW"
"Fer López (WOL)",2,0,"BOU",645,1,"SGW"
"Fer López (WOL)",3,1,"EVE",645,1,"SGW"
"Fer López (WOL)",4,1,"NEW",645,1,"SGW"
"Fer López (WOL)",5,3,"LEE",645,1,"SGW"
"Fer López (WOL)",6,0,"TOT",645,1,"SGW"
"Fer López (WOL)",7,0,"BHA",645,1,"SGW"
"Fer López (WOL)",8,1,"SUN",645,1,"SGW"
"Fer López (WOL)",9,0,"BUR",645,1,"SGW"
"Fer López (WOL)",10,0,"FUL",645,1,"SGW"
"Fer López (WOL)",11,0,"CHE",645,1,"SGW"
"Fer López (WOL)",12,0,"CRY",645,1,"SGW"
"Fer López (WOL)",13,0,"AVL",645,1,"SGW"
"Fer López (WOL)",14,0,"NFO",645,1,"SGW"
"Fer López (WOL)",15,1,"MUN",645,1,"SGW"
"Fer López (WOL)",16,1,"ARS",645,1,"SGW"
"Fer López (WOL)",17,2,"BRE",645,1,"SGW"
"Fer López (WOL)",18,0,"LIV",645,1,"SGW"
"Fer López (WOL)",19,1,"MUN",645,1,"SGW"
"Fer López (WOL)",20,0,"WHU",645,1,"SGW"
"Fer López (WOL)",21,0,"EVE",645,1,"SGW"
"Fer López (WOL)",22,0,"NEW",645,1,"SGW"
"Fer López (WOL)",23,0,"MCI",645,1,"SGW"
"Ferguson (BHA)",1,0,"FUL",179,1,"SGW"
"Ferguson (BHA)",2,0,"EVE",179,1,"SGW"
"Ferguson (BHA)",3,0,"MCI",179,1,"SGW"
"Ferguson (BHA)",4,0,"BOU",179,1,"SGW"
"Ferguson (BHA)",5,0,"TOT",179,1,"SGW"
"Ferguson (BHA)",6,0,"CHE",179,1,"SGW"
"Ferguson (BHA)",7,0,"WOL",179,1,"SGW"
"Ferguson (BHA)",8,0,"NEW",179,1,"SGW"
"Ferguson (BHA)",9,0,"MUN",179,1,"SGW"
"Ferguson (BHA)",10,0,"LEE",179,1,"SGW"
"Ferguson (BHA)",11,0,"CRY",179,1,"SGW"
"Ferguson (BHA)",12,0,"BRE",179,1,"SGW"
"Ferguson (BHA)",13,0,"NFO",179,1,"SGW"
"Ferguson (BHA)",14,0,"AVL",179,1,"SGW"
"Ferguson (BHA)",15,0,"WHU",179,1,"SGW"
"Ferguson (BHA)",16,0,"LIV",179,1,"SGW"
"Ferguson (BHA)",17,0,"SUN",179,1,"SGW"
"Ferguson (BHA)",18,0,"ARS",179,1,"SGW"
"Ferguson (BHA)",19,0,"WHU",179,1,"SGW"
"Ferguson (BHA)",20,0,"BUR",179,1,"SGW"
"Ferguson (BHA)",21,0,"MCI",179,1,"SGW"
"Ferguson (BHA)",22,0,"BOU",179,1,"SGW"
"Ferguson (BHA)",23,0,"FUL",179,1,"SGW"
"Fitzgerald (MUN)",1,0,"ARS",461,1,"SGW"
"Fitzgerald (MUN)",2,0,"FUL",461,1,"SGW"
"Fitzgerald (MUN)",3,0,"BUR",461,1,"SGW"
"Fitzgerald (MUN)",4,0,"MCI",461,1,"SGW"
"Fitzgerald (MUN)",5,0,"CHE",461,1,"SGW"
"Fitzgerald (MUN)",6,0,"BRE",461,1,"SGW"
"Fitzgerald (MUN)",7,0,"SUN",461,1,"SGW"
"Fitzgerald (MUN)",8,0,"LIV",461,1,"SGW"
"Fitzgerald (MUN)",9,0,"BHA",461,1,"SGW"
"Fitzgerald (MUN)",10,0,"NFO",461,1,"SGW"
"Fitzgerald (MUN)",11,0,"TOT",461,1,"SGW"
"Fitzgerald (MUN)",12,0,"EVE",461,1,"SGW"
"Fitzgerald (MUN)",13,0,"CRY",461,1,"SGW"
"Fitzgerald (MUN)",14,0,"WHU",461,1,"SGW"
"Fitzgerald (MUN)",15,0,"WOL",461,1,"SGW"
"Fitzgerald (MUN)",16,0,"BOU",461,1,"SGW"
"Fitzgerald (MUN)",17,0,"AVL",461,1,"SGW"
"Fitzgerald (MUN)",18,0,"NEW",461,1,"SGW"
"Fitzgerald (MUN)",19,0,"WOL",461,1,"SGW"
"Fitzgerald (MUN)",20,0,"LEE",461,1,"SGW"
"Fitzgerald (MUN)",21,0,"BUR",461,1,"SGW"
"Fitzgerald (MUN)",22,0,"MCI",461,1,"SGW"
"Fitzgerald (MUN)",23,0,"ARS",461,1,"SGW"
"Flemming (BUR)",1,1,"TOT",215,1,"SGW"
"Flemming (BUR)",2,1,"SUN",215,1,"SGW"
"Flemming (BUR)",3,0,"MUN",215,1,"SGW"
"Flemming (BUR)",4,0,"LIV",215,1,"SGW"
"Flemming (BUR)",5,1,"NFO",215,1,"SGW"
"Flemming (BUR)",6,0,"MCI",215,1,"SGW"
"Flemming (BUR)",7,1,"AVL",215,1,"SGW"
"Flemming (BUR)",8,2,"LEE",215,1,"SGW"
"Flemming (BUR)",9,13,"WOL",215,1,"SGW"
"Flemming (BUR)",10,1,"ARS",215,1,"SGW"
"Flemming (BUR)",11,5,"WHU",215,1,"SGW"
"Flemming (BUR)",12,2,"CHE",215,1,"SGW"
"Flemming (BUR)",13,6,"BRE",215,1,"SGW"
"Flemming (BUR)",14,1,"CRY",215,1,"SGW"
"Flemming (BUR)",15,5,"NEW",215,1,"SGW"
"Flemming (BUR)",16,1,"FUL",215,1,"SGW"
"Flemming (BUR)",17,1,"BOU",215,1,"SGW"
"Flemming (BUR)",18,1,"EVE",215,1,"SGW"
"Flemming (BUR)",19,0,"NEW",215,1,"SGW"
"Flemming (BUR)",20,0,"BHA",215,1,"SGW"
"Flemming (BUR)",21,0,"MUN",215,1,"SGW"
"Flemming (BUR)",22,0,"LIV",215,1,"SGW"
"Flemming (BUR)",23,0,"TOT",215,1,"SGW"
"Fletcher (MUN)",1,NA,NA,771,NA,"BGW"
"Fletcher (MUN)",2,NA,NA,771,NA,"BGW"
"Fletcher (MUN)",3,NA,NA,771,NA,"BGW"
"Fletcher (MUN)",4,NA,NA,771,NA,"BGW"
"Fletcher (MUN)",5,NA,NA,771,NA,"BGW"
"Fletcher (MUN)",6,NA,NA,771,NA,"BGW"
"Fletcher (MUN)",7,NA,NA,771,NA,"BGW"
"Fletcher (MUN)",8,NA,NA,771,NA,"BGW"
"Fletcher (MUN)",9,NA,NA,771,NA,"BGW"
"Fletcher (MUN)",10,NA,NA,771,NA,"BGW"
"Fletcher (MUN)",11,NA,NA,771,NA,"BGW"
"Fletcher (MUN)",12,NA,NA,771,NA,"BGW"
"Fletcher (MUN)",13,NA,NA,771,NA,"BGW"
"Fletcher (MUN)",14,NA,NA,771,NA,"BGW"
"Fletcher (MUN)",15,NA,NA,771,NA,"BGW"
"Fletcher (MUN)",16,NA,NA,771,NA,"BGW"
"Fletcher (MUN)",17,NA,NA,771,NA,"BGW"
"Fletcher (MUN)",18,0,"NEW",771,1,"SGW"
"Fletcher (MUN)",19,0,"WOL",771,1,"SGW"
"Fletcher (MUN)",20,0,"LEE",771,1,"SGW"
"Fletcher (MUN)",21,0,"BUR",771,1,"SGW"
"Fletcher (MUN)",22,0,"MCI",771,1,"SGW"
"Fletcher (MUN)",23,0,"ARS",771,1,"SGW"
"Florentino (BUR)",1,NA,NA,722,NA,"BGW"
"Florentino (BUR)",2,NA,NA,722,NA,"BGW"
"Florentino (BUR)",3,NA,NA,722,NA,"BGW"
"Florentino (BUR)",4,1,"LIV",722,1,"SGW"
"Florentino (BUR)",5,3,"NFO",722,1,"SGW"
"Florentino (BUR)",6,4,"MCI",722,1,"SGW"
"Florentino (BUR)",7,4,"AVL",722,1,"SGW"
"Florentino (BUR)",8,8,"LEE",722,1,"SGW"
"Florentino (BUR)",9,2,"WOL",722,1,"SGW"
"Florentino (BUR)",10,2,"ARS",722,1,"SGW"
"Florentino (BUR)",11,4,"WHU",722,1,"SGW"
"Florentino (BUR)",12,2,"CHE",722,1,"SGW"
"Florentino (BUR)",13,5,"BRE",722,1,"SGW"
"Florentino (BUR)",14,2,"CRY",722,1,"SGW"
"Florentino (BUR)",15,2,"NEW",722,1,"SGW"
"Florentino (BUR)",16,2,"FUL",722,1,"SGW"
"Florentino (BUR)",17,0,"BOU",722,1,"SGW"
"Florentino (BUR)",18,1,"EVE",722,1,"SGW"
"Florentino (BUR)",19,3,"NEW",722,1,"SGW"
"Florentino (BUR)",20,3,"BHA",722,1,"SGW"
"Florentino (BUR)",21,2,"MUN",722,1,"SGW"
"Florentino (BUR)",22,7,"LIV",722,1,"SGW"
"Florentino (BUR)",23,4,"TOT",722,1,"SGW"
"Foden (MCI)",1,0,"WOL",414,1,"SGW"
"Foden (MCI)",2,1,"TOT",414,1,"SGW"
"Foden (MCI)",3,0,"BHA",414,1,"SGW"
"Foden (MCI)",4,12,"MUN",414,1,"SGW"
"Foden (MCI)",5,3,"ARS",414,1,"SGW"
"Foden (MCI)",6,1,"BUR",414,1,"SGW"
"Foden (MCI)",7,3,"BRE",414,1,"SGW"
"Foden (MCI)",8,3,"EVE",414,1,"SGW"
"Foden (MCI)",9,1,"AVL",414,1,"SGW"
"Foden (MCI)",10,4,"BOU",414,1,"SGW"
"Foden (MCI)",11,3,"LIV",414,1,"SGW"
"Foden (MCI)",12,2,"NEW",414,1,"SGW"
"Foden (MCI)",13,15,"LEE",414,1,"SGW"
"Foden (MCI)",14,17,"FUL",414,1,"SGW"
"Foden (MCI)",15,12,"SUN",414,1,"SGW"
"Foden (MCI)",16,11,"CRY",414,1,"SGW"
"Foden (MCI)",17,3,"WHU",414,1,"SGW"
"Foden (MCI)",18,2,"NFO",414,1,"SGW"
"Foden (MCI)",19,3,"SUN",414,1,"SGW"
"Foden (MCI)",20,2,"CHE",414,1,"SGW"
"Foden (MCI)",21,2,"BHA",414,1,"SGW"
"Foden (MCI)",22,1,"MUN",414,1,"SGW"
"Foden (MCI)",23,1,"WOL",414,1,"SGW"
"Foderingham (WHU)",1,0,"SUN",601,1,"SGW"
"Foderingham (WHU)",2,0,"CHE",601,1,"SGW"
"Foderingham (WHU)",3,0,"NFO",601,1,"SGW"
"Foderingham (WHU)",4,0,"TOT",601,1,"SGW"
"Foderingham (WHU)",5,0,"CRY",601,1,"SGW"
"Foderingham (WHU)",6,0,"EVE",601,1,"SGW"
"Foderingham (WHU)",7,0,"ARS",601,1,"SGW"
"Foderingham (WHU)",8,0,"BRE",601,1,"SGW"
"Foderingham (WHU)",9,0,"LEE",601,1,"SGW"
"Foderingham (WHU)",10,0,"NEW",601,1,"SGW"
"Foderingham (WHU)",11,0,"BUR",601,1,"SGW"
"Foderingham (WHU)",12,0,"BOU",601,1,"SGW"
"Foderingham (WHU)",13,0,"LIV",601,1,"SGW"
"Foderingham (WHU)",14,0,"MUN",601,1,"SGW"
"Foderingham (WHU)",15,0,"BHA",601,1,"SGW"
"Foderingham (WHU)",16,0,"AVL",601,1,"SGW"
"Foderingham (WHU)",17,0,"MCI",601,1,"SGW"
"Foderingham (WHU)",18,0,"FUL",601,1,"SGW"
"Foderingham (WHU)",19,0,"BHA",601,1,"SGW"
"Foderingham (WHU)",20,0,"WOL",601,1,"SGW"
"Foderingham (WHU)",21,0,"NFO",601,1,"SGW"
"Foderingham (WHU)",22,0,"TOT",601,1,"SGW"
"Foderingham (WHU)",23,0,"SUN",601,1,"SGW"
"Fofana (CHE)",1,0,"CRY",230,1,"SGW"
"Fofana (CHE)",2,1,"WHU",230,1,"SGW"
"Fofana (CHE)",3,0,"FUL",230,1,"SGW"
"Fofana (CHE)",4,1,"BRE",230,1,"SGW"
"Fofana (CHE)",5,1,"MUN",230,1,"SGW"
"Fofana (CHE)",6,0,"BHA",230,1,"SGW"
"Fofana (CHE)",7,0,"LIV",230,1,"SGW"
"Fofana (CHE)",8,0,"NFO",230,1,"SGW"
"Fofana (CHE)",9,0,"SUN",230,1,"SGW"
"Fofana (CHE)",10,6,"TOT",230,1,"SGW"
"Fofana (CHE)",11,6,"WOL",230,1,"SGW"
"Fofana (CHE)",12,0,"BUR",230,1,"SGW"
"Fofana (CHE)",13,4,"ARS",230,1,"SGW"
"Fofana (CHE)",14,0,"LEE",230,1,"SGW"
"Fofana (CHE)",15,9,"BOU",230,1,"SGW"
"Fofana (CHE)",16,9,"EVE",230,1,"SGW"
"Fofana (CHE)",17,1,"NEW",230,1,"SGW"
"Fofana (CHE)",18,0,"AVL",230,1,"SGW"
"Fofana (CHE)",19,3,"BOU",230,1,"SGW"
"Fofana (CHE)",20,0,"MCI",230,1,"SGW"
"Fofana (CHE)",21,0,"FUL",230,1,"SGW"
"Fofana (CHE)",22,0,"BRE",230,1,"SGW"
"Fofana (CHE)",23,1,"CRY",230,1,"SGW"
"Forster (BOU)",1,NA,NA,782,NA,"BGW"
"Forster (BOU)",2,NA,NA,782,NA,"BGW"
"Forster (BOU)",3,NA,NA,782,NA,"BGW"
"Forster (BOU)",4,NA,NA,782,NA,"BGW"
"Forster (BOU)",5,NA,NA,782,NA,"BGW"
"Forster (BOU)",6,NA,NA,782,NA,"BGW"
"Forster (BOU)",7,NA,NA,782,NA,"BGW"
"Forster (BOU)",8,NA,NA,782,NA,"BGW"
"Forster (BOU)",9,NA,NA,782,NA,"BGW"
"Forster (BOU)",10,NA,NA,782,NA,"BGW"
"Forster (BOU)",11,NA,NA,782,NA,"BGW"
"Forster (BOU)",12,NA,NA,782,NA,"BGW"
"Forster (BOU)",13,NA,NA,782,NA,"BGW"
"Forster (BOU)",14,NA,NA,782,NA,"BGW"
"Forster (BOU)",15,NA,NA,782,NA,"BGW"
"Forster (BOU)",16,NA,NA,782,NA,"BGW"
"Forster (BOU)",17,NA,NA,782,NA,"BGW"
"Forster (BOU)",18,NA,NA,782,NA,"BGW"
"Forster (BOU)",19,NA,NA,782,NA,"BGW"
"Forster (BOU)",20,0,"ARS",782,1,"SGW"
"Forster (BOU)",21,0,"TOT",782,1,"SGW"
"Forster (BOU)",22,0,"BHA",782,1,"SGW"
"Forster (BOU)",23,0,"LIV",782,1,"SGW"
"Foster (BUR)",1,2,"TOT",217,1,"SGW"
"Foster (BUR)",2,2,"SUN",217,1,"SGW"
"Foster (BUR)",3,6,"MUN",217,1,"SGW"
"Foster (BUR)",4,2,"LIV",217,1,"SGW"
"Foster (BUR)",5,6,"NFO",217,1,"SGW"
"Foster (BUR)",6,2,"MCI",217,1,"SGW"
"Foster (BUR)",7,1,"AVL",217,1,"SGW"
"Foster (BUR)",8,0,"LEE",217,1,"SGW"
"Foster (BUR)",9,7,"WOL",217,1,"SGW"
"Foster (BUR)",10,0,"ARS",217,1,"SGW"
"Foster (BUR)",11,0,"WHU",217,1,"SGW"
"Foster (BUR)",12,1,"CHE",217,1,"SGW"
"Foster (BUR)",13,2,"BRE",217,1,"SGW"
"Foster (BUR)",14,2,"CRY",217,1,"SGW"
"Foster (BUR)",15,1,"NEW",217,1,"SGW"
"Foster (BUR)",16,2,"FUL",217,1,"SGW"
"Foster (BUR)",17,0,"BOU",217,1,"SGW"
"Foster (BUR)",18,0,"EVE",217,1,"SGW"
"Foster (BUR)",19,0,"NEW",217,1,"SGW"
"Foster (BUR)",20,0,"BHA",217,1,"SGW"
"Foster (BUR)",21,0,"MUN",217,1,"SGW"
"Foster (BUR)",22,1,"LIV",217,1,"SGW"
"Foster (BUR)",23,5,"TOT",217,1,"SGW"
"Fraser (WOL)",1,0,"MCI",658,1,"SGW"
"Fraser (WOL)",2,0,"BOU",658,1,"SGW"
"Fraser (WOL)",3,0,"EVE",658,1,"SGW"
"Fraser (WOL)",4,0,"NEW",658,1,"SGW"
"Fraser (WOL)",5,0,"LEE",658,1,"SGW"
"Fraser (WOL)",6,0,"TOT",658,1,"SGW"
"Fraser (WOL)",7,0,"BHA",658,1,"SGW"
"Fraser (WOL)",8,0,"SUN",658,1,"SGW"
"Fraser (WOL)",9,0,"BUR",658,1,"SGW"
"Fraser (WOL)",10,0,"FUL",658,1,"SGW"
"Fraser (WOL)",11,0,"CHE",658,1,"SGW"
"Fraser (WOL)",12,0,"CRY",658,1,"SGW"
"Fraser (WOL)",13,0,"AVL",658,1,"SGW"
"Fraser (WOL)",14,0,"NFO",658,1,"SGW"
"Fraser (WOL)",15,0,"MUN",658,1,"SGW"
"Fraser (WOL)",16,0,"ARS",658,1,"SGW"
"Fraser (WOL)",17,0,"BRE",658,1,"SGW"
"Fraser (WOL)",18,0,"LIV",658,1,"SGW"
"Fraser (WOL)",19,0,"MUN",658,1,"SGW"
"Fraser (WOL)",20,0,"WHU",658,1,"SGW"
"Fraser (WOL)",21,0,"EVE",658,1,"SGW"
"Fraser (WOL)",22,0,"NEW",658,1,"SGW"
"Fraser (WOL)",23,0,"MCI",658,1,"SGW"
"Fredrick (BRE)",1,0,"NFO",115,1,"SGW"
"Fredrick (BRE)",2,0,"AVL",115,1,"SGW"
"Fredrick (BRE)",3,0,"SUN",115,1,"SGW"
"Fredrick (BRE)",4,0,"CHE",115,1,"SGW"
"Fredrick (BRE)",5,0,"FUL",115,1,"SGW"
"Fredrick (BRE)",6,0,"MUN",115,1,"SGW"
"Fredrick (BRE)",7,0,"MCI",115,1,"SGW"
"Fredrick (BRE)",8,0,"WHU",115,1,"SGW"
"Fredrick (BRE)",9,0,"LIV",115,1,"SGW"
"Fredrick (BRE)",10,0,"CRY",115,1,"SGW"
"Fredrick (BRE)",11,0,"NEW",115,1,"SGW"
"Fredrick (BRE)",12,0,"BHA",115,1,"SGW"
"Fredrick (BRE)",13,0,"BUR",115,1,"SGW"
"Fredrick (BRE)",14,0,"ARS",115,1,"SGW"
"Fredrick (BRE)",15,0,"TOT",115,1,"SGW"
"Fredrick (BRE)",16,0,"LEE",115,1,"SGW"
"Fredrick (BRE)",17,0,"WOL",115,1,"SGW"
"Fredrick (BRE)",18,0,"BOU",115,1,"SGW"
"Fredrick (BRE)",19,0,"TOT",115,1,"SGW"
"Fredrick (BRE)",20,0,"EVE",115,1,"SGW"
"Fredrick (BRE)",21,0,"SUN",115,1,"SGW"
"Fredrick (BRE)",22,0,"CHE",115,1,"SGW"
"Fredrick (BRE)",23,0,"NFO",115,1,"SGW"
"Fredricson (MUN)",1,0,"ARS",446,1,"SGW"
"Fredricson (MUN)",2,0,"FUL",446,1,"SGW"
"Fredricson (MUN)",3,0,"BUR",446,1,"SGW"
"Fredricson (MUN)",4,0,"MCI",446,1,"SGW"
"Fredricson (MUN)",5,0,"CHE",446,1,"SGW"
"Fredricson (MUN)",6,0,"BRE",446,1,"SGW"
"Fredricson (MUN)",7,0,"SUN",446,1,"SGW"
"Fredricson (MUN)",8,0,"LIV",446,1,"SGW"
"Fredricson (MUN)",9,0,"BHA",446,1,"SGW"
"Fredricson (MUN)",10,0,"NFO",446,1,"SGW"
"Fredricson (MUN)",11,0,"TOT",446,1,"SGW"
"Fredricson (MUN)",12,0,"EVE",446,1,"SGW"
"Fredricson (MUN)",13,0,"CRY",446,1,"SGW"
"Fredricson (MUN)",14,0,"WHU",446,1,"SGW"
"Fredricson (MUN)",15,0,"WOL",446,1,"SGW"
"Fredricson (MUN)",16,0,"BOU",446,1,"SGW"
"Fredricson (MUN)",17,0,"AVL",446,1,"SGW"
"Fredricson (MUN)",18,1,"NEW",446,1,"SGW"
"Fredricson (MUN)",19,0,"WOL",446,1,"SGW"
"Fredricson (MUN)",20,0,"LEE",446,1,"SGW"
"Fredricson (MUN)",21,0,"BUR",446,1,"SGW"
"Fredricson (MUN)",22,0,"MCI",446,1,"SGW"
"Fredricson (MUN)",23,0,"ARS",446,1,"SGW"
"Frimpong (LIV)",1,1,"BOU",370,1,"SGW"
"Frimpong (LIV)",2,0,"NEW",370,1,"SGW"
"Frimpong (LIV)",3,0,"ARS",370,1,"SGW"
"Frimpong (LIV)",4,4,"BUR",370,1,"SGW"
"Frimpong (LIV)",5,0,"EVE",370,1,"SGW"
"Frimpong (LIV)",6,1,"CRY",370,1,"SGW"
"Frimpong (LIV)",7,0,"CHE",370,1,"SGW"
"Frimpong (LIV)",8,1,"MUN",370,1,"SGW"
"Frimpong (LIV)",9,0,"BRE",370,1,"SGW"
"Frimpong (LIV)",10,0,"AVL",370,1,"SGW"
"Frimpong (LIV)",11,0,"MCI",370,1,"SGW"
"Frimpong (LIV)",12,0,"NFO",370,1,"SGW"
"Frimpong (LIV)",13,0,"WHU",370,1,"SGW"
"Frimpong (LIV)",14,0,"SUN",370,1,"SGW"
"Frimpong (LIV)",15,0,"LEE",370,1,"SGW"
"Frimpong (LIV)",16,0,"BHA",370,1,"SGW"
"Frimpong (LIV)",17,4,"TOT",370,1,"SGW"
"Frimpong (LIV)",18,5,"WOL",370,1,"SGW"
"Frimpong (LIV)",19,6,"LEE",370,1,"SGW"
"Frimpong (LIV)",20,4,"FUL",370,1,"SGW"
"Frimpong (LIV)",21,6,"ARS",370,1,"SGW"
"Frimpong (LIV)",22,2,"BUR",370,1,"SGW"
"Frimpong (LIV)",23,0,"BOU",370,1,"SGW"
"Füllkrug (WHU)",1,2,"SUN",625,1,"SGW"
"Füllkrug (WHU)",2,1,"CHE",625,1,"SGW"
"Füllkrug (WHU)",3,2,"NFO",625,1,"SGW"
"Füllkrug (WHU)",4,0,"TOT",625,1,"SGW"
"Füllkrug (WHU)",5,1,"CRY",625,1,"SGW"
"Füllkrug (WHU)",6,2,"EVE",625,1,"SGW"
"Füllkrug (WHU)",7,2,"ARS",625,1,"SGW"
"Füllkrug (WHU)",8,0,"BRE",625,1,"SGW"
"Füllkrug (WHU)",9,0,"LEE",625,1,"SGW"
"Füllkrug (WHU)",10,0,"NEW",625,1,"SGW"
"Füllkrug (WHU)",11,0,"BUR",625,1,"SGW"
"Füllkrug (WHU)",12,1,"BOU",625,1,"SGW"
"Füllkrug (WHU)",13,1,"LIV",625,1,"SGW"
"Füllkrug (WHU)",14,0,"MUN",625,1,"SGW"
"Füllkrug (WHU)",15,0,"BHA",625,1,"SGW"
"Füllkrug (WHU)",16,0,"AVL",625,1,"SGW"
"Füllkrug (WHU)",17,0,"MCI",625,1,"SGW"
"Füllkrug (WHU)",18,0,"FUL",625,1,"SGW"
"Füllkrug (WHU)",19,0,"BHA",625,1,"SGW"
"Füllkrug (WHU)",20,0,"WOL",625,1,"SGW"
"Füllkrug (WHU)",21,0,"NFO",625,1,"SGW"
"Füllkrug (WHU)",22,0,"TOT",625,1,"SGW"
"Füllkrug (WHU)",23,0,"SUN",625,1,"SGW"
"Furo (BRE)",1,NA,NA,797,NA,"BGW"
"Furo (BRE)",2,NA,NA,797,NA,"BGW"
"Furo (BRE)",3,NA,NA,797,NA,"BGW"
"Furo (BRE)",4,NA,NA,797,NA,"BGW"
"Furo (BRE)",5,NA,NA,797,NA,"BGW"
"Furo (BRE)",6,NA,NA,797,NA,"BGW"
"Furo (BRE)",7,NA,NA,797,NA,"BGW"
"Furo (BRE)",8,NA,NA,797,NA,"BGW"
"Furo (BRE)",9,NA,NA,797,NA,"BGW"
"Furo (BRE)",10,NA,NA,797,NA,"BGW"
"Furo (BRE)",11,NA,NA,797,NA,"BGW"
"Furo (BRE)",12,NA,NA,797,NA,"BGW"
"Furo (BRE)",13,NA,NA,797,NA,"BGW"
"Furo (BRE)",14,NA,NA,797,NA,"BGW"
"Furo (BRE)",15,NA,NA,797,NA,"BGW"
"Furo (BRE)",16,NA,NA,797,NA,"BGW"
"Furo (BRE)",17,NA,NA,797,NA,"BGW"
"Furo (BRE)",18,NA,NA,797,NA,"BGW"
"Furo (BRE)",19,NA,NA,797,NA,"BGW"
"Furo (BRE)",20,NA,NA,797,NA,"BGW"
"Furo (BRE)",21,NA,NA,797,NA,"BGW"
"Furo (BRE)",22,0,"CHE",797,1,"SGW"
"Furo (BRE)",23,0,"NFO",797,1,"SGW"
"G.Jesus (ARS)",1,0,"MUN",31,1,"SGW"
"G.Jesus (ARS)",2,0,"LEE",31,1,"SGW"
"G.Jesus (ARS)",3,0,"LIV",31,1,"SGW"
"G.Jesus (ARS)",4,0,"NFO",31,1,"SGW"
"G.Jesus (ARS)",5,0,"MCI",31,1,"SGW"
"G.Jesus (ARS)",6,0,"NEW",31,1,"SGW"
"G.Jesus (ARS)",7,0,"WHU",31,1,"SGW"
"G.Jesus (ARS)",8,0,"FUL",31,1,"SGW"
"G.Jesus (ARS)",9,0,"CRY",31,1,"SGW"
"G.Jesus (ARS)",10,0,"BUR",31,1,"SGW"
"G.Jesus (ARS)",11,0,"SUN",31,1,"SGW"
"G.Jesus (ARS)",12,0,"TOT",31,1,"SGW"
"G.Jesus (ARS)",13,0,"CHE",31,1,"SGW"
"G.Jesus (ARS)",14,0,"BRE",31,1,"SGW"
"G.Jesus (ARS)",15,0,"AVL",31,1,"SGW"
"G.Jesus (ARS)",16,1,"WOL",31,1,"SGW"
"G.Jesus (ARS)",17,1,"EVE",31,1,"SGW"
"G.Jesus (ARS)",18,1,"BHA",31,1,"SGW"
"G.Jesus (ARS)",19,4,"AVL",31,1,"SGW"
"G.Jesus (ARS)",20,1,"BOU",31,1,"SGW"
"G.Jesus (ARS)",21,1,"LIV",31,1,"SGW"
"G.Jesus (ARS)",22,1,"NFO",31,1,"SGW"
"G.Jesus (ARS)",23,1,"MUN",31,1,"SGW"
"G.Rodriguez (WHU)",1,2,"SUN",618,1,"SGW"
"G.Rodriguez (WHU)",2,0,"CHE",618,1,"SGW"
"G.Rodriguez (WHU)",3,0,"NFO",618,1,"SGW"
"G.Rodriguez (WHU)",4,0,"TOT",618,1,"SGW"
"G.Rodriguez (WHU)",5,0,"CRY",618,1,"SGW"
"G.Rodriguez (WHU)",6,0,"EVE",618,1,"SGW"
"G.Rodriguez (WHU)",7,0,"ARS",618,1,"SGW"
"G.Rodriguez (WHU)",8,1,"BRE",618,1,"SGW"
"G.Rodriguez (WHU)",9,0,"LEE",618,1,"SGW"
"G.Rodriguez (WHU)",10,0,"NEW",618,1,"SGW"
"G.Rodriguez (WHU)",11,0,"BUR",618,1,"SGW"
"G.Rodriguez (WHU)",12,0,"BOU",618,1,"SGW"
"G.Rodriguez (WHU)",13,0,"LIV",618,1,"SGW"
"G.Rodriguez (WHU)",14,0,"MUN",618,1,"SGW"
"G.Rodriguez (WHU)",15,2,"BHA",618,1,"SGW"
"G.Rodriguez (WHU)",16,1,"AVL",618,1,"SGW"
"G.Rodriguez (WHU)",17,1,"MCI",618,1,"SGW"
"G.Rodriguez (WHU)",18,0,"FUL",618,1,"SGW"
"G.Rodriguez (WHU)",19,0,"BHA",618,1,"SGW"
"G.Rodriguez (WHU)",20,0,"WOL",618,1,"SGW"
"G.Rodriguez (WHU)",21,0,"NFO",618,1,"SGW"
"G.Rodriguez (WHU)",22,1,"TOT",618,1,"SGW"
"G.Rodriguez (WHU)",23,0,"SUN",618,1,"SGW"
"Gabriel (ARS)",1,6,"MUN",5,1,"SGW"
"Gabriel (ARS)",2,6,"LEE",5,1,"SGW"
"Gabriel (ARS)",3,2,"LIV",5,1,"SGW"
"Gabriel (ARS)",4,9,"NFO",5,1,"SGW"
"Gabriel (ARS)",5,2,"MCI",5,1,"SGW"
"Gabriel (ARS)",6,13,"NEW",5,1,"SGW"
"Gabriel (ARS)",7,9,"WHU",5,1,"SGW"
"Gabriel (ARS)",8,12,"FUL",5,1,"SGW"
"Gabriel (ARS)",9,9,"CRY",5,1,"SGW"
"Gabriel (ARS)",10,12,"BUR",5,1,"SGW"
"Gabriel (ARS)",11,1,"SUN",5,1,"SGW"
"Gabriel (ARS)",12,0,"TOT",5,1,"SGW"
"Gabriel (ARS)",13,0,"CHE",5,1,"SGW"
"Gabriel (ARS)",14,0,"BRE",5,1,"SGW"
"Gabriel (ARS)",15,0,"AVL",5,1,"SGW"
"Gabriel (ARS)",16,0,"WOL",5,1,"SGW"
"Gabriel (ARS)",17,0,"EVE",5,1,"SGW"
"Gabriel (ARS)",18,1,"BHA",5,1,"SGW"
"Gabriel (ARS)",19,15,"AVL",5,1,"SGW"
"Gabriel (ARS)",20,9,"BOU",5,1,"SGW"
"Gabriel (ARS)",21,6,"LIV",5,1,"SGW"
"Gabriel (ARS)",22,8,"NFO",5,1,"SGW"
"Gabriel (ARS)",23,1,"MUN",5,1,"SGW"
"Gakpo (LIV)",1,7,"BOU",384,1,"SGW"
"Gakpo (LIV)",2,10,"NEW",384,1,"SGW"
"Gakpo (LIV)",3,3,"ARS",384,1,"SGW"
"Gakpo (LIV)",4,3,"BUR",384,1,"SGW"
"Gakpo (LIV)",5,2,"EVE",384,1,"SGW"
"Gakpo (LIV)",6,1,"CRY",384,1,"SGW"
"Gakpo (LIV)",7,7,"CHE",384,1,"SGW"
"Gakpo (LIV)",8,7,"MUN",384,1,"SGW"
"Gakpo (LIV)",9,2,"BRE",384,1,"SGW"
"Gakpo (LIV)",10,3,"AVL",384,1,"SGW"
"Gakpo (LIV)",11,1,"MCI",384,1,"SGW"
"Gakpo (LIV)",12,2,"NFO",384,1,"SGW"
"Gakpo (LIV)",13,14,"WHU",384,1,"SGW"
"Gakpo (LIV)",14,1,"SUN",384,1,"SGW"
"Gakpo (LIV)",15,2,"LEE",384,1,"SGW"
"Gakpo (LIV)",16,0,"BHA",384,1,"SGW"
"Gakpo (LIV)",17,0,"TOT",384,1,"SGW"
"Gakpo (LIV)",18,1,"WOL",384,1,"SGW"
"Gakpo (LIV)",19,1,"LEE",384,1,"SGW"
"Gakpo (LIV)",20,6,"FUL",384,1,"SGW"
"Gakpo (LIV)",21,3,"ARS",384,1,"SGW"
"Gakpo (LIV)",22,2,"BUR",384,1,"SGW"
"Gakpo (LIV)",23,2,"BOU",384,1,"SGW"
"Gallagher (TOT)",1,NA,NA,796,NA,"BGW"
"Gallagher (TOT)",2,NA,NA,796,NA,"BGW"
"Gallagher (TOT)",3,NA,NA,796,NA,"BGW"
"Gallagher (TOT)",4,NA,NA,796,NA,"BGW"
"Gallagher (TOT)",5,NA,NA,796,NA,"BGW"
"Gallagher (TOT)",6,NA,NA,796,NA,"BGW"
"Gallagher (TOT)",7,NA,NA,796,NA,"BGW"
"Gallagher (TOT)",8,NA,NA,796,NA,"BGW"
"Gallagher (TOT)",9,NA,NA,796,NA,"BGW"
"Gallagher (TOT)",10,NA,NA,796,NA,"BGW"
"Gallagher (TOT)",11,NA,NA,796,NA,"BGW"
"Gallagher (TOT)",12,NA,NA,796,NA,"BGW"
"Gallagher (TOT)",13,NA,NA,796,NA,"BGW"
"Gallagher (TOT)",14,NA,NA,796,NA,"BGW"
"Gallagher (TOT)",15,NA,NA,796,NA,"BGW"
"Gallagher (TOT)",16,NA,NA,796,NA,"BGW"
"Gallagher (TOT)",17,NA,NA,796,NA,"BGW"
"Gallagher (TOT)",18,NA,NA,796,NA,"BGW"
"Gallagher (TOT)",19,NA,NA,796,NA,"BGW"
"Gallagher (TOT)",20,NA,NA,796,NA,"BGW"
"Gallagher (TOT)",21,NA,NA,796,NA,"BGW"
"Gallagher (TOT)",22,2,"WHU",796,1,"SGW"
"Gallagher (TOT)",23,2,"BUR",796,1,"SGW"
"Gana (EVE)",1,2,"LEE",302,1,"SGW"
"Gana (EVE)",2,3,"BHA",302,1,"SGW"
"Gana (EVE)",3,2,"WOL",302,1,"SGW"
"Gana (EVE)",4,3,"AVL",302,1,"SGW"
"Gana (EVE)",5,10,"LIV",302,1,"SGW"
"Gana (EVE)",6,2,"WHU",302,1,"SGW"
"Gana (EVE)",7,2,"CRY",302,1,"SGW"
"Gana (EVE)",8,2,"MCI",302,1,"SGW"
"Gana (EVE)",9,2,"TOT",302,1,"SGW"
"Gana (EVE)",10,4,"SUN",302,1,"SGW"
"Gana (EVE)",11,10,"FUL",302,1,"SGW"
"Gana (EVE)",12,-2,"MUN",302,1,"SGW"
"Gana (EVE)",13,0,"NEW",302,1,"SGW"
"Gana (EVE)",14,0,"BOU",302,1,"SGW"
"Gana (EVE)",15,0,"NFO",302,1,"SGW"
"Gana (EVE)",16,4,"CHE",302,1,"SGW"
"Gana (EVE)",17,0,"ARS",302,1,"SGW"
"Gana (EVE)",18,0,"BUR",302,1,"SGW"
"Gana (EVE)",19,0,"NFO",302,1,"SGW"
"Gana (EVE)",20,0,"BRE",302,1,"SGW"
"Gana (EVE)",21,0,"WOL",302,1,"SGW"
"Gana (EVE)",22,0,"AVL",302,1,"SGW"
"Gana (EVE)",23,6,"LEE",302,1,"SGW"
"Gannon-Doak (BOU)",1,0,"BOU",391,1,"SGW"
"Gannon-Doak (BOU)",2,0,"WOL",391,1,"SGW"
"Gannon-Doak (BOU)",3,0,"TOT",391,1,"SGW"
"Gannon-Doak (BOU)",4,0,"BHA",391,1,"SGW"
"Gannon-Doak (BOU)",5,0,"NEW",391,1,"SGW"
"Gannon-Doak (BOU)",6,1,"LEE",391,1,"SGW"
"Gannon-Doak (BOU)",7,4,"FUL",391,1,"SGW"
"Gannon-Doak (BOU)",8,1,"CRY",391,1,"SGW"
"Gannon-Doak (BOU)",9,0,"NFO",391,1,"SGW"
"Gannon-Doak (BOU)",10,1,"MCI",391,1,"SGW"
"Gannon-Doak (BOU)",11,0,"AVL",391,1,"SGW"
"Gannon-Doak (BOU)",12,0,"WHU",391,1,"SGW"
"Gannon-Doak (BOU)",13,0,"SUN",391,1,"SGW"
"Gannon-Doak (BOU)",14,0,"EVE",391,1,"SGW"
"Gannon-Doak (BOU)",15,0,"CHE",391,1,"SGW"
"Gannon-Doak (BOU)",16,0,"MUN",391,1,"SGW"
"Gannon-Doak (BOU)",17,0,"BUR",391,1,"SGW"
"Gannon-Doak (BOU)",18,0,"BRE",391,1,"SGW"
"Gannon-Doak (BOU)",19,0,"CHE",391,1,"SGW"
"Gannon-Doak (BOU)",20,0,"ARS",391,1,"SGW"
"Gannon-Doak (BOU)",21,0,"TOT",391,1,"SGW"
"Gannon-Doak (BOU)",22,0,"BHA",391,1,"SGW"
"Gannon-Doak (BOU)",23,0,"LIV",391,1,"SGW"
"Garnacho (CHE)",1,0,"ARS",453,1,"SGW"
"Garnacho (CHE)",2,0,"FUL",453,1,"SGW"
"Garnacho (CHE)",3,0,"BUR",453,1,"SGW"
"Garnacho (CHE)",4,1,"BRE",453,1,"SGW"
"Garnacho (CHE)",5,0,"MUN",453,1,"SGW"
"Garnacho (CHE)",6,0,"BHA",453,1,"SGW"
"Garnacho (CHE)",7,2,"LIV",453,1,"SGW"
"Garnacho (CHE)",8,1,"NFO",453,1,"SGW"
"Garnacho (CHE)",9,6,"SUN",453,1,"SGW"
"Garnacho (CHE)",10,3,"TOT",453,1,"SGW"
"Garnacho (CHE)",11,11,"WOL",453,1,"SGW"
"Garnacho (CHE)",12,0,"BUR",453,1,"SGW"
"Garnacho (CHE)",13,1,"ARS",453,1,"SGW"
"Garnacho (CHE)",14,1,"LEE",453,1,"SGW"
"Garnacho (CHE)",15,3,"BOU",453,1,"SGW"
"Garnacho (CHE)",16,3,"EVE",453,1,"SGW"
"Garnacho (CHE)",17,1,"NEW",453,1,"SGW"
"Garnacho (CHE)",18,2,"AVL",453,1,"SGW"
"Garnacho (CHE)",19,4,"BOU",453,1,"SGW"
"Garnacho (CHE)",20,0,"MCI",453,1,"SGW"
"Garnacho (CHE)",21,0,"FUL",453,1,"SGW"
"Garnacho (CHE)",22,1,"BRE",453,1,"SGW"
"Garnacho (CHE)",23,0,"CRY",453,1,"SGW"
"Garner (EVE)",1,2,"LEE",303,1,"SGW"
"Garner (EVE)",2,10,"BHA",303,1,"SGW"
"Garner (EVE)",3,4,"WOL",303,1,"SGW"
"Garner (EVE)",4,5,"AVL",303,1,"SGW"
"Garner (EVE)",5,4,"LIV",303,1,"SGW"
"Garner (EVE)",6,7,"WHU",303,1,"SGW"
"Garner (EVE)",7,1,"CRY",303,1,"SGW"
"Garner (EVE)",8,3,"MCI",303,1,"SGW"
"Garner (EVE)",9,1,"TOT",303,1,"SGW"
"Garner (EVE)",10,2,"SUN",303,1,"SGW"
"Garner (EVE)",11,3,"FUL",303,1,"SGW"
"Garner (EVE)",12,6,"MUN",303,1,"SGW"
"Garner (EVE)",13,2,"NEW",303,1,"SGW"
"Garner (EVE)",14,3,"BOU",303,1,"SGW"
"Garner (EVE)",15,3,"NFO",303,1,"SGW"
"Garner (EVE)",16,4,"CHE",303,1,"SGW"
"Garner (EVE)",17,4,"ARS",303,1,"SGW"
"Garner (EVE)",18,5,"BUR",303,1,"SGW"
"Garner (EVE)",19,16,"NFO",303,1,"SGW"
"Garner (EVE)",20,4,"BRE",303,1,"SGW"
"Garner (EVE)",21,6,"WOL",303,1,"SGW"
"Garner (EVE)",22,4,"AVL",303,1,"SGW"
"Garner (EVE)",23,2,"LEE",303,1,"SGW"
"Gauci (AVL)",1,0,"NEW",34,1,"SGW"
"Gauci (AVL)",2,0,"BRE",34,1,"SGW"
"Gauci (AVL)",3,0,"CRY",34,1,"SGW"
"Gauci (AVL)",4,0,"EVE",34,1,"SGW"
"Gauci (AVL)",5,0,"SUN",34,1,"SGW"
"Gauci (AVL)",6,0,"FUL",34,1,"SGW"
"Gauci (AVL)",7,0,"BUR",34,1,"SGW"
"Gauci (AVL)",8,0,"TOT",34,1,"SGW"
"Gauci (AVL)",9,0,"MCI",34,1,"SGW"
"Gauci (AVL)",10,0,"LIV",34,1,"SGW"
"Gauci (AVL)",11,0,"BOU",34,1,"SGW"
"Gauci (AVL)",12,0,"LEE",34,1,"SGW"
"Gauci (AVL)",13,0,"WOL",34,1,"SGW"
"Gauci (AVL)",14,0,"BHA",34,1,"SGW"
"Gauci (AVL)",15,0,"ARS",34,1,"SGW"
"Gauci (AVL)",16,0,"WHU",34,1,"SGW"
"Gauci (AVL)",17,0,"MUN",34,1,"SGW"
"Gauci (AVL)",18,0,"CHE",34,1,"SGW"
"Gauci (AVL)",19,0,"ARS",34,1,"SGW"
"Gauci (AVL)",20,0,"NFO",34,1,"SGW"
"Gauci (AVL)",21,0,"CRY",34,1,"SGW"
"Gauci (AVL)",22,0,"EVE",34,1,"SGW"
"Gauci (AVL)",23,0,"NEW",34,1,"SGW"
"Geertruida (SUN)",1,NA,NA,724,NA,"BGW"
"Geertruida (SUN)",2,NA,NA,724,NA,"BGW"
"Geertruida (SUN)",3,NA,NA,724,NA,"BGW"
"Geertruida (SUN)",4,1,"CRY",724,1,"SGW"
"Geertruida (SUN)",5,1,"AVL",724,1,"SGW"
"Geertruida (SUN)",6,1,"NFO",724,1,"SGW"
"Geertruida (SUN)",7,1,"MUN",724,1,"SGW"
"Geertruida (SUN)",8,1,"WOL",724,1,"SGW"
"Geertruida (SUN)",9,2,"CHE",724,1,"SGW"
"Geertruida (SUN)",10,2,"EVE",724,1,"SGW"
"Geertruida (SUN)",11,1,"ARS",724,1,"SGW"
"Geertruida (SUN)",12,2,"FUL",724,1,"SGW"
"Geertruida (SUN)",13,1,"BOU",724,1,"SGW"
"Geertruida (SUN)",14,1,"LIV",724,1,"SGW"
"Geertruida (SUN)",15,1,"MCI",724,1,"SGW"
"Geertruida (SUN)",16,0,"NEW",724,1,"SGW"
"Geertruida (SUN)",17,6,"BHA",724,1,"SGW"
"Geertruida (SUN)",18,2,"LEE",724,1,"SGW"
"Geertruida (SUN)",19,6,"MCI",724,1,"SGW"
"Geertruida (SUN)",20,2,"TOT",724,1,"SGW"
"Geertruida (SUN)",21,1,"BRE",724,1,"SGW"
"Geertruida (SUN)",22,0,"CRY",724,1,"SGW"
"Geertruida (SUN)",23,0,"WHU",724,1,"SGW"
"Gelhardt (LEE)",1,0,"EVE",360,1,"SGW"
"Gelhardt (LEE)",2,0,"ARS",360,1,"SGW"
"Gelhardt (LEE)",3,0,"NEW",360,1,"SGW"
"Gelhardt (LEE)",4,0,"FUL",360,1,"SGW"
"Gelhardt (LEE)",5,0,"WOL",360,1,"SGW"
"Gelhardt (LEE)",6,0,"BOU",360,1,"SGW"
"Gelhardt (LEE)",7,0,"TOT",360,1,"SGW"
"Gelhardt (LEE)",8,0,"BUR",360,1,"SGW"
"Gelhardt (LEE)",9,0,"WHU",360,1,"SGW"
"Gelhardt (LEE)",10,0,"BHA",360,1,"SGW"
"Gelhardt (LEE)",11,0,"NFO",360,1,"SGW"
"Gelhardt (LEE)",12,0,"AVL",360,1,"SGW"
"Gelhardt (LEE)",13,0,"MCI",360,1,"SGW"
"Gelhardt (LEE)",14,0,"CHE",360,1,"SGW"
"Gelhardt (LEE)",15,0,"LIV",360,1,"SGW"
"Gelhardt (LEE)",16,0,"BRE",360,1,"SGW"
"Gelhardt (LEE)",17,0,"CRY",360,1,"SGW"
"Gelhardt (LEE)",18,0,"SUN",360,1,"SGW"
"Gelhardt (LEE)",19,0,"LIV",360,1,"SGW"
"Gelhardt (LEE)",20,0,"MUN",360,1,"SGW"
"Gelhardt (LEE)",21,0,"NEW",360,1,"SGW"
"Gelhardt (LEE)",22,0,"FUL",360,1,"SGW"
"Gelhardt (LEE)",23,0,"EVE",360,1,"SGW"
"George (CHE)",1,0,"CRY",243,1,"SGW"
"George (CHE)",2,0,"WHU",243,1,"SGW"
"George (CHE)",3,3,"FUL",243,1,"SGW"
"George (CHE)",4,0,"BRE",243,1,"SGW"
"George (CHE)",5,0,"MUN",243,1,"SGW"
"George (CHE)",6,0,"BHA",243,1,"SGW"
"George (CHE)",7,0,"LIV",243,1,"SGW"
"George (CHE)",8,0,"NFO",243,1,"SGW"
"George (CHE)",9,1,"SUN",243,1,"SGW"
"George (CHE)",10,0,"TOT",243,1,"SGW"
"George (CHE)",11,0,"WOL",243,1,"SGW"
"George (CHE)",12,0,"BUR",243,1,"SGW"
"George (CHE)",13,0,"ARS",243,1,"SGW"
"George (CHE)",14,0,"LEE",243,1,"SGW"
"George (CHE)",15,0,"BOU",243,1,"SGW"
"George (CHE)",16,0,"EVE",243,1,"SGW"
"George (CHE)",17,0,"NEW",243,1,"SGW"
"George (CHE)",18,0,"AVL",243,1,"SGW"
"George (CHE)",19,0,"BOU",243,1,"SGW"
"George (CHE)",20,0,"MCI",243,1,"SGW"
"George (CHE)",21,0,"FUL",243,1,"SGW"
"George (CHE)",22,0,"BRE",243,1,"SGW"
"George (CHE)",23,0,"CRY",243,1,"SGW"
"George Hemmings (AVL)",1,NA,NA,754,NA,"BGW"
"George Hemmings (AVL)",2,NA,NA,754,NA,"BGW"
"George Hemmings (AVL)",3,NA,NA,754,NA,"BGW"
"George Hemmings (AVL)",4,NA,NA,754,NA,"BGW"
"George Hemmings (AVL)",5,NA,NA,754,NA,"BGW"
"George Hemmings (AVL)",6,NA,NA,754,NA,"BGW"
"George Hemmings (AVL)",7,NA,NA,754,NA,"BGW"
"George Hemmings (AVL)",8,NA,NA,754,NA,"BGW"
"George Hemmings (AVL)",9,NA,NA,754,NA,"BGW"
"George Hemmings (AVL)",10,NA,NA,754,NA,"BGW"
"George Hemmings (AVL)",11,NA,NA,754,NA,"BGW"
"George Hemmings (AVL)",12,0,"LEE",754,1,"SGW"
"George Hemmings (AVL)",13,0,"WOL",754,1,"SGW"
"George Hemmings (AVL)",14,0,"BHA",754,1,"SGW"
"George Hemmings (AVL)",15,0,"ARS",754,1,"SGW"
"George Hemmings (AVL)",16,0,"WHU",754,1,"SGW"
"George Hemmings (AVL)",17,0,"MUN",754,1,"SGW"
"George Hemmings (AVL)",18,0,"CHE",754,1,"SGW"
"George Hemmings (AVL)",19,1,"ARS",754,1,"SGW"
"George Hemmings (AVL)",20,0,"NFO",754,1,"SGW"
"George Hemmings (AVL)",21,0,"CRY",754,1,"SGW"
"George Hemmings (AVL)",22,1,"EVE",754,1,"SGW"
"George Hemmings (AVL)",23,0,"NEW",754,1,"SGW"
"Georginio (BHA)",1,6,"FUL",158,1,"SGW"
"Georginio (BHA)",2,0,"EVE",158,1,"SGW"
"Georginio (BHA)",3,1,"MCI",158,1,"SGW"
"Georginio (BHA)",4,1,"BOU",158,1,"SGW"
"Georginio (BHA)",5,5,"TOT",158,1,"SGW"
"Georginio (BHA)",6,2,"CHE",158,1,"SGW"
"Georginio (BHA)",7,1,"WOL",158,1,"SGW"
"Georginio (BHA)",8,7,"NEW",158,1,"SGW"
"Georginio (BHA)",9,2,"MUN",158,1,"SGW"
"Georginio (BHA)",10,3,"LEE",158,1,"SGW"
"Georginio (BHA)",11,2,"CRY",158,1,"SGW"
"Georginio (BHA)",12,2,"BRE",158,1,"SGW"
"Georginio (BHA)",13,4,"NFO",158,1,"SGW"
"Georginio (BHA)",14,0,"AVL",158,1,"SGW"
"Georginio (BHA)",15,8,"WHU",158,1,"SGW"
"Georginio (BHA)",16,2,"LIV",158,1,"SGW"
"Georginio (BHA)",17,3,"SUN",158,1,"SGW"
"Georginio (BHA)",18,0,"ARS",158,1,"SGW"
"Georginio (BHA)",19,1,"WHU",158,1,"SGW"
"Georginio (BHA)",20,8,"BUR",158,1,"SGW"
"Georginio (BHA)",21,2,"MCI",158,1,"SGW"
"Georginio (BHA)",22,1,"BOU",158,1,"SGW"
"Georginio (BHA)",23,1,"FUL",158,1,"SGW"
"Gibbs-White (NFO)",1,5,"BRE",515,1,"SGW"
"Gibbs-White (NFO)",2,2,"CRY",515,1,"SGW"
"Gibbs-White (NFO)",3,2,"WHU",515,1,"SGW"
"Gibbs-White (NFO)",4,2,"ARS",515,1,"SGW"
"Gibbs-White (NFO)",5,2,"BUR",515,1,"SGW"
"Gibbs-White (NFO)",6,1,"SUN",515,1,"SGW"
"Gibbs-White (NFO)",7,4,"NEW",515,1,"SGW"
"Gibbs-White (NFO)",8,2,"CHE",515,1,"SGW"
"Gibbs-White (NFO)",9,2,"BOU",515,1,"SGW"
"Gibbs-White (NFO)",10,8,"MUN",515,1,"SGW"
"Gibbs-White (NFO)",11,10,"LEE",515,1,"SGW"
"Gibbs-White (NFO)",12,8,"LIV",515,1,"SGW"
"Gibbs-White (NFO)",13,2,"BHA",515,1,"SGW"
"Gibbs-White (NFO)",14,3,"WOL",515,1,"SGW"
"Gibbs-White (NFO)",15,2,"EVE",515,1,"SGW"
"Gibbs-White (NFO)",16,3,"TOT",515,1,"SGW"
"Gibbs-White (NFO)",17,2,"FUL",515,1,"SGW"
"Gibbs-White (NFO)",18,2,"MCI",515,1,"SGW"
"Gibbs-White (NFO)",19,2,"EVE",515,1,"SGW"
"Gibbs-White (NFO)",20,8,"AVL",515,1,"SGW"
"Gibbs-White (NFO)",21,9,"WHU",515,1,"SGW"
"Gibbs-White (NFO)",22,3,"ARS",515,1,"SGW"
"Gibbs-White (NFO)",23,6,"BRE",515,1,"SGW"
"Gillespie (NEW)",1,0,"AVL",471,1,"SGW"
"Gillespie (NEW)",2,0,"LIV",471,1,"SGW"
"Gillespie (NEW)",3,0,"LEE",471,1,"SGW"
"Gillespie (NEW)",4,0,"WOL",471,1,"SGW"
"Gillespie (NEW)",5,0,"BOU",471,1,"SGW"
"Gillespie (NEW)",6,0,"ARS",471,1,"SGW"
"Gillespie (NEW)",7,0,"NFO",471,1,"SGW"
"Gillespie (NEW)",8,0,"BHA",471,1,"SGW"
"Gillespie (NEW)",9,0,"FUL",471,1,"SGW"
"Gillespie (NEW)",10,0,"WHU",471,1,"SGW"
"Gillespie (NEW)",11,0,"BRE",471,1,"SGW"
"Gillespie (NEW)",12,0,"MCI",471,1,"SGW"
"Gillespie (NEW)",13,0,"EVE",471,1,"SGW"
"Gillespie (NEW)",14,0,"TOT",471,1,"SGW"
"Gillespie (NEW)",15,0,"BUR",471,1,"SGW"
"Gillespie (NEW)",16,0,"SUN",471,1,"SGW"
"Gillespie (NEW)",17,0,"CHE",471,1,"SGW"
"Gillespie (NEW)",18,0,"MUN",471,1,"SGW"
"Gillespie (NEW)",19,0,"BUR",471,1,"SGW"
"Gillespie (NEW)",20,0,"CRY",471,1,"SGW"
"Gillespie (NEW)",21,0,"LEE",471,1,"SGW"
"Gillespie (NEW)",22,0,"WOL",471,1,"SGW"
"Gillespie (NEW)",23,0,"AVL",471,1,"SGW"
"Gittens (CHE)",1,1,"CRY",239,1,"SGW"
"Gittens (CHE)",2,1,"WHU",239,1,"SGW"
"Gittens (CHE)",3,1,"FUL",239,1,"SGW"
"Gittens (CHE)",4,1,"BRE",239,1,"SGW"
"Gittens (CHE)",5,0,"MUN",239,1,"SGW"
"Gittens (CHE)",6,0,"BHA",239,1,"SGW"
"Gittens (CHE)",7,1,"LIV",239,1,"SGW"
"Gittens (CHE)",8,1,"NFO",239,1,"SGW"
"Gittens (CHE)",9,1,"SUN",239,1,"SGW"
"Gittens (CHE)",10,1,"TOT",239,1,"SGW"
"Gittens (CHE)",11,1,"WOL",239,1,"SGW"
"Gittens (CHE)",12,6,"BUR",239,1,"SGW"
"Gittens (CHE)",13,0,"ARS",239,1,"SGW"
"Gittens (CHE)",14,5,"LEE",239,1,"SGW"
"Gittens (CHE)",15,0,"BOU",239,1,"SGW"
"Gittens (CHE)",16,1,"EVE",239,1,"SGW"
"Gittens (CHE)",17,0,"NEW",239,1,"SGW"
"Gittens (CHE)",18,1,"AVL",239,1,"SGW"
"Gittens (CHE)",19,1,"BOU",239,1,"SGW"
"Gittens (CHE)",20,0,"MCI",239,1,"SGW"
"Gittens (CHE)",21,0,"FUL",239,1,"SGW"
"Gittens (CHE)",22,0,"BRE",239,1,"SGW"
"Gittens (CHE)",23,1,"CRY",239,1,"SGW"
"Gnonto (LEE)",1,3,"EVE",351,1,"SGW"
"Gnonto (LEE)",2,2,"ARS",351,1,"SGW"
"Gnonto (LEE)",3,0,"NEW",351,1,"SGW"
"Gnonto (LEE)",4,1,"FUL",351,1,"SGW"
"Gnonto (LEE)",5,0,"WOL",351,1,"SGW"
"Gnonto (LEE)",6,0,"BOU",351,1,"SGW"
"Gnonto (LEE)",7,0,"TOT",351,1,"SGW"
"Gnonto (LEE)",8,0,"BUR",351,1,"SGW"
"Gnonto (LEE)",9,0,"WHU",351,1,"SGW"
"Gnonto (LEE)",10,0,"BHA",351,1,"SGW"
"Gnonto (LEE)",11,0,"NFO",351,1,"SGW"
"Gnonto (LEE)",12,0,"AVL",351,1,"SGW"
"Gnonto (LEE)",13,1,"MCI",351,1,"SGW"
"Gnonto (LEE)",14,0,"CHE",351,1,"SGW"
"Gnonto (LEE)",15,4,"LIV",351,1,"SGW"
"Gnonto (LEE)",16,4,"BRE",351,1,"SGW"
"Gnonto (LEE)",17,1,"CRY",351,1,"SGW"
"Gnonto (LEE)",18,1,"SUN",351,1,"SGW"
"Gnonto (LEE)",19,0,"LIV",351,1,"SGW"
"Gnonto (LEE)",20,1,"MUN",351,1,"SGW"
"Gnonto (LEE)",21,1,"NEW",351,1,"SGW"
"Gnonto (LEE)",22,1,"FUL",351,1,"SGW"
"Gnonto (LEE)",23,0,"EVE",351,1,"SGW"
"Godo (FUL)",1,0,"BHA",333,1,"SGW"
"Godo (FUL)",2,0,"MUN",333,1,"SGW"
"Godo (FUL)",3,0,"CHE",333,1,"SGW"
"Godo (FUL)",4,0,"LEE",333,1,"SGW"
"Godo (FUL)",5,0,"BRE",333,1,"SGW"
"Godo (FUL)",6,0,"AVL",333,1,"SGW"
"Godo (FUL)",7,0,"BOU",333,1,"SGW"
"Godo (FUL)",8,0,"ARS",333,1,"SGW"
"Godo (FUL)",9,0,"NEW",333,1,"SGW"
"Godo (FUL)",10,0,"WOL",333,1,"SGW"
"Godo (FUL)",11,0,"EVE",333,1,"SGW"
"Godo (FUL)",12,0,"SUN",333,1,"SGW"
"Godo (FUL)",13,0,"TOT",333,1,"SGW"
"Godo (FUL)",14,0,"MCI",333,1,"SGW"
"Godo (FUL)",15,0,"CRY",333,1,"SGW"
"Godo (FUL)",16,0,"BUR",333,1,"SGW"
"Godo (FUL)",17,0,"NFO",333,1,"SGW"
"Godo (FUL)",18,0,"WHU",333,1,"SGW"
"Godo (FUL)",19,0,"CRY",333,1,"SGW"
"Godo (FUL)",20,0,"LIV",333,1,"SGW"
"Godo (FUL)",21,0,"CHE",333,1,"SGW"
"Godo (FUL)",22,0,"LEE",333,1,"SGW"
"Godo (FUL)",23,0,"BHA",333,1,"SGW"
"Golambeckis (WHU)",1,NA,NA,752,NA,"BGW"
"Golambeckis (WHU)",2,NA,NA,752,NA,"BGW"
"Golambeckis (WHU)",3,NA,NA,752,NA,"BGW"
"Golambeckis (WHU)",4,NA,NA,752,NA,"BGW"
"Golambeckis (WHU)",5,NA,NA,752,NA,"BGW"
"Golambeckis (WHU)",6,NA,NA,752,NA,"BGW"
"Golambeckis (WHU)",7,NA,NA,752,NA,"BGW"
"Golambeckis (WHU)",8,NA,NA,752,NA,"BGW"
"Golambeckis (WHU)",9,NA,NA,752,NA,"BGW"
"Golambeckis (WHU)",10,NA,NA,752,NA,"BGW"
"Golambeckis (WHU)",11,0,"BUR",752,1,"SGW"
"Golambeckis (WHU)",12,0,"BOU",752,1,"SGW"
"Golambeckis (WHU)",13,0,"LIV",752,1,"SGW"
"Golambeckis (WHU)",14,0,"MUN",752,1,"SGW"
"Golambeckis (WHU)",15,0,"BHA",752,1,"SGW"
"Golambeckis (WHU)",16,0,"AVL",752,1,"SGW"
"Golambeckis (WHU)",17,0,"MCI",752,1,"SGW"
"Golambeckis (WHU)",18,0,"FUL",752,1,"SGW"
"Golambeckis (WHU)",19,0,"BHA",752,1,"SGW"
"Golambeckis (WHU)",20,0,"WOL",752,1,"SGW"
"Golambeckis (WHU)",21,0,"NFO",752,1,"SGW"
"Golambeckis (WHU)",22,0,"TOT",752,1,"SGW"
"Golambeckis (WHU)",23,0,"SUN",752,1,"SGW"
"Gomes (WOL)",1,2,"MCI",646,1,"SGW"
"Gomes (WOL)",2,1,"BOU",646,1,"SGW"
"Gomes (WOL)",3,2,"EVE",646,1,"SGW"
"Gomes (WOL)",4,3,"NEW",646,1,"SGW"
"Gomes (WOL)",5,4,"LEE",646,1,"SGW"
"Gomes (WOL)",6,2,"TOT",646,1,"SGW"
"Gomes (WOL)",7,4,"BHA",646,1,"SGW"
"Gomes (WOL)",8,2,"SUN",646,1,"SGW"
"Gomes (WOL)",9,1,"BUR",646,1,"SGW"
"Gomes (WOL)",10,1,"FUL",646,1,"SGW"
"Gomes (WOL)",11,2,"CHE",646,1,"SGW"
"Gomes (WOL)",12,3,"CRY",646,1,"SGW"
"Gomes (WOL)",13,4,"AVL",646,1,"SGW"
"Gomes (WOL)",14,1,"NFO",646,1,"SGW"
"Gomes (WOL)",15,0,"MUN",646,1,"SGW"
"Gomes (WOL)",16,5,"ARS",646,1,"SGW"
"Gomes (WOL)",17,1,"BRE",646,1,"SGW"
"Gomes (WOL)",18,4,"LIV",646,1,"SGW"
"Gomes (WOL)",19,4,"MUN",646,1,"SGW"
"Gomes (WOL)",20,1,"WHU",646,1,"SGW"
"Gomes (WOL)",21,4,"EVE",646,1,"SGW"
"Gomes (WOL)",22,3,"NEW",646,1,"SGW"
"Gomes (WOL)",23,3,"MCI",646,1,"SGW"
"Gomez (BHA)",1,0,"FUL",169,1,"SGW"
"Gomez (BHA)",2,1,"EVE",169,1,"SGW"
"Gomez (BHA)",3,2,"MCI",169,1,"SGW"
"Gomez (BHA)",4,0,"BOU",169,1,"SGW"
"Gomez (BHA)",5,0,"TOT",169,1,"SGW"
"Gomez (BHA)",6,2,"CHE",169,1,"SGW"
"Gomez (BHA)",7,2,"WOL",169,1,"SGW"
"Gomez (BHA)",8,1,"NEW",169,1,"SGW"
"Gomez (BHA)",9,1,"MUN",169,1,"SGW"
"Gomez (BHA)",10,16,"LEE",169,1,"SGW"
"Gomez (BHA)",11,3,"CRY",169,1,"SGW"
"Gomez (BHA)",12,1,"BRE",169,1,"SGW"
"Gomez (BHA)",13,3,"NFO",169,1,"SGW"
"Gomez (BHA)",14,1,"AVL",169,1,"SGW"
"Gomez (BHA)",15,2,"WHU",169,1,"SGW"
"Gomez (BHA)",16,1,"LIV",169,1,"SGW"
"Gomez (BHA)",17,0,"SUN",169,1,"SGW"
"Gomez (BHA)",18,9,"ARS",169,1,"SGW"
"Gomez (BHA)",19,2,"WHU",169,1,"SGW"
"Gomez (BHA)",20,3,"BUR",169,1,"SGW"
"Gomez (BHA)",21,2,"MCI",169,1,"SGW"
"Gomez (BHA)",22,2,"BOU",169,1,"SGW"
"Gomez (BHA)",23,2,"FUL",169,1,"SGW"
"Gomez (LIV)",1,1,"BOU",376,1,"SGW"
"Gomez (LIV)",2,0,"NEW",376,1,"SGW"
"Gomez (LIV)",3,1,"ARS",376,1,"SGW"
"Gomez (LIV)",4,0,"BUR",376,1,"SGW"
"Gomez (LIV)",5,0,"EVE",376,1,"SGW"
"Gomez (LIV)",6,0,"CRY",376,1,"SGW"
"Gomez (LIV)",7,0,"CHE",376,1,"SGW"
"Gomez (LIV)",8,0,"MUN",376,1,"SGW"
"Gomez (LIV)",9,1,"BRE",376,1,"SGW"
"Gomez (LIV)",10,0,"AVL",376,1,"SGW"
"Gomez (LIV)",11,1,"MCI",376,1,"SGW"
"Gomez (LIV)",12,0,"NFO",376,1,"SGW"
"Gomez (LIV)",13,11,"WHU",376,1,"SGW"
"Gomez (LIV)",14,5,"SUN",376,1,"SGW"
"Gomez (LIV)",15,-1,"LEE",376,1,"SGW"
"Gomez (LIV)",16,4,"BHA",376,1,"SGW"
"Gomez (LIV)",17,0,"TOT",376,1,"SGW"
"Gomez (LIV)",18,0,"WOL",376,1,"SGW"
"Gomez (LIV)",19,0,"LEE",376,1,"SGW"
"Gomez (LIV)",20,1,"FUL",376,1,"SGW"
"Gomez (LIV)",21,1,"ARS",376,1,"SGW"
"Gomez (LIV)",22,0,"BUR",376,1,"SGW"
"Gomez (LIV)",23,0,"BOU",376,1,"SGW"
"Gonzalez (WOL)",1,0,"MCI",652,1,"SGW"
"Gonzalez (WOL)",2,0,"BOU",652,1,"SGW"
"Gonzalez (WOL)",3,0,"EVE",652,1,"SGW"
"Gonzalez (WOL)",4,0,"NEW",652,1,"SGW"
"Gonzalez (WOL)",5,0,"LEE",652,1,"SGW"
"Gonzalez (WOL)",6,0,"TOT",652,1,"SGW"
"Gonzalez (WOL)",7,0,"BHA",652,1,"SGW"
"Gonzalez (WOL)",8,0,"SUN",652,1,"SGW"
"Gonzalez (WOL)",9,0,"BUR",652,1,"SGW"
"Gonzalez (WOL)",10,0,"FUL",652,1,"SGW"
"Gonzalez (WOL)",11,0,"CHE",652,1,"SGW"
"Gonzalez (WOL)",12,0,"CRY",652,1,"SGW"
"Gonzalez (WOL)",13,0,"AVL",652,1,"SGW"
"Gonzalez (WOL)",14,0,"NFO",652,1,"SGW"
"Gonzalez (WOL)",15,0,"MUN",652,1,"SGW"
"Gonzalez (WOL)",16,0,"ARS",652,1,"SGW"
"Gonzalez (WOL)",17,0,"BRE",652,1,"SGW"
"Gonzalez (WOL)",18,0,"LIV",652,1,"SGW"
"Gonzalez (WOL)",19,0,"MUN",652,1,"SGW"
"Gonzalez (WOL)",20,0,"WHU",652,1,"SGW"
"Gonzalez (WOL)",21,0,"EVE",652,1,"SGW"
"Gonzalez (WOL)",22,0,"NEW",652,1,"SGW"
"Gonzalez (WOL)",23,0,"MCI",652,1,"SGW"
"Gordon (NEW)",1,3,"AVL",485,1,"SGW"
"Gordon (NEW)",2,-2,"LIV",485,1,"SGW"
"Gordon (NEW)",3,0,"LEE",485,1,"SGW"
"Gordon (NEW)",4,0,"WOL",485,1,"SGW"
"Gordon (NEW)",5,0,"BOU",485,1,"SGW"
"Gordon (NEW)",6,3,"ARS",485,1,"SGW"
"Gordon (NEW)",7,3,"NFO",485,1,"SGW"
"Gordon (NEW)",8,2,"BHA",485,1,"SGW"
"Gordon (NEW)",9,2,"FUL",485,1,"SGW"
"Gordon (NEW)",10,1,"WHU",485,1,"SGW"
"Gordon (NEW)",11,0,"BRE",485,1,"SGW"
"Gordon (NEW)",12,0,"MCI",485,1,"SGW"
"Gordon (NEW)",13,1,"EVE",485,1,"SGW"
"Gordon (NEW)",14,6,"TOT",485,1,"SGW"
"Gordon (NEW)",15,10,"BUR",485,1,"SGW"
"Gordon (NEW)",16,1,"SUN",485,1,"SGW"
"Gordon (NEW)",17,10,"CHE",485,1,"SGW"
"Gordon (NEW)",18,2,"MUN",485,1,"SGW"
"Gordon (NEW)",19,5,"BUR",485,1,"SGW"
"Gordon (NEW)",20,2,"CRY",485,1,"SGW"
"Gordon (NEW)",21,1,"LEE",485,1,"SGW"
"Gordon (NEW)",22,3,"WOL",485,1,"SGW"
"Gordon (NEW)",23,2,"AVL",485,1,"SGW"
"Graham (EVE)",1,NA,NA,779,NA,"BGW"
"Graham (EVE)",2,NA,NA,779,NA,"BGW"
"Graham (EVE)",3,NA,NA,779,NA,"BGW"
"Graham (EVE)",4,NA,NA,779,NA,"BGW"
"Graham (EVE)",5,NA,NA,779,NA,"BGW"
"Graham (EVE)",6,NA,NA,779,NA,"BGW"
"Graham (EVE)",7,NA,NA,779,NA,"BGW"
"Graham (EVE)",8,NA,NA,779,NA,"BGW"
"Graham (EVE)",9,NA,NA,779,NA,"BGW"
"Graham (EVE)",10,NA,NA,779,NA,"BGW"
"Graham (EVE)",11,NA,NA,779,NA,"BGW"
"Graham (EVE)",12,NA,NA,779,NA,"BGW"
"Graham (EVE)",13,NA,NA,779,NA,"BGW"
"Graham (EVE)",14,NA,NA,779,NA,"BGW"
"Graham (EVE)",15,NA,NA,779,NA,"BGW"
"Graham (EVE)",16,NA,NA,779,NA,"BGW"
"Graham (EVE)",17,NA,NA,779,NA,"BGW"
"Graham (EVE)",18,NA,NA,779,NA,"BGW"
"Graham (EVE)",19,0,"NFO",779,1,"SGW"
"Graham (EVE)",20,0,"BRE",779,1,"SGW"
"Graham (EVE)",21,0,"WOL",779,1,"SGW"
"Graham (EVE)",22,0,"AVL",779,1,"SGW"
"Graham (EVE)",23,0,"LEE",779,1,"SGW"
"Gravenberch (LIV)",1,0,"BOU",390,1,"SGW"
"Gravenberch (LIV)",2,7,"NEW",390,1,"SGW"
"Gravenberch (LIV)",3,2,"ARS",390,1,"SGW"
"Gravenberch (LIV)",4,3,"BUR",390,1,"SGW"
"Gravenberch (LIV)",5,15,"EVE",390,1,"SGW"
"Gravenberch (LIV)",6,8,"CRY",390,1,"SGW"
"Gravenberch (LIV)",7,2,"CHE",390,1,"SGW"
"Gravenberch (LIV)",8,2,"MUN",390,1,"SGW"
"Gravenberch (LIV)",9,0,"BRE",390,1,"SGW"
"Gravenberch (LIV)",10,11,"AVL",390,1,"SGW"
"Gravenberch (LIV)",11,2,"MCI",390,1,"SGW"
"Gravenberch (LIV)",12,1,"NFO",390,1,"SGW"
"Gravenberch (LIV)",13,3,"WHU",390,1,"SGW"
"Gravenberch (LIV)",14,5,"SUN",390,1,"SGW"
"Gravenberch (LIV)",15,5,"LEE",390,1,"SGW"
"Gravenberch (LIV)",16,5,"BHA",390,1,"SGW"
"Gravenberch (LIV)",17,2,"TOT",390,1,"SGW"
"Gravenberch (LIV)",18,11,"WOL",390,1,"SGW"
"Gravenberch (LIV)",19,5,"LEE",390,1,"SGW"
"Gravenberch (LIV)",20,2,"FUL",390,1,"SGW"
"Gravenberch (LIV)",21,3,"ARS",390,1,"SGW"
"Gravenberch (LIV)",22,2,"BUR",390,1,"SGW"
"Gravenberch (LIV)",23,1,"BOU",390,1,"SGW"
"Gray (LEE)",1,NA,NA,741,NA,"BGW"
"Gray (LEE)",2,NA,NA,741,NA,"BGW"
"Gray (LEE)",3,NA,NA,741,NA,"BGW"
"Gray (LEE)",4,NA,NA,741,NA,"BGW"
"Gray (LEE)",5,0,"WOL",741,1,"SGW"
"Gray (LEE)",6,0,"BOU",741,1,"SGW"
"Gray (LEE)",7,0,"TOT",741,1,"SGW"
"Gray (LEE)",8,0,"BUR",741,1,"SGW"
"Gray (LEE)",9,0,"WHU",741,1,"SGW"
"Gray (LEE)",10,0,"BHA",741,1,"SGW"
"Gray (LEE)",11,0,"NFO",741,1,"SGW"
"Gray (LEE)",12,0,"AVL",741,1,"SGW"
"Gray (LEE)",13,0,"MCI",741,1,"SGW"
"Gray (LEE)",14,0,"CHE",741,1,"SGW"
"Gray (LEE)",15,0,"LIV",741,1,"SGW"
"Gray (LEE)",16,0,"BRE",741,1,"SGW"
"Gray (LEE)",17,0,"CRY",741,1,"SGW"
"Gray (LEE)",18,0,"SUN",741,1,"SGW"
"Gray (LEE)",19,0,"LIV",741,1,"SGW"
"Gray (LEE)",20,0,"MUN",741,1,"SGW"
"Gray (LEE)",21,0,"NEW",741,1,"SGW"
"Gray (LEE)",22,0,"FUL",741,1,"SGW"
"Gray (LEE)",23,0,"EVE",741,1,"SGW"
"Gray (MCI)",1,NA,NA,763,NA,"BGW"
"Gray (MCI)",2,NA,NA,763,NA,"BGW"
"Gray (MCI)",3,NA,NA,763,NA,"BGW"
"Gray (MCI)",4,NA,NA,763,NA,"BGW"
"Gray (MCI)",5,NA,NA,763,NA,"BGW"
"Gray (MCI)",6,NA,NA,763,NA,"BGW"
"Gray (MCI)",7,NA,NA,763,NA,"BGW"
"Gray (MCI)",8,NA,NA,763,NA,"BGW"
"Gray (MCI)",9,NA,NA,763,NA,"BGW"
"Gray (MCI)",10,NA,NA,763,NA,"BGW"
"Gray (MCI)",11,NA,NA,763,NA,"BGW"
"Gray (MCI)",12,NA,NA,763,NA,"BGW"
"Gray (MCI)",13,NA,NA,763,NA,"BGW"
"Gray (MCI)",14,NA,NA,763,NA,"BGW"
"Gray (MCI)",15,NA,NA,763,NA,"BGW"
"Gray (MCI)",16,NA,NA,763,NA,"BGW"
"Gray (MCI)",17,0,"WHU",763,1,"SGW"
"Gray (MCI)",18,0,"NFO",763,1,"SGW"
"Gray (MCI)",19,0,"SUN",763,1,"SGW"
"Gray (MCI)",20,0,"CHE",763,1,"SGW"
"Gray (MCI)",21,0,"BHA",763,1,"SGW"
"Gray (MCI)",22,0,"MUN",763,1,"SGW"
"Gray (MCI)",23,0,"WOL",763,1,"SGW"
"Gray (TOT)",1,3,"BUR",591,1,"SGW"
"Gray (TOT)",2,0,"MCI",591,1,"SGW"
"Gray (TOT)",3,0,"BOU",591,1,"SGW"
"Gray (TOT)",4,0,"WHU",591,1,"SGW"
"Gray (TOT)",5,1,"BHA",591,1,"SGW"
"Gray (TOT)",6,0,"WOL",591,1,"SGW"
"Gray (TOT)",7,0,"LEE",591,1,"SGW"
"Gray (TOT)",8,0,"AVL",591,1,"SGW"
"Gray (TOT)",9,0,"EVE",591,1,"SGW"
"Gray (TOT)",10,0,"CHE",591,1,"SGW"
"Gray (TOT)",11,0,"MUN",591,1,"SGW"
"Gray (TOT)",12,0,"ARS",591,1,"SGW"
"Gray (TOT)",13,1,"FUL",591,1,"SGW"
"Gray (TOT)",14,1,"NEW",591,1,"SGW"
"Gray (TOT)",15,2,"BRE",591,1,"SGW"
"Gray (TOT)",16,0,"NFO",591,1,"SGW"
"Gray (TOT)",17,2,"LIV",591,1,"SGW"
"Gray (TOT)",18,10,"CRY",591,1,"SGW"
"Gray (TOT)",19,3,"BRE",591,1,"SGW"
"Gray (TOT)",20,3,"SUN",591,1,"SGW"
"Gray (TOT)",21,1,"BOU",591,1,"SGW"
"Gray (TOT)",22,0,"WHU",591,1,"SGW"
"Gray (TOT)",23,1,"BUR",591,1,"SGW"
"Grealish (EVE)",1,1,"LEE",419,1,"SGW"
"Grealish (EVE)",2,11,"BHA",419,1,"SGW"
"Grealish (EVE)",3,10,"WOL",419,1,"SGW"
"Grealish (EVE)",4,2,"AVL",419,1,"SGW"
"Grealish (EVE)",5,1,"LIV",419,1,"SGW"
"Grealish (EVE)",6,2,"WHU",419,1,"SGW"
"Grealish (EVE)",7,10,"CRY",419,1,"SGW"
"Grealish (EVE)",8,0,"MCI",419,1,"SGW"
"Grealish (EVE)",9,1,"TOT",419,1,"SGW"
"Grealish (EVE)",10,2,"SUN",419,1,"SGW"
"Grealish (EVE)",11,3,"FUL",419,1,"SGW"
"Grealish (EVE)",12,3,"MUN",419,1,"SGW"
"Grealish (EVE)",13,2,"NEW",419,1,"SGW"
"Grealish (EVE)",14,11,"BOU",419,1,"SGW"
"Grealish (EVE)",15,3,"NFO",419,1,"SGW"
"Grealish (EVE)",16,2,"CHE",419,1,"SGW"
"Grealish (EVE)",17,2,"ARS",419,1,"SGW"
"Grealish (EVE)",18,0,"BUR",419,1,"SGW"
"Grealish (EVE)",19,1,"NFO",419,1,"SGW"
"Grealish (EVE)",20,10,"BRE",419,1,"SGW"
"Grealish (EVE)",21,-1,"WOL",419,1,"SGW"
"Grealish (EVE)",22,3,"AVL",419,1,"SGW"
"Grealish (EVE)",23,0,"LEE",419,1,"SGW"
"Green (BUR)",1,0,"TOT",184,1,"SGW"
"Green (BUR)",2,0,"SUN",184,1,"SGW"
"Green (BUR)",3,0,"MUN",184,1,"SGW"
"Green (BUR)",4,0,"LIV",184,1,"SGW"
"Green (BUR)",5,0,"NFO",184,1,"SGW"
"Green (BUR)",6,0,"MCI",184,1,"SGW"
"Green (BUR)",7,0,"AVL",184,1,"SGW"
"Green (BUR)",8,0,"LEE",184,1,"SGW"
"Green (BUR)",9,0,"WOL",184,1,"SGW"
"Green (BUR)",10,0,"ARS",184,1,"SGW"
"Green (BUR)",11,0,"WHU",184,1,"SGW"
"Green (BUR)",12,0,"CHE",184,1,"SGW"
"Green (BUR)",13,0,"BRE",184,1,"SGW"
"Green (BUR)",14,0,"CRY",184,1,"SGW"
"Green (BUR)",15,0,"NEW",184,1,"SGW"
"Green (BUR)",16,0,"FUL",184,1,"SGW"
"Green (BUR)",17,0,"BOU",184,1,"SGW"
"Green (BUR)",18,0,"EVE",184,1,"SGW"
"Green (BUR)",19,0,"NEW",184,1,"SGW"
"Green (BUR)",20,0,"BHA",184,1,"SGW"
"Green (BUR)",21,0,"MUN",184,1,"SGW"
"Green (BUR)",22,0,"LIV",184,1,"SGW"
"Green (BUR)",23,0,"TOT",184,1,"SGW"
"Greenwood (LEE)",1,0,"EVE",355,1,"SGW"
"Greenwood (LEE)",2,0,"ARS",355,1,"SGW"
"Greenwood (LEE)",3,0,"NEW",355,1,"SGW"
"Greenwood (LEE)",4,0,"FUL",355,1,"SGW"
"Greenwood (LEE)",5,0,"WOL",355,1,"SGW"
"Greenwood (LEE)",6,0,"BOU",355,1,"SGW"
"Greenwood (LEE)",7,0,"TOT",355,1,"SGW"
"Greenwood (LEE)",8,0,"BUR",355,1,"SGW"
"Greenwood (LEE)",9,0,"WHU",355,1,"SGW"
"Greenwood (LEE)",10,0,"BHA",355,1,"SGW"
"Greenwood (LEE)",11,0,"NFO",355,1,"SGW"
"Greenwood (LEE)",12,0,"AVL",355,1,"SGW"
"Greenwood (LEE)",13,0,"MCI",355,1,"SGW"
"Greenwood (LEE)",14,0,"CHE",355,1,"SGW"
"Greenwood (LEE)",15,0,"LIV",355,1,"SGW"
"Greenwood (LEE)",16,0,"BRE",355,1,"SGW"
"Greenwood (LEE)",17,0,"CRY",355,1,"SGW"
"Greenwood (LEE)",18,0,"SUN",355,1,"SGW"
"Greenwood (LEE)",19,0,"LIV",355,1,"SGW"
"Greenwood (LEE)",20,0,"MUN",355,1,"SGW"
"Greenwood (LEE)",21,0,"NEW",355,1,"SGW"
"Greenwood (LEE)",22,0,"FUL",355,1,"SGW"
"Greenwood (LEE)",23,0,"EVE",355,1,"SGW"
"Groß (BHA)",1,NA,NA,783,NA,"BGW"
"Groß (BHA)",2,NA,NA,783,NA,"BGW"
"Groß (BHA)",3,NA,NA,783,NA,"BGW"
"Groß (BHA)",4,NA,NA,783,NA,"BGW"
"Groß (BHA)",5,NA,NA,783,NA,"BGW"
"Groß (BHA)",6,NA,NA,783,NA,"BGW"
"Groß (BHA)",7,NA,NA,783,NA,"BGW"
"Groß (BHA)",8,NA,NA,783,NA,"BGW"
"Groß (BHA)",9,NA,NA,783,NA,"BGW"
"Groß (BHA)",10,NA,NA,783,NA,"BGW"
"Groß (BHA)",11,NA,NA,783,NA,"BGW"
"Groß (BHA)",12,NA,NA,783,NA,"BGW"
"Groß (BHA)",13,NA,NA,783,NA,"BGW"
"Groß (BHA)",14,NA,NA,783,NA,"BGW"
"Groß (BHA)",15,NA,NA,783,NA,"BGW"
"Groß (BHA)",16,NA,NA,783,NA,"BGW"
"Groß (BHA)",17,NA,NA,783,NA,"BGW"
"Groß (BHA)",18,NA,NA,783,NA,"BGW"
"Groß (BHA)",19,NA,NA,783,NA,"BGW"
"Groß (BHA)",20,1,"BUR",783,1,"SGW"
"Groß (BHA)",21,1,"MCI",783,1,"SGW"
"Groß (BHA)",22,3,"BOU",783,1,"SGW"
"Groß (BHA)",23,2,"FUL",783,1,"SGW"
"Gruda (BHA)",1,1,"FUL",162,1,"SGW"
"Gruda (BHA)",2,1,"EVE",162,1,"SGW"
"Gruda (BHA)",3,8,"MCI",162,1,"SGW"
"Gruda (BHA)",4,1,"BOU",162,1,"SGW"
"Gruda (BHA)",5,2,"TOT",162,1,"SGW"
"Gruda (BHA)",6,4,"CHE",162,1,"SGW"
"Gruda (BHA)",7,2,"WOL",162,1,"SGW"
"Gruda (BHA)",8,0,"NEW",162,1,"SGW"
"Gruda (BHA)",9,0,"MUN",162,1,"SGW"
"Gruda (BHA)",10,0,"LEE",162,1,"SGW"
"Gruda (BHA)",11,0,"CRY",162,1,"SGW"
"Gruda (BHA)",12,0,"BRE",162,1,"SGW"
"Gruda (BHA)",13,1,"NFO",162,1,"SGW"
"Gruda (BHA)",14,2,"AVL",162,1,"SGW"
"Gruda (BHA)",15,1,"WHU",162,1,"SGW"
"Gruda (BHA)",16,2,"LIV",162,1,"SGW"
"Gruda (BHA)",17,2,"SUN",162,1,"SGW"
"Gruda (BHA)",18,1,"ARS",162,1,"SGW"
"Gruda (BHA)",19,1,"WHU",162,1,"SGW"
"Gruda (BHA)",20,3,"BUR",162,1,"SGW"
"Gruda (BHA)",21,1,"MCI",162,1,"SGW"
"Gruda (BHA)",22,2,"BOU",162,1,"SGW"
"Gruda (BHA)",23,0,"FUL",162,1,"SGW"
"Gruev (LEE)",1,1,"EVE",356,1,"SGW"
"Gruev (LEE)",2,2,"ARS",356,1,"SGW"
"Gruev (LEE)",3,3,"NEW",356,1,"SGW"
"Gruev (LEE)",4,0,"FUL",356,1,"SGW"
"Gruev (LEE)",5,1,"WOL",356,1,"SGW"
"Gruev (LEE)",6,0,"BOU",356,1,"SGW"
"Gruev (LEE)",7,0,"TOT",356,1,"SGW"
"Gruev (LEE)",8,0,"BUR",356,1,"SGW"
"Gruev (LEE)",9,0,"WHU",356,1,"SGW"
"Gruev (LEE)",10,0,"BHA",356,1,"SGW"
"Gruev (LEE)",11,0,"NFO",356,1,"SGW"
"Gruev (LEE)",12,0,"AVL",356,1,"SGW"
"Gruev (LEE)",13,2,"MCI",356,1,"SGW"
"Gruev (LEE)",14,1,"CHE",356,1,"SGW"
"Gruev (LEE)",15,2,"LIV",356,1,"SGW"
"Gruev (LEE)",16,0,"BRE",356,1,"SGW"
"Gruev (LEE)",17,4,"CRY",356,1,"SGW"
"Gruev (LEE)",18,0,"SUN",356,1,"SGW"
"Gruev (LEE)",19,3,"LIV",356,1,"SGW"
"Gruev (LEE)",20,2,"MUN",356,1,"SGW"
"Gruev (LEE)",21,7,"NEW",356,1,"SGW"
"Gruev (LEE)",22,3,"FUL",356,1,"SGW"
"Gruev (LEE)",23,2,"EVE",356,1,"SGW"
"Gudmundsson (LEE)",1,9,"EVE",347,1,"SGW"
"Gudmundsson (LEE)",2,-1,"ARS",347,1,"SGW"
"Gudmundsson (LEE)",3,9,"NEW",347,1,"SGW"
"Gudmundsson (LEE)",4,0,"FUL",347,1,"SGW"
"Gudmundsson (LEE)",5,4,"WOL",347,1,"SGW"
"Gudmundsson (LEE)",6,1,"BOU",347,1,"SGW"
"Gudmundsson (LEE)",7,1,"TOT",347,1,"SGW"
"Gudmundsson (LEE)",8,1,"BUR",347,1,"SGW"
"Gudmundsson (LEE)",9,1,"WHU",347,1,"SGW"
"Gudmundsson (LEE)",10,1,"BHA",347,1,"SGW"
"Gudmundsson (LEE)",11,1,"NFO",347,1,"SGW"
"Gudmundsson (LEE)",12,1,"AVL",347,1,"SGW"
"Gudmundsson (LEE)",13,1,"MCI",347,1,"SGW"
"Gudmundsson (LEE)",14,4,"CHE",347,1,"SGW"
"Gudmundsson (LEE)",15,0,"LIV",347,1,"SGW"
"Gudmundsson (LEE)",16,2,"BRE",347,1,"SGW"
"Gudmundsson (LEE)",17,2,"CRY",347,1,"SGW"
"Gudmundsson (LEE)",18,2,"SUN",347,1,"SGW"
"Gudmundsson (LEE)",19,8,"LIV",347,1,"SGW"
"Gudmundsson (LEE)",20,2,"MUN",347,1,"SGW"
"Gudmundsson (LEE)",21,0,"NEW",347,1,"SGW"
"Gudmundsson (LEE)",22,6,"FUL",347,1,"SGW"
"Gudmundsson (LEE)",23,0,"EVE",347,1,"SGW"
"Guedes (WOL)",1,0,"MCI",647,1,"SGW"
"Guedes (WOL)",2,0,"BOU",647,1,"SGW"
"Guedes (WOL)",3,0,"EVE",647,1,"SGW"
"Guedes (WOL)",4,0,"NEW",647,1,"SGW"
"Guedes (WOL)",5,0,"LEE",647,1,"SGW"
"Guedes (WOL)",6,0,"TOT",647,1,"SGW"
"Guedes (WOL)",7,0,"BHA",647,1,"SGW"
"Guedes (WOL)",8,0,"SUN",647,1,"SGW"
"Guedes (WOL)",9,0,"BUR",647,1,"SGW"
"Guedes (WOL)",10,0,"FUL",647,1,"SGW"
"Guedes (WOL)",11,0,"CHE",647,1,"SGW"
"Guedes (WOL)",12,0,"CRY",647,1,"SGW"
"Guedes (WOL)",13,0,"AVL",647,1,"SGW"
"Guedes (WOL)",14,0,"NFO",647,1,"SGW"
"Guedes (WOL)",15,0,"MUN",647,1,"SGW"
"Guedes (WOL)",16,0,"ARS",647,1,"SGW"
"Guedes (WOL)",17,0,"BRE",647,1,"SGW"
"Guedes (WOL)",18,0,"LIV",647,1,"SGW"
"Guedes (WOL)",19,0,"MUN",647,1,"SGW"
"Guedes (WOL)",20,0,"WHU",647,1,"SGW"
"Guedes (WOL)",21,0,"EVE",647,1,"SGW"
"Guedes (WOL)",22,0,"NEW",647,1,"SGW"
"Guedes (WOL)",23,0,"MCI",647,1,"SGW"
"Guéhi (MCI)",1,6,"CHE",260,1,"SGW"
"Guéhi (MCI)",2,2,"NFO",260,1,"SGW"
"Guéhi (MCI)",3,15,"AVL",260,1,"SGW"
"Guéhi (MCI)",4,6,"SUN",260,1,"SGW"
"Guéhi (MCI)",5,7,"WHU",260,1,"SGW"
"Guéhi (MCI)",6,7,"LIV",260,1,"SGW"
"Guéhi (MCI)",7,3,"EVE",260,1,"SGW"
"Guéhi (MCI)",8,4,"BOU",260,1,"SGW"
"Guéhi (MCI)",9,4,"ARS",260,1,"SGW"
"Guéhi (MCI)",10,10,"BRE",260,1,"SGW"
"Guéhi (MCI)",11,0,"BHA",260,1,"SGW"
"Guéhi (MCI)",12,5,"WOL",260,1,"SGW"
"Guéhi (MCI)",13,0,"MUN",260,1,"SGW"
"Guéhi (MCI)",14,14,"BUR",260,1,"SGW"
"Guéhi (MCI)",15,8,"FUL",260,1,"SGW"
"Guéhi (MCI)",16,1,"MCI",260,1,"SGW"
"Guéhi (MCI)",17,1,"LEE",260,1,"SGW"
"Guéhi (MCI)",18,2,"TOT",260,1,"SGW"
"Guéhi (MCI)",19,2,"FUL",260,1,"SGW"
"Guéhi (MCI)",20,2,"NEW",260,1,"SGW"
"Guéhi (MCI)",21,6,"AVL",260,1,"SGW"
"Guéhi (MCI)",22,0,"SUN",260,1,"SGW"
"Guéhi (MCI)",23,6,"WOL",260,1,"SGW"
"Guessand (AVL)",1,0,"NEW",677,1,"SGW"
"Guessand (AVL)",2,1,"BRE",677,1,"SGW"
"Guessand (AVL)",3,1,"CRY",677,1,"SGW"
"Guessand (AVL)",4,1,"EVE",677,1,"SGW"
"Guessand (AVL)",5,3,"SUN",677,1,"SGW"
"Guessand (AVL)",6,2,"FUL",677,1,"SGW"
"Guessand (AVL)",7,1,"BUR",677,1,"SGW"
"Guessand (AVL)",8,2,"TOT",677,1,"SGW"
"Guessand (AVL)",9,1,"MCI",677,1,"SGW"
"Guessand (AVL)",10,1,"LIV",677,1,"SGW"
"Guessand (AVL)",11,1,"BOU",677,1,"SGW"
"Guessand (AVL)",12,0,"LEE",677,1,"SGW"
"Guessand (AVL)",13,0,"WOL",677,1,"SGW"
"Guessand (AVL)",14,8,"BHA",677,1,"SGW"
"Guessand (AVL)",15,0,"ARS",677,1,"SGW"
"Guessand (AVL)",16,0,"WHU",677,1,"SGW"
"Guessand (AVL)",17,1,"MUN",677,1,"SGW"
"Guessand (AVL)",18,0,"CHE",677,1,"SGW"
"Guessand (AVL)",19,0,"ARS",677,1,"SGW"
"Guessand (AVL)",20,0,"NFO",677,1,"SGW"
"Guessand (AVL)",21,0,"CRY",677,1,"SGW"
"Guessand (AVL)",22,2,"EVE",677,1,"SGW"
"Guessand (AVL)",23,0,"NEW",677,1,"SGW"
"Gündoğan (MCI)",1,0,"WOL",420,1,"SGW"
"Gündoğan (MCI)",2,0,"TOT",420,1,"SGW"
"Gündoğan (MCI)",3,0,"BHA",420,1,"SGW"
"Gündoğan (MCI)",4,0,"MUN",420,1,"SGW"
"Gündoğan (MCI)",5,0,"ARS",420,1,"SGW"
"Gündoğan (MCI)",6,0,"BUR",420,1,"SGW"
"Gündoğan (MCI)",7,0,"BRE",420,1,"SGW"
"Gündoğan (MCI)",8,0,"EVE",420,1,"SGW"
"Gündoğan (MCI)",9,0,"AVL",420,1,"SGW"
"Gündoğan (MCI)",10,0,"BOU",420,1,"SGW"
"Gündoğan (MCI)",11,0,"LIV",420,1,"SGW"
"Gündoğan (MCI)",12,0,"NEW",420,1,"SGW"
"Gündoğan (MCI)",13,0,"LEE",420,1,"SGW"
"Gündoğan (MCI)",14,0,"FUL",420,1,"SGW"
"Gündoğan (MCI)",15,0,"SUN",420,1,"SGW"
"Gündoğan (MCI)",16,0,"CRY",420,1,"SGW"
"Gündoğan (MCI)",17,0,"WHU",420,1,"SGW"
"Gündoğan (MCI)",18,0,"NFO",420,1,"SGW"
"Gündoğan (MCI)",19,0,"SUN",420,1,"SGW"
"Gündoğan (MCI)",20,0,"CHE",420,1,"SGW"
"Gündoğan (MCI)",21,0,"BHA",420,1,"SGW"
"Gündoğan (MCI)",22,0,"MUN",420,1,"SGW"
"Gündoğan (MCI)",23,0,"WOL",420,1,"SGW"
"Gunn (NFO)",1,0,"BRE",675,1,"SGW"
"Gunn (NFO)",2,0,"CRY",675,1,"SGW"
"Gunn (NFO)",3,0,"WHU",675,1,"SGW"
"Gunn (NFO)",4,0,"ARS",675,1,"SGW"
"Gunn (NFO)",5,0,"BUR",675,1,"SGW"
"Gunn (NFO)",6,0,"SUN",675,1,"SGW"
"Gunn (NFO)",7,0,"NEW",675,1,"SGW"
"Gunn (NFO)",8,0,"CHE",675,1,"SGW"
"Gunn (NFO)",9,0,"BOU",675,1,"SGW"
"Gunn (NFO)",10,0,"MUN",675,1,"SGW"
"Gunn (NFO)",11,0,"LEE",675,1,"SGW"
"Gunn (NFO)",12,0,"LIV",675,1,"SGW"
"Gunn (NFO)",13,0,"BHA",675,1,"SGW"
"Gunn (NFO)",14,0,"WOL",675,1,"SGW"
"Gunn (NFO)",15,0,"EVE",675,1,"SGW"
"Gunn (NFO)",16,0,"TOT",675,1,"SGW"
"Gunn (NFO)",17,0,"FUL",675,1,"SGW"
"Gunn (NFO)",18,0,"MCI",675,1,"SGW"
"Gunn (NFO)",19,0,"EVE",675,1,"SGW"
"Gunn (NFO)",20,0,"AVL",675,1,"SGW"
"Gunn (NFO)",21,0,"WHU",675,1,"SGW"
"Gunn (NFO)",22,0,"ARS",675,1,"SGW"
"Gunn (NFO)",23,0,"BRE",675,1,"SGW"
"Gusto (CHE)",1,1,"CRY",228,1,"SGW"
"Gusto (CHE)",2,2,"WHU",228,1,"SGW"
"Gusto (CHE)",3,6,"FUL",228,1,"SGW"
"Gusto (CHE)",4,0,"BRE",228,1,"SGW"
"Gusto (CHE)",5,1,"MUN",228,1,"SGW"
"Gusto (CHE)",6,0,"BHA",228,1,"SGW"
"Gusto (CHE)",7,5,"LIV",228,1,"SGW"
"Gusto (CHE)",8,3,"NFO",228,1,"SGW"
"Gusto (CHE)",9,0,"SUN",228,1,"SGW"
"Gusto (CHE)",10,6,"TOT",228,1,"SGW"
"Gusto (CHE)",11,15,"WOL",228,1,"SGW"
"Gusto (CHE)",12,1,"BUR",228,1,"SGW"
"Gusto (CHE)",13,2,"ARS",228,1,"SGW"
"Gusto (CHE)",14,1,"LEE",228,1,"SGW"
"Gusto (CHE)",15,7,"BOU",228,1,"SGW"
"Gusto (CHE)",16,18,"EVE",228,1,"SGW"
"Gusto (CHE)",17,-1,"NEW",228,1,"SGW"
"Gusto (CHE)",18,1,"AVL",228,1,"SGW"
"Gusto (CHE)",19,1,"BOU",228,1,"SGW"
"Gusto (CHE)",20,2,"MCI",228,1,"SGW"
"Gusto (CHE)",21,2,"FUL",228,1,"SGW"
"Gusto (CHE)",22,0,"BRE",228,1,"SGW"
"Gusto (CHE)",23,1,"CRY",228,1,"SGW"
"Gvardiol (MCI)",1,0,"WOL",403,1,"SGW"
"Gvardiol (MCI)",2,0,"TOT",403,1,"SGW"
"Gvardiol (MCI)",3,0,"BHA",403,1,"SGW"
"Gvardiol (MCI)",4,6,"MUN",403,1,"SGW"
"Gvardiol (MCI)",5,4,"ARS",403,1,"SGW"
"Gvardiol (MCI)",6,2,"BUR",403,1,"SGW"
"Gvardiol (MCI)",7,12,"BRE",403,1,"SGW"
"Gvardiol (MCI)",8,0,"EVE",403,1,"SGW"
"Gvardiol (MCI)",9,2,"AVL",403,1,"SGW"
"Gvardiol (MCI)",10,2,"BOU",403,1,"SGW"
"Gvardiol (MCI)",11,6,"LIV",403,1,"SGW"
"Gvardiol (MCI)",12,1,"NEW",403,1,"SGW"
"Gvardiol (MCI)",13,6,"LEE",403,1,"SGW"
"Gvardiol (MCI)",14,0,"FUL",403,1,"SGW"
"Gvardiol (MCI)",15,12,"SUN",403,1,"SGW"
"Gvardiol (MCI)",16,8,"CRY",403,1,"SGW"
"Gvardiol (MCI)",17,6,"WHU",403,1,"SGW"
"Gvardiol (MCI)",18,8,"NFO",403,1,"SGW"
"Gvardiol (MCI)",19,1,"SUN",403,1,"SGW"
"Gvardiol (MCI)",20,1,"CHE",403,1,"SGW"
"Gvardiol (MCI)",21,0,"BHA",403,1,"SGW"
"Gvardiol (MCI)",22,0,"MUN",403,1,"SGW"
"Gvardiol (MCI)",23,0,"WOL",403,1,"SGW"
"Gyabi (LEE)",1,0,"EVE",361,1,"SGW"
"Gyabi (LEE)",2,0,"ARS",361,1,"SGW"
"Gyabi (LEE)",3,0,"NEW",361,1,"SGW"
"Gyabi (LEE)",4,0,"FUL",361,1,"SGW"
"Gyabi (LEE)",5,0,"WOL",361,1,"SGW"
"Gyabi (LEE)",6,0,"BOU",361,1,"SGW"
"Gyabi (LEE)",7,0,"TOT",361,1,"SGW"
"Gyabi (LEE)",8,0,"BUR",361,1,"SGW"
"Gyabi (LEE)",9,0,"WHU",361,1,"SGW"
"Gyabi (LEE)",10,0,"BHA",361,1,"SGW"
"Gyabi (LEE)",11,0,"NFO",361,1,"SGW"
"Gyabi (LEE)",12,0,"AVL",361,1,"SGW"
"Gyabi (LEE)",13,0,"MCI",361,1,"SGW"
"Gyabi (LEE)",14,0,"CHE",361,1,"SGW"
"Gyabi (LEE)",15,0,"LIV",361,1,"SGW"
"Gyabi (LEE)",16,0,"BRE",361,1,"SGW"
"Gyabi (LEE)",17,0,"CRY",361,1,"SGW"
"Gyabi (LEE)",18,0,"SUN",361,1,"SGW"
"Gyabi (LEE)",19,0,"LIV",361,1,"SGW"
"Gyabi (LEE)",20,0,"MUN",361,1,"SGW"
"Gyabi (LEE)",21,0,"NEW",361,1,"SGW"
"Gyabi (LEE)",22,0,"FUL",361,1,"SGW"
"Gyabi (LEE)",23,0,"EVE",361,1,"SGW"
"Gyökeres (ARS)",1,1,"MUN",666,1,"SGW"
"Gyökeres (ARS)",2,12,"LEE",666,1,"SGW"
"Gyökeres (ARS)",3,1,"LIV",666,1,"SGW"
"Gyökeres (ARS)",4,6,"NFO",666,1,"SGW"
"Gyökeres (ARS)",5,2,"MCI",666,1,"SGW"
"Gyökeres (ARS)",6,2,"NEW",666,1,"SGW"
"Gyökeres (ARS)",7,2,"WHU",666,1,"SGW"
"Gyökeres (ARS)",8,2,"FUL",666,1,"SGW"
"Gyökeres (ARS)",9,2,"CRY",666,1,"SGW"
"Gyökeres (ARS)",10,7,"BUR",666,1,"SGW"
"Gyökeres (ARS)",11,0,"SUN",666,1,"SGW"
"Gyökeres (ARS)",12,0,"TOT",666,1,"SGW"
"Gyökeres (ARS)",13,0,"CHE",666,1,"SGW"
"Gyökeres (ARS)",14,1,"BRE",666,1,"SGW"
"Gyökeres (ARS)",15,1,"AVL",666,1,"SGW"
"Gyökeres (ARS)",16,2,"WOL",666,1,"SGW"
"Gyökeres (ARS)",17,5,"EVE",666,1,"SGW"
"Gyökeres (ARS)",18,2,"BHA",666,1,"SGW"
"Gyökeres (ARS)",19,2,"AVL",666,1,"SGW"
"Gyökeres (ARS)",20,2,"BOU",666,1,"SGW"
"Gyökeres (ARS)",21,2,"LIV",666,1,"SGW"
"Gyökeres (ARS)",22,1,"NFO",666,1,"SGW"
"Gyökeres (ARS)",23,1,"MUN",666,1,"SGW"
"H.Bueno (WOL)",1,1,"MCI",633,1,"SGW"
"H.Bueno (WOL)",2,0,"BOU",633,1,"SGW"
"H.Bueno (WOL)",3,1,"EVE",633,1,"SGW"
"H.Bueno (WOL)",4,4,"NEW",633,1,"SGW"
"H.Bueno (WOL)",5,1,"LEE",633,1,"SGW"
"H.Bueno (WOL)",6,2,"TOT",633,1,"SGW"
"H.Bueno (WOL)",7,8,"BHA",633,1,"SGW"
"H.Bueno (WOL)",8,1,"SUN",633,1,"SGW"
"H.Bueno (WOL)",9,1,"BUR",633,1,"SGW"
"H.Bueno (WOL)",10,1,"FUL",633,1,"SGW"
"H.Bueno (WOL)",11,1,"CHE",633,1,"SGW"
"H.Bueno (WOL)",12,1,"CRY",633,1,"SGW"
"H.Bueno (WOL)",13,1,"AVL",633,1,"SGW"
"H.Bueno (WOL)",14,0,"NFO",633,1,"SGW"
"H.Bueno (WOL)",15,1,"MUN",633,1,"SGW"
"H.Bueno (WOL)",16,0,"ARS",633,1,"SGW"
"H.Bueno (WOL)",17,0,"BRE",633,1,"SGW"
"H.Bueno (WOL)",18,1,"LIV",633,1,"SGW"
"H.Bueno (WOL)",19,5,"MUN",633,1,"SGW"
"H.Bueno (WOL)",20,11,"WHU",633,1,"SGW"
"H.Bueno (WOL)",21,2,"EVE",633,1,"SGW"
"H.Bueno (WOL)",22,6,"NEW",633,1,"SGW"
"H.Bueno (WOL)",23,1,"MCI",633,1,"SGW"
"H.Jones (SUN)",1,0,"WHU",557,1,"SGW"
"H.Jones (SUN)",2,0,"BUR",557,1,"SGW"
"H.Jones (SUN)",3,0,"BRE",557,1,"SGW"
"H.Jones (SUN)",4,0,"CRY",557,1,"SGW"
"H.Jones (SUN)",5,0,"AVL",557,1,"SGW"
"H.Jones (SUN)",6,0,"NFO",557,1,"SGW"
"H.Jones (SUN)",7,0,"MUN",557,1,"SGW"
"H.Jones (SUN)",8,0,"WOL",557,1,"SGW"
"H.Jones (SUN)",9,0,"CHE",557,1,"SGW"
"H.Jones (SUN)",10,0,"EVE",557,1,"SGW"
"H.Jones (SUN)",11,0,"ARS",557,1,"SGW"
"H.Jones (SUN)",12,0,"FUL",557,1,"SGW"
"H.Jones (SUN)",13,0,"BOU",557,1,"SGW"
"H.Jones (SUN)",14,0,"LIV",557,1,"SGW"
"H.Jones (SUN)",15,0,"MCI",557,1,"SGW"
"H.Jones (SUN)",16,0,"NEW",557,1,"SGW"
"H.Jones (SUN)",17,0,"BHA",557,1,"SGW"
"H.Jones (SUN)",18,0,"LEE",557,1,"SGW"
"H.Jones (SUN)",19,0,"MCI",557,1,"SGW"
"H.Jones (SUN)",20,0,"TOT",557,1,"SGW"
"H.Jones (SUN)",21,0,"BRE",557,1,"SGW"
"H.Jones (SUN)",22,0,"CRY",557,1,"SGW"
"H.Jones (SUN)",23,0,"WHU",557,1,"SGW"
"H.Traorè (BOU)",1,4,"LIV",93,1,"SGW"
"H.Traorè (BOU)",2,0,"WOL",93,1,"SGW"
"H.Traorè (BOU)",3,0,"TOT",93,1,"SGW"
"H.Traorè (BOU)",4,0,"BHA",93,1,"SGW"
"H.Traorè (BOU)",5,0,"NEW",93,1,"SGW"
"H.Traorè (BOU)",6,0,"LEE",93,1,"SGW"
"H.Traorè (BOU)",7,0,"FUL",93,1,"SGW"
"H.Traorè (BOU)",8,0,"CRY",93,1,"SGW"
"H.Traorè (BOU)",9,0,"NFO",93,1,"SGW"
"H.Traorè (BOU)",10,0,"MCI",93,1,"SGW"
"H.Traorè (BOU)",11,0,"AVL",93,1,"SGW"
"H.Traorè (BOU)",12,0,"WHU",93,1,"SGW"
"H.Traorè (BOU)",13,0,"SUN",93,1,"SGW"
"H.Traorè (BOU)",14,0,"EVE",93,1,"SGW"
"H.Traorè (BOU)",15,0,"CHE",93,1,"SGW"
"H.Traorè (BOU)",16,0,"MUN",93,1,"SGW"
"H.Traorè (BOU)",17,0,"BUR",93,1,"SGW"
"H.Traorè (BOU)",18,0,"BRE",93,1,"SGW"
"H.Traorè (BOU)",19,0,"CHE",93,1,"SGW"
"H.Traorè (BOU)",20,0,"ARS",93,1,"SGW"
"H.Traorè (BOU)",21,0,"TOT",93,1,"SGW"
"H.Traorè (BOU)",22,0,"BHA",93,1,"SGW"
"H.Traorè (BOU)",23,0,"LIV",93,1,"SGW"
"Haaland (MCI)",1,13,"WOL",430,1,"SGW"
"Haaland (MCI)",2,2,"TOT",430,1,"SGW"
"Haaland (MCI)",3,9,"BHA",430,1,"SGW"
"Haaland (MCI)",4,13,"MUN",430,1,"SGW"
"Haaland (MCI)",5,9,"ARS",430,1,"SGW"
"Haaland (MCI)",6,16,"BUR",430,1,"SGW"
"Haaland (MCI)",7,8,"BRE",430,1,"SGW"
"Haaland (MCI)",8,13,"EVE",430,1,"SGW"
"Haaland (MCI)",9,2,"AVL",430,1,"SGW"
"Haaland (MCI)",10,13,"BOU",430,1,"SGW"
"Haaland (MCI)",11,4,"LIV",430,1,"SGW"
"Haaland (MCI)",12,2,"NEW",430,1,"SGW"
"Haaland (MCI)",13,2,"LEE",430,1,"SGW"
"Haaland (MCI)",14,14,"FUL",430,1,"SGW"
"Haaland (MCI)",15,2,"SUN",430,1,"SGW"
"Haaland (MCI)",16,13,"CRY",430,1,"SGW"
"Haaland (MCI)",17,16,"WHU",430,1,"SGW"
"Haaland (MCI)",18,2,"NFO",430,1,"SGW"
"Haaland (MCI)",19,2,"SUN",430,1,"SGW"
"Haaland (MCI)",20,2,"CHE",430,1,"SGW"
"Haaland (MCI)",21,6,"BHA",430,1,"SGW"
"Haaland (MCI)",22,2,"MUN",430,1,"SGW"
"Haaland (MCI)",23,1,"WOL",430,1,"SGW"
"Hall (NEW)",1,0,"AVL",473,1,"SGW"
"Hall (NEW)",2,1,"LIV",473,1,"SGW"
"Hall (NEW)",3,1,"LEE",473,1,"SGW"
"Hall (NEW)",4,0,"WOL",473,1,"SGW"
"Hall (NEW)",5,7,"BOU",473,1,"SGW"
"Hall (NEW)",6,0,"ARS",473,1,"SGW"
"Hall (NEW)",7,0,"NFO",473,1,"SGW"
"Hall (NEW)",8,0,"BHA",473,1,"SGW"
"Hall (NEW)",9,0,"FUL",473,1,"SGW"
"Hall (NEW)",10,0,"WHU",473,1,"SGW"
"Hall (NEW)",11,0,"BRE",473,1,"SGW"
"Hall (NEW)",12,2,"MCI",473,1,"SGW"
"Hall (NEW)",13,5,"EVE",473,1,"SGW"
"Hall (NEW)",14,3,"TOT",473,1,"SGW"
"Hall (NEW)",15,1,"BUR",473,1,"SGW"
"Hall (NEW)",16,4,"SUN",473,1,"SGW"
"Hall (NEW)",17,2,"CHE",473,1,"SGW"
"Hall (NEW)",18,2,"MUN",473,1,"SGW"
"Hall (NEW)",19,4,"BUR",473,1,"SGW"
"Hall (NEW)",20,6,"CRY",473,1,"SGW"
"Hall (NEW)",21,4,"LEE",473,1,"SGW"
"Hall (NEW)",22,9,"WOL",473,1,"SGW"
"Hall (NEW)",23,1,"AVL",473,1,"SGW"
"Hannibal (BUR)",1,2,"TOT",207,1,"SGW"
"Hannibal (BUR)",2,5,"SUN",207,1,"SGW"
"Hannibal (BUR)",3,2,"MUN",207,1,"SGW"
"Hannibal (BUR)",4,1,"LIV",207,1,"SGW"
"Hannibal (BUR)",5,1,"NFO",207,1,"SGW"
"Hannibal (BUR)",6,1,"MCI",207,1,"SGW"
"Hannibal (BUR)",7,0,"AVL",207,1,"SGW"
"Hannibal (BUR)",8,0,"LEE",207,1,"SGW"
"Hannibal (BUR)",9,4,"WOL",207,1,"SGW"
"Hannibal (BUR)",10,1,"ARS",207,1,"SGW"
"Hannibal (BUR)",11,4,"WHU",207,1,"SGW"
"Hannibal (BUR)",12,0,"CHE",207,1,"SGW"
"Hannibal (BUR)",13,0,"BRE",207,1,"SGW"
"Hannibal (BUR)",14,1,"CRY",207,1,"SGW"
"Hannibal (BUR)",15,0,"NEW",207,1,"SGW"
"Hannibal (BUR)",16,0,"FUL",207,1,"SGW"
"Hannibal (BUR)",17,0,"BOU",207,1,"SGW"
"Hannibal (BUR)",18,0,"EVE",207,1,"SGW"
"Hannibal (BUR)",19,0,"NEW",207,1,"SGW"
"Hannibal (BUR)",20,0,"BHA",207,1,"SGW"
"Hannibal (BUR)",21,0,"MUN",207,1,"SGW"
"Hannibal (BUR)",22,1,"LIV",207,1,"SGW"
"Hannibal (BUR)",23,1,"TOT",207,1,"SGW"
"Harriman-Annous (ARS)",1,NA,NA,711,NA,"BGW"
"Harriman-Annous (ARS)",2,NA,NA,711,NA,"BGW"
"Harriman-Annous (ARS)",3,0,"LIV",711,1,"SGW"
"Harriman-Annous (ARS)",4,0,"NFO",711,1,"SGW"
"Harriman-Annous (ARS)",5,0,"MCI",711,1,"SGW"
"Harriman-Annous (ARS)",6,0,"NEW",711,1,"SGW"
"Harriman-Annous (ARS)",7,0,"WHU",711,1,"SGW"
"Harriman-Annous (ARS)",8,0,"FUL",711,1,"SGW"
"Harriman-Annous (ARS)",9,0,"CRY",711,1,"SGW"
"Harriman-Annous (ARS)",10,0,"BUR",711,1,"SGW"
"Harriman-Annous (ARS)",11,0,"SUN",711,1,"SGW"
"Harriman-Annous (ARS)",12,0,"TOT",711,1,"SGW"
"Harriman-Annous (ARS)",13,0,"CHE",711,1,"SGW"
"Harriman-Annous (ARS)",14,0,"BRE",711,1,"SGW"
"Harriman-Annous (ARS)",15,0,"AVL",711,1,"SGW"
"Harriman-Annous (ARS)",16,0,"WOL",711,1,"SGW"
"Harriman-Annous (ARS)",17,0,"EVE",711,1,"SGW"
"Harriman-Annous (ARS)",18,0,"BHA",711,1,"SGW"
"Harriman-Annous (ARS)",19,0,"AVL",711,1,"SGW"
"Harriman-Annous (ARS)",20,0,"BOU",711,1,"SGW"
"Harriman-Annous (ARS)",21,0,"LIV",711,1,"SGW"
"Harriman-Annous (ARS)",22,0,"NFO",711,1,"SGW"
"Harriman-Annous (ARS)",23,0,"MUN",711,1,"SGW"
"Harris (FUL)",1,0,"BHA",334,1,"SGW"
"Harris (FUL)",2,0,"MUN",334,1,"SGW"
"Harris (FUL)",3,0,"CHE",334,1,"SGW"
"Harris (FUL)",4,0,"LEE",334,1,"SGW"
"Harris (FUL)",5,0,"BRE",334,1,"SGW"
"Harris (FUL)",6,0,"AVL",334,1,"SGW"
"Harris (FUL)",7,0,"BOU",334,1,"SGW"
"Harris (FUL)",8,0,"ARS",334,1,"SGW"
"Harris (FUL)",9,0,"NEW",334,1,"SGW"
"Harris (FUL)",10,0,"WOL",334,1,"SGW"
"Harris (FUL)",11,0,"EVE",334,1,"SGW"
"Harris (FUL)",12,0,"SUN",334,1,"SGW"
"Harris (FUL)",13,0,"TOT",334,1,"SGW"
"Harris (FUL)",14,0,"MCI",334,1,"SGW"
"Harris (FUL)",15,0,"CRY",334,1,"SGW"
"Harris (FUL)",16,0,"BUR",334,1,"SGW"
"Harris (FUL)",17,0,"NFO",334,1,"SGW"
"Harris (FUL)",18,0,"WHU",334,1,"SGW"
"Harris (FUL)",19,0,"CRY",334,1,"SGW"
"Harris (FUL)",20,0,"LIV",334,1,"SGW"
"Harris (FUL)",21,0,"CHE",334,1,"SGW"
"Harris (FUL)",22,0,"LEE",334,1,"SGW"
"Harris (FUL)",23,0,"BHA",334,1,"SGW"
"Harrison (LEE)",1,1,"EVE",352,1,"SGW"
"Harrison (LEE)",2,0,"ARS",352,1,"SGW"
"Harrison (LEE)",3,1,"NEW",352,1,"SGW"
"Harrison (LEE)",4,1,"FUL",352,1,"SGW"
"Harrison (LEE)",5,1,"WOL",352,1,"SGW"
"Harrison (LEE)",6,1,"BOU",352,1,"SGW"
"Harrison (LEE)",7,1,"TOT",352,1,"SGW"
"Harrison (LEE)",8,2,"BUR",352,1,"SGW"
"Harrison (LEE)",9,1,"WHU",352,1,"SGW"
"Harrison (LEE)",10,1,"BHA",352,1,"SGW"
"Harrison (LEE)",11,1,"NFO",352,1,"SGW"
"Harrison (LEE)",12,0,"AVL",352,1,"SGW"
"Harrison (LEE)",13,0,"MCI",352,1,"SGW"
"Harrison (LEE)",14,0,"CHE",352,1,"SGW"
"Harrison (LEE)",15,0,"LIV",352,1,"SGW"
"Harrison (LEE)",16,1,"BRE",352,1,"SGW"
"Harrison (LEE)",17,0,"CRY",352,1,"SGW"
"Harrison (LEE)",18,0,"SUN",352,1,"SGW"
"Harrison (LEE)",19,0,"LIV",352,1,"SGW"
"Harrison (LEE)",20,0,"MUN",352,1,"SGW"
"Harrison (LEE)",21,0,"NEW",352,1,"SGW"
"Harrison (LEE)",22,0,"FUL",352,1,"SGW"
"Harrison (LEE)",23,0,"EVE",352,1,"SGW"
"Harrison (MUN)",1,0,"ARS",433,1,"SGW"
"Harrison (MUN)",2,0,"FUL",433,1,"SGW"
"Harrison (MUN)",3,0,"BUR",433,1,"SGW"
"Harrison (MUN)",4,0,"MCI",433,1,"SGW"
"Harrison (MUN)",5,0,"CHE",433,1,"SGW"
"Harrison (MUN)",6,0,"BRE",433,1,"SGW"
"Harrison (MUN)",7,0,"SUN",433,1,"SGW"
"Harrison (MUN)",8,0,"LIV",433,1,"SGW"
"Harrison (MUN)",9,0,"BHA",433,1,"SGW"
"Harrison (MUN)",10,0,"NFO",433,1,"SGW"
"Harrison (MUN)",11,0,"TOT",433,1,"SGW"
"Harrison (MUN)",12,0,"EVE",433,1,"SGW"
"Harrison (MUN)",13,0,"CRY",433,1,"SGW"
"Harrison (MUN)",14,0,"WHU",433,1,"SGW"
"Harrison (MUN)",15,0,"WOL",433,1,"SGW"
"Harrison (MUN)",16,0,"BOU",433,1,"SGW"
"Harrison (MUN)",17,0,"AVL",433,1,"SGW"
"Harrison (MUN)",18,0,"NEW",433,1,"SGW"
"Harrison (MUN)",19,0,"WOL",433,1,"SGW"
"Harrison (MUN)",20,0,"LEE",433,1,"SGW"
"Harrison (MUN)",21,0,"BUR",433,1,"SGW"
"Harrison (MUN)",22,0,"MCI",433,1,"SGW"
"Harrison (MUN)",23,0,"ARS",433,1,"SGW"
"Hartman (BUR)",1,1,"TOT",192,1,"SGW"
"Hartman (BUR)",2,6,"SUN",192,1,"SGW"
"Hartman (BUR)",3,1,"MUN",192,1,"SGW"
"Hartman (BUR)",4,4,"LIV",192,1,"SGW"
"Hartman (BUR)",5,2,"NFO",192,1,"SGW"
"Hartman (BUR)",6,3,"MCI",192,1,"SGW"
"Hartman (BUR)",7,4,"AVL",192,1,"SGW"
"Hartman (BUR)",8,6,"LEE",192,1,"SGW"
"Hartman (BUR)",9,7,"WOL",192,1,"SGW"
"Hartman (BUR)",10,1,"ARS",192,1,"SGW"
"Hartman (BUR)",11,1,"WHU",192,1,"SGW"
"Hartman (BUR)",12,1,"CHE",192,1,"SGW"
"Hartman (BUR)",13,3,"BRE",192,1,"SGW"
"Hartman (BUR)",14,2,"CRY",192,1,"SGW"
"Hartman (BUR)",15,0,"NEW",192,1,"SGW"
"Hartman (BUR)",16,4,"FUL",192,1,"SGW"
"Hartman (BUR)",17,0,"BOU",192,1,"SGW"
"Hartman (BUR)",18,0,"EVE",192,1,"SGW"
"Hartman (BUR)",19,0,"NEW",192,1,"SGW"
"Hartman (BUR)",20,0,"BHA",192,1,"SGW"
"Hartman (BUR)",21,0,"MUN",192,1,"SGW"
"Hartman (BUR)",22,0,"LIV",192,1,"SGW"
"Hartman (BUR)",23,0,"TOT",192,1,"SGW"
"Hato (CHE)",1,0,"CRY",672,1,"SGW"
"Hato (CHE)",2,0,"WHU",672,1,"SGW"
"Hato (CHE)",3,0,"FUL",672,1,"SGW"
"Hato (CHE)",4,0,"BRE",672,1,"SGW"
"Hato (CHE)",5,0,"MUN",672,1,"SGW"
"Hato (CHE)",6,2,"BHA",672,1,"SGW"
"Hato (CHE)",7,1,"LIV",672,1,"SGW"
"Hato (CHE)",8,0,"NFO",672,1,"SGW"
"Hato (CHE)",9,0,"SUN",672,1,"SGW"
"Hato (CHE)",10,0,"TOT",672,1,"SGW"
"Hato (CHE)",11,0,"WOL",672,1,"SGW"
"Hato (CHE)",12,0,"BUR",672,1,"SGW"
"Hato (CHE)",13,0,"ARS",672,1,"SGW"
"Hato (CHE)",14,0,"LEE",672,1,"SGW"
"Hato (CHE)",15,0,"BOU",672,1,"SGW"
"Hato (CHE)",16,0,"EVE",672,1,"SGW"
"Hato (CHE)",17,0,"NEW",672,1,"SGW"
"Hato (CHE)",18,0,"AVL",672,1,"SGW"
"Hato (CHE)",19,0,"BOU",672,1,"SGW"
"Hato (CHE)",20,1,"MCI",672,1,"SGW"
"Hato (CHE)",21,1,"FUL",672,1,"SGW"
"Hato (CHE)",22,1,"BRE",672,1,"SGW"
"Hato (CHE)",23,1,"CRY",672,1,"SGW"
"Havertz (ARS)",1,1,"MUN",30,1,"SGW"
"Havertz (ARS)",2,0,"LEE",30,1,"SGW"
"Havertz (ARS)",3,0,"LIV",30,1,"SGW"
"Havertz (ARS)",4,0,"NFO",30,1,"SGW"
"Havertz (ARS)",5,0,"MCI",30,1,"SGW"
"Havertz (ARS)",6,0,"NEW",30,1,"SGW"
"Havertz (ARS)",7,0,"WHU",30,1,"SGW"
"Havertz (ARS)",8,0,"FUL",30,1,"SGW"
"Havertz (ARS)",9,0,"CRY",30,1,"SGW"
"Havertz (ARS)",10,0,"BUR",30,1,"SGW"
"Havertz (ARS)",11,0,"SUN",30,1,"SGW"
"Havertz (ARS)",12,0,"TOT",30,1,"SGW"
"Havertz (ARS)",13,0,"CHE",30,1,"SGW"
"Havertz (ARS)",14,0,"BRE",30,1,"SGW"
"Havertz (ARS)",15,0,"AVL",30,1,"SGW"
"Havertz (ARS)",16,0,"WOL",30,1,"SGW"
"Havertz (ARS)",17,0,"EVE",30,1,"SGW"
"Havertz (ARS)",18,0,"BHA",30,1,"SGW"
"Havertz (ARS)",19,0,"AVL",30,1,"SGW"
"Havertz (ARS)",20,0,"BOU",30,1,"SGW"
"Havertz (ARS)",21,0,"LIV",30,1,"SGW"
"Havertz (ARS)",22,0,"NFO",30,1,"SGW"
"Havertz (ARS)",23,0,"MUN",30,1,"SGW"
"Hayden (NEW)",1,0,"AVL",495,1,"SGW"
"Hayden (NEW)",2,0,"LIV",495,1,"SGW"
"Hayden (NEW)",3,0,"LEE",495,1,"SGW"
"Hayden (NEW)",4,0,"WOL",495,1,"SGW"
"Hayden (NEW)",5,0,"BOU",495,1,"SGW"
"Hayden (NEW)",6,0,"ARS",495,1,"SGW"
"Hayden (NEW)",7,0,"NFO",495,1,"SGW"
"Hayden (NEW)",8,0,"BHA",495,1,"SGW"
"Hayden (NEW)",9,0,"FUL",495,1,"SGW"
"Hayden (NEW)",10,0,"WHU",495,1,"SGW"
"Hayden (NEW)",11,0,"BRE",495,1,"SGW"
"Hayden (NEW)",12,0,"MCI",495,1,"SGW"
"Hayden (NEW)",13,0,"EVE",495,1,"SGW"
"Hayden (NEW)",14,0,"TOT",495,1,"SGW"
"Hayden (NEW)",15,0,"BUR",495,1,"SGW"
"Hayden (NEW)",16,0,"SUN",495,1,"SGW"
"Hayden (NEW)",17,0,"CHE",495,1,"SGW"
"Hayden (NEW)",18,0,"MUN",495,1,"SGW"
"Hayden (NEW)",19,0,"BUR",495,1,"SGW"
"Hayden (NEW)",20,0,"CRY",495,1,"SGW"
"Hayden (NEW)",21,0,"LEE",495,1,"SGW"
"Hayden (NEW)",22,0,"WOL",495,1,"SGW"
"Hayden (NEW)",23,0,"AVL",495,1,"SGW"
"Heath (EVE)",1,0,"LEE",308,1,"SGW"
"Heath (EVE)",2,0,"BHA",308,1,"SGW"
"Heath (EVE)",3,0,"WOL",308,1,"SGW"
"Heath (EVE)",4,0,"AVL",308,1,"SGW"
"Heath (EVE)",5,0,"LIV",308,1,"SGW"
"Heath (EVE)",6,0,"WHU",308,1,"SGW"
"Heath (EVE)",7,0,"CRY",308,1,"SGW"
"Heath (EVE)",8,0,"MCI",308,1,"SGW"
"Heath (EVE)",9,0,"TOT",308,1,"SGW"
"Heath (EVE)",10,0,"SUN",308,1,"SGW"
"Heath (EVE)",11,0,"FUL",308,1,"SGW"
"Heath (EVE)",12,0,"MUN",308,1,"SGW"
"Heath (EVE)",13,0,"NEW",308,1,"SGW"
"Heath (EVE)",14,0,"BOU",308,1,"SGW"
"Heath (EVE)",15,0,"NFO",308,1,"SGW"
"Heath (EVE)",16,0,"CHE",308,1,"SGW"
"Heath (EVE)",17,0,"ARS",308,1,"SGW"
"Heath (EVE)",18,0,"BUR",308,1,"SGW"
"Heath (EVE)",19,0,"NFO",308,1,"SGW"
"Heath (EVE)",20,0,"BRE",308,1,"SGW"
"Heath (EVE)",21,0,"WOL",308,1,"SGW"
"Heath (EVE)",22,0,"AVL",308,1,"SGW"
"Heath (EVE)",23,0,"LEE",308,1,"SGW"
"Heaton (MUN)",1,0,"ARS",434,1,"SGW"
"Heaton (MUN)",2,0,"FUL",434,1,"SGW"
"Heaton (MUN)",3,0,"BUR",434,1,"SGW"
"Heaton (MUN)",4,0,"MCI",434,1,"SGW"
"Heaton (MUN)",5,0,"CHE",434,1,"SGW"
"Heaton (MUN)",6,0,"BRE",434,1,"SGW"
"Heaton (MUN)",7,0,"SUN",434,1,"SGW"
"Heaton (MUN)",8,0,"LIV",434,1,"SGW"
"Heaton (MUN)",9,0,"BHA",434,1,"SGW"
"Heaton (MUN)",10,0,"NFO",434,1,"SGW"
"Heaton (MUN)",11,0,"TOT",434,1,"SGW"
"Heaton (MUN)",12,0,"EVE",434,1,"SGW"
"Heaton (MUN)",13,0,"CRY",434,1,"SGW"
"Heaton (MUN)",14,0,"WHU",434,1,"SGW"
"Heaton (MUN)",15,0,"WOL",434,1,"SGW"
"Heaton (MUN)",16,0,"BOU",434,1,"SGW"
"Heaton (MUN)",17,0,"AVL",434,1,"SGW"
"Heaton (MUN)",18,0,"NEW",434,1,"SGW"
"Heaton (MUN)",19,0,"WOL",434,1,"SGW"
"Heaton (MUN)",20,0,"LEE",434,1,"SGW"
"Heaton (MUN)",21,0,"BUR",434,1,"SGW"
"Heaton (MUN)",22,0,"MCI",434,1,"SGW"
"Heaton (MUN)",23,0,"ARS",434,1,"SGW"
"Heaven (MUN)",1,0,"ARS",447,1,"SGW"
"Heaven (MUN)",2,1,"FUL",447,1,"SGW"
"Heaven (MUN)",3,0,"BUR",447,1,"SGW"
"Heaven (MUN)",4,0,"MCI",447,1,"SGW"
"Heaven (MUN)",5,0,"CHE",447,1,"SGW"
"Heaven (MUN)",6,0,"BRE",447,1,"SGW"
"Heaven (MUN)",7,0,"SUN",447,1,"SGW"
"Heaven (MUN)",8,0,"LIV",447,1,"SGW"
"Heaven (MUN)",9,3,"BHA",447,1,"SGW"
"Heaven (MUN)",10,0,"NFO",447,1,"SGW"
"Heaven (MUN)",11,0,"TOT",447,1,"SGW"
"Heaven (MUN)",12,0,"EVE",447,1,"SGW"
"Heaven (MUN)",13,0,"CRY",447,1,"SGW"
"Heaven (MUN)",14,0,"WHU",447,1,"SGW"
"Heaven (MUN)",15,2,"WOL",447,1,"SGW"
"Heaven (MUN)",16,2,"BOU",447,1,"SGW"
"Heaven (MUN)",17,3,"AVL",447,1,"SGW"
"Heaven (MUN)",18,8,"NEW",447,1,"SGW"
"Heaven (MUN)",19,2,"WOL",447,1,"SGW"
"Heaven (MUN)",20,4,"LEE",447,1,"SGW"
"Heaven (MUN)",21,0,"BUR",447,1,"SGW"
"Heaven (MUN)",22,1,"MCI",447,1,"SGW"
"Heaven (MUN)",23,0,"ARS",447,1,"SGW"
"Hee Chan (WOL)",1,1,"MCI",642,1,"SGW"
"Hee Chan (WOL)",2,1,"BOU",642,1,"SGW"
"Hee Chan (WOL)",3,7,"EVE",642,1,"SGW"
"Hee Chan (WOL)",4,2,"NEW",642,1,"SGW"
"Hee Chan (WOL)",5,0,"LEE",642,1,"SGW"
"Hee Chan (WOL)",6,1,"TOT",642,1,"SGW"
"Hee Chan (WOL)",7,1,"BHA",642,1,"SGW"
"Hee Chan (WOL)",8,0,"SUN",642,1,"SGW"
"Hee Chan (WOL)",9,1,"BUR",642,1,"SGW"
"Hee Chan (WOL)",10,0,"FUL",642,1,"SGW"
"Hee Chan (WOL)",11,2,"CHE",642,1,"SGW"
"Hee Chan (WOL)",12,1,"CRY",642,1,"SGW"
"Hee Chan (WOL)",13,0,"AVL",642,1,"SGW"
"Hee Chan (WOL)",14,1,"NFO",642,1,"SGW"
"Hee Chan (WOL)",15,0,"MUN",642,1,"SGW"
"Hee Chan (WOL)",16,1,"ARS",642,1,"SGW"
"Hee Chan (WOL)",17,1,"BRE",642,1,"SGW"
"Hee Chan (WOL)",18,2,"LIV",642,1,"SGW"
"Hee Chan (WOL)",19,2,"MUN",642,1,"SGW"
"Hee Chan (WOL)",20,11,"WHU",642,1,"SGW"
"Hee Chan (WOL)",21,1,"EVE",642,1,"SGW"
"Hee Chan (WOL)",22,3,"NEW",642,1,"SGW"
"Hee Chan (WOL)",23,2,"MCI",642,1,"SGW"
"Hegyi (WHU)",1,0,"SUN",602,1,"SGW"
"Hegyi (WHU)",2,0,"CHE",602,1,"SGW"
"Hegyi (WHU)",3,0,"NFO",602,1,"SGW"
"Hegyi (WHU)",4,0,"TOT",602,1,"SGW"
"Hegyi (WHU)",5,0,"CRY",602,1,"SGW"
"Hegyi (WHU)",6,0,"EVE",602,1,"SGW"
"Hegyi (WHU)",7,0,"ARS",602,1,"SGW"
"Hegyi (WHU)",8,0,"BRE",602,1,"SGW"
"Hegyi (WHU)",9,0,"LEE",602,1,"SGW"
"Hegyi (WHU)",10,0,"NEW",602,1,"SGW"
"Hegyi (WHU)",11,0,"BUR",602,1,"SGW"
"Hegyi (WHU)",12,0,"BOU",602,1,"SGW"
"Hegyi (WHU)",13,0,"LIV",602,1,"SGW"
"Hegyi (WHU)",14,0,"MUN",602,1,"SGW"
"Hegyi (WHU)",15,0,"BHA",602,1,"SGW"
"Hegyi (WHU)",16,0,"AVL",602,1,"SGW"
"Hegyi (WHU)",17,0,"MCI",602,1,"SGW"
"Hegyi (WHU)",18,0,"FUL",602,1,"SGW"
"Hegyi (WHU)",19,0,"BHA",602,1,"SGW"
"Hegyi (WHU)",20,0,"WOL",602,1,"SGW"
"Hegyi (WHU)",21,0,"NFO",602,1,"SGW"
"Hegyi (WHU)",22,0,"TOT",602,1,"SGW"
"Hegyi (WHU)",23,0,"SUN",602,1,"SGW"
"Hein (ARS)",1,0,"MUN",3,1,"SGW"
"Hein (ARS)",2,0,"LEE",3,1,"SGW"
"Hein (ARS)",3,0,"LIV",3,1,"SGW"
"Hein (ARS)",4,0,"NFO",3,1,"SGW"
"Hein (ARS)",5,0,"MCI",3,1,"SGW"
"Hein (ARS)",6,0,"NEW",3,1,"SGW"
"Hein (ARS)",7,0,"WHU",3,1,"SGW"
"Hein (ARS)",8,0,"FUL",3,1,"SGW"
"Hein (ARS)",9,0,"CRY",3,1,"SGW"
"Hein (ARS)",10,0,"BUR",3,1,"SGW"
"Hein (ARS)",11,0,"SUN",3,1,"SGW"
"Hein (ARS)",12,0,"TOT",3,1,"SGW"
"Hein (ARS)",13,0,"CHE",3,1,"SGW"
"Hein (ARS)",14,0,"BRE",3,1,"SGW"
"Hein (ARS)",15,0,"AVL",3,1,"SGW"
"Hein (ARS)",16,0,"WOL",3,1,"SGW"
"Hein (ARS)",17,0,"EVE",3,1,"SGW"
"Hein (ARS)",18,0,"BHA",3,1,"SGW"
"Hein (ARS)",19,0,"AVL",3,1,"SGW"
"Hein (ARS)",20,0,"BOU",3,1,"SGW"
"Hein (ARS)",21,0,"LIV",3,1,"SGW"
"Hein (ARS)",22,0,"NFO",3,1,"SGW"
"Hein (ARS)",23,0,"MUN",3,1,"SGW"
"Henderson (BRE)",1,1,"NFO",124,1,"SGW"
"Henderson (BRE)",2,3,"AVL",124,1,"SGW"
"Henderson (BRE)",3,3,"SUN",124,1,"SGW"
"Henderson (BRE)",4,6,"CHE",124,1,"SGW"
"Henderson (BRE)",5,2,"FUL",124,1,"SGW"
"Henderson (BRE)",6,6,"MUN",124,1,"SGW"
"Henderson (BRE)",7,1,"MCI",124,1,"SGW"
"Henderson (BRE)",8,2,"WHU",124,1,"SGW"
"Henderson (BRE)",9,2,"LIV",124,1,"SGW"
"Henderson (BRE)",10,1,"CRY",124,1,"SGW"
"Henderson (BRE)",11,2,"NEW",124,1,"SGW"
"Henderson (BRE)",12,2,"BHA",124,1,"SGW"
"Henderson (BRE)",13,8,"BUR",124,1,"SGW"
"Henderson (BRE)",14,1,"ARS",124,1,"SGW"
"Henderson (BRE)",15,4,"TOT",124,1,"SGW"
"Henderson (BRE)",16,9,"LEE",124,1,"SGW"
"Henderson (BRE)",17,0,"WOL",124,1,"SGW"
"Henderson (BRE)",18,1,"BOU",124,1,"SGW"
"Henderson (BRE)",19,2,"TOT",124,1,"SGW"
"Henderson (BRE)",20,1,"EVE",124,1,"SGW"
"Henderson (BRE)",21,1,"SUN",124,1,"SGW"
"Henderson (BRE)",22,0,"CHE",124,1,"SGW"
"Henderson (BRE)",23,1,"NFO",124,1,"SGW"
"Henderson (CRY)",1,6,"CHE",253,1,"SGW"
"Henderson (CRY)",2,2,"NFO",253,1,"SGW"
"Henderson (CRY)",3,7,"AVL",253,1,"SGW"
"Henderson (CRY)",4,6,"SUN",253,1,"SGW"
"Henderson (CRY)",5,1,"WHU",253,1,"SGW"
"Henderson (CRY)",6,3,"LIV",253,1,"SGW"
"Henderson (CRY)",7,2,"EVE",253,1,"SGW"
"Henderson (CRY)",8,1,"BOU",253,1,"SGW"
"Henderson (CRY)",9,2,"ARS",253,1,"SGW"
"Henderson (CRY)",10,6,"BRE",253,1,"SGW"
"Henderson (CRY)",11,9,"BHA",253,1,"SGW"
"Henderson (CRY)",12,6,"WOL",253,1,"SGW"
"Henderson (CRY)",13,2,"MUN",253,1,"SGW"
"Henderson (CRY)",14,7,"BUR",253,1,"SGW"
"Henderson (CRY)",15,3,"FUL",253,1,"SGW"
"Henderson (CRY)",16,1,"MCI",253,1,"SGW"
"Henderson (CRY)",17,0,"LEE",253,1,"SGW"
"Henderson (CRY)",18,3,"TOT",253,1,"SGW"
"Henderson (CRY)",19,3,"FUL",253,1,"SGW"
"Henderson (CRY)",20,2,"NEW",253,1,"SGW"
"Henderson (CRY)",21,7,"AVL",253,1,"SGW"
"Henderson (CRY)",22,2,"SUN",253,1,"SGW"
"Henderson (CRY)",23,1,"CHE",253,1,"SGW"
"Henry (BRE)",1,1,"NFO",109,1,"SGW"
"Henry (BRE)",2,1,"AVL",109,1,"SGW"
"Henry (BRE)",3,-1,"SUN",109,1,"SGW"
"Henry (BRE)",4,1,"CHE",109,1,"SGW"
"Henry (BRE)",5,1,"FUL",109,1,"SGW"
"Henry (BRE)",6,1,"MUN",109,1,"SGW"
"Henry (BRE)",7,0,"MCI",109,1,"SGW"
"Henry (BRE)",8,0,"WHU",109,1,"SGW"
"Henry (BRE)",9,1,"LIV",109,1,"SGW"
"Henry (BRE)",10,0,"CRY",109,1,"SGW"
"Henry (BRE)",11,1,"NEW",109,1,"SGW"
"Henry (BRE)",12,0,"BHA",109,1,"SGW"
"Henry (BRE)",13,1,"BUR",109,1,"SGW"
"Henry (BRE)",14,2,"ARS",109,1,"SGW"
"Henry (BRE)",15,1,"TOT",109,1,"SGW"
"Henry (BRE)",16,4,"LEE",109,1,"SGW"
"Henry (BRE)",17,5,"WOL",109,1,"SGW"
"Henry (BRE)",18,2,"BOU",109,1,"SGW"
"Henry (BRE)",19,6,"TOT",109,1,"SGW"
"Henry (BRE)",20,1,"EVE",109,1,"SGW"
"Henry (BRE)",21,6,"SUN",109,1,"SGW"
"Henry (BRE)",22,1,"CHE",109,1,"SGW"
"Henry (BRE)",23,2,"NFO",109,1,"SGW"
"Hermansen (WHU)",1,1,"SUN",679,1,"SGW"
"Hermansen (WHU)",2,0,"CHE",679,1,"SGW"
"Hermansen (WHU)",3,7,"NFO",679,1,"SGW"
"Hermansen (WHU)",4,1,"TOT",679,1,"SGW"
"Hermansen (WHU)",5,0,"CRY",679,1,"SGW"
"Hermansen (WHU)",6,0,"EVE",679,1,"SGW"
"Hermansen (WHU)",7,0,"ARS",679,1,"SGW"
"Hermansen (WHU)",8,0,"BRE",679,1,"SGW"
"Hermansen (WHU)",9,0,"LEE",679,1,"SGW"
"Hermansen (WHU)",10,0,"NEW",679,1,"SGW"
"Hermansen (WHU)",11,0,"BUR",679,1,"SGW"
"Hermansen (WHU)",12,0,"BOU",679,1,"SGW"
"Hermansen (WHU)",13,0,"LIV",679,1,"SGW"
"Hermansen (WHU)",14,0,"MUN",679,1,"SGW"
"Hermansen (WHU)",15,0,"BHA",679,1,"SGW"
"Hermansen (WHU)",16,0,"AVL",679,1,"SGW"
"Hermansen (WHU)",17,0,"MCI",679,1,"SGW"
"Hermansen (WHU)",18,0,"FUL",679,1,"SGW"
"Hermansen (WHU)",19,0,"BHA",679,1,"SGW"
"Hermansen (WHU)",20,0,"WOL",679,1,"SGW"
"Hermansen (WHU)",21,0,"NFO",679,1,"SGW"
"Hermansen (WHU)",22,0,"TOT",679,1,"SGW"
"Hermansen (WHU)",23,0,"SUN",679,1,"SGW"
"Heskey (MCI)",1,NA,NA,764,NA,"BGW"
"Heskey (MCI)",2,NA,NA,764,NA,"BGW"
"Heskey (MCI)",3,NA,NA,764,NA,"BGW"
"Heskey (MCI)",4,NA,NA,764,NA,"BGW"
"Heskey (MCI)",5,NA,NA,764,NA,"BGW"
"Heskey (MCI)",6,NA,NA,764,NA,"BGW"
"Heskey (MCI)",7,NA,NA,764,NA,"BGW"
"Heskey (MCI)",8,NA,NA,764,NA,"BGW"
"Heskey (MCI)",9,NA,NA,764,NA,"BGW"
"Heskey (MCI)",10,NA,NA,764,NA,"BGW"
"Heskey (MCI)",11,NA,NA,764,NA,"BGW"
"Heskey (MCI)",12,NA,NA,764,NA,"BGW"
"Heskey (MCI)",13,NA,NA,764,NA,"BGW"
"Heskey (MCI)",14,NA,NA,764,NA,"BGW"
"Heskey (MCI)",15,NA,NA,764,NA,"BGW"
"Heskey (MCI)",16,NA,NA,764,NA,"BGW"
"Heskey (MCI)",17,0,"WHU",764,1,"SGW"
"Heskey (MCI)",18,0,"NFO",764,1,"SGW"
"Heskey (MCI)",19,0,"SUN",764,1,"SGW"
"Heskey (MCI)",20,0,"CHE",764,1,"SGW"
"Heskey (MCI)",21,0,"BHA",764,1,"SGW"
"Heskey (MCI)",22,0,"MUN",764,1,"SGW"
"Heskey (MCI)",23,0,"WOL",764,1,"SGW"
"Hickey (BRE)",1,0,"NFO",116,1,"SGW"
"Hickey (BRE)",2,1,"AVL",116,1,"SGW"
"Hickey (BRE)",3,0,"SUN",116,1,"SGW"
"Hickey (BRE)",4,1,"CHE",116,1,"SGW"
"Hickey (BRE)",5,0,"FUL",116,1,"SGW"
"Hickey (BRE)",6,2,"MUN",116,1,"SGW"
"Hickey (BRE)",7,2,"MCI",116,1,"SGW"
"Hickey (BRE)",8,0,"WHU",116,1,"SGW"
"Hickey (BRE)",9,0,"LIV",116,1,"SGW"
"Hickey (BRE)",10,0,"CRY",116,1,"SGW"
"Hickey (BRE)",11,2,"NEW",116,1,"SGW"
"Hickey (BRE)",12,1,"BHA",116,1,"SGW"
"Hickey (BRE)",13,8,"BUR",116,1,"SGW"
"Hickey (BRE)",14,0,"ARS",116,1,"SGW"
"Hickey (BRE)",15,1,"TOT",116,1,"SGW"
"Hickey (BRE)",16,6,"LEE",116,1,"SGW"
"Hickey (BRE)",17,0,"WOL",116,1,"SGW"
"Hickey (BRE)",18,1,"BOU",116,1,"SGW"
"Hickey (BRE)",19,0,"TOT",116,1,"SGW"
"Hickey (BRE)",20,2,"EVE",116,1,"SGW"
"Hickey (BRE)",21,1,"SUN",116,1,"SGW"
"Hickey (BRE)",22,1,"CHE",116,1,"SGW"
"Hickey (BRE)",23,1,"NFO",116,1,"SGW"
"Hill (BOU)",1,1,"LIV",77,1,"SGW"
"Hill (BOU)",2,1,"WOL",77,1,"SGW"
"Hill (BOU)",3,5,"TOT",77,1,"SGW"
"Hill (BOU)",4,2,"BHA",77,1,"SGW"
"Hill (BOU)",5,1,"NEW",77,1,"SGW"
"Hill (BOU)",6,0,"LEE",77,1,"SGW"
"Hill (BOU)",7,6,"FUL",77,1,"SGW"
"Hill (BOU)",8,1,"CRY",77,1,"SGW"
"Hill (BOU)",9,0,"NFO",77,1,"SGW"
"Hill (BOU)",10,0,"MCI",77,1,"SGW"
"Hill (BOU)",11,0,"AVL",77,1,"SGW"
"Hill (BOU)",12,0,"WHU",77,1,"SGW"
"Hill (BOU)",13,0,"SUN",77,1,"SGW"
"Hill (BOU)",14,0,"EVE",77,1,"SGW"
"Hill (BOU)",15,1,"CHE",77,1,"SGW"
"Hill (BOU)",16,1,"MUN",77,1,"SGW"
"Hill (BOU)",17,0,"BUR",77,1,"SGW"
"Hill (BOU)",18,0,"BRE",77,1,"SGW"
"Hill (BOU)",19,3,"CHE",77,1,"SGW"
"Hill (BOU)",20,3,"ARS",77,1,"SGW"
"Hill (BOU)",21,3,"TOT",77,1,"SGW"
"Hill (BOU)",22,2,"BHA",77,1,"SGW"
"Hill (BOU)",23,6,"LIV",77,1,"SGW"
"Hincapie (ARS)",1,NA,NA,725,NA,"BGW"
"Hincapie (ARS)",2,NA,NA,725,NA,"BGW"
"Hincapie (ARS)",3,NA,NA,725,NA,"BGW"
"Hincapie (ARS)",4,0,"NFO",725,1,"SGW"
"Hincapie (ARS)",5,0,"MCI",725,1,"SGW"
"Hincapie (ARS)",6,0,"NEW",725,1,"SGW"
"Hincapie (ARS)",7,0,"WHU",725,1,"SGW"
"Hincapie (ARS)",8,0,"FUL",725,1,"SGW"
"Hincapie (ARS)",9,1,"CRY",725,1,"SGW"
"Hincapie (ARS)",10,1,"BUR",725,1,"SGW"
"Hincapie (ARS)",11,0,"SUN",725,1,"SGW"
"Hincapie (ARS)",12,2,"TOT",725,1,"SGW"
"Hincapie (ARS)",13,1,"CHE",725,1,"SGW"
"Hincapie (ARS)",14,8,"BRE",725,1,"SGW"
"Hincapie (ARS)",15,3,"AVL",725,1,"SGW"
"Hincapie (ARS)",16,4,"WOL",725,1,"SGW"
"Hincapie (ARS)",17,10,"EVE",725,1,"SGW"
"Hincapie (ARS)",18,1,"BHA",725,1,"SGW"
"Hincapie (ARS)",19,2,"AVL",725,1,"SGW"
"Hincapie (ARS)",20,1,"BOU",725,1,"SGW"
"Hincapie (ARS)",21,1,"LIV",725,1,"SGW"
"Hincapie (ARS)",22,0,"NFO",725,1,"SGW"
"Hincapie (ARS)",23,0,"MUN",725,1,"SGW"
"Hinshelwood (BHA)",1,0,"FUL",163,1,"SGW"
"Hinshelwood (BHA)",2,1,"EVE",163,1,"SGW"
"Hinshelwood (BHA)",3,2,"MCI",163,1,"SGW"
"Hinshelwood (BHA)",4,1,"BOU",163,1,"SGW"
"Hinshelwood (BHA)",5,0,"TOT",163,1,"SGW"
"Hinshelwood (BHA)",6,0,"CHE",163,1,"SGW"
"Hinshelwood (BHA)",7,0,"WOL",163,1,"SGW"
"Hinshelwood (BHA)",8,0,"NEW",163,1,"SGW"
"Hinshelwood (BHA)",9,0,"MUN",163,1,"SGW"
"Hinshelwood (BHA)",10,0,"LEE",163,1,"SGW"
"Hinshelwood (BHA)",11,0,"CRY",163,1,"SGW"
"Hinshelwood (BHA)",12,7,"BRE",163,1,"SGW"
"Hinshelwood (BHA)",13,1,"NFO",163,1,"SGW"
"Hinshelwood (BHA)",14,8,"AVL",163,1,"SGW"
"Hinshelwood (BHA)",15,1,"WHU",163,1,"SGW"
"Hinshelwood (BHA)",16,2,"LIV",163,1,"SGW"
"Hinshelwood (BHA)",17,3,"SUN",163,1,"SGW"
"Hinshelwood (BHA)",18,2,"ARS",163,1,"SGW"
"Hinshelwood (BHA)",19,1,"WHU",163,1,"SGW"
"Hinshelwood (BHA)",20,0,"BUR",163,1,"SGW"
"Hinshelwood (BHA)",21,5,"MCI",163,1,"SGW"
"Hinshelwood (BHA)",22,2,"BOU",163,1,"SGW"
"Hinshelwood (BHA)",23,0,"FUL",163,1,"SGW"
"Hjelde (SUN)",1,0,"WHU",536,1,"SGW"
"Hjelde (SUN)",2,0,"BUR",536,1,"SGW"
"Hjelde (SUN)",3,0,"BRE",536,1,"SGW"
"Hjelde (SUN)",4,0,"CRY",536,1,"SGW"
"Hjelde (SUN)",5,0,"AVL",536,1,"SGW"
"Hjelde (SUN)",6,0,"NFO",536,1,"SGW"
"Hjelde (SUN)",7,0,"MUN",536,1,"SGW"
"Hjelde (SUN)",8,0,"WOL",536,1,"SGW"
"Hjelde (SUN)",9,0,"CHE",536,1,"SGW"
"Hjelde (SUN)",10,0,"EVE",536,1,"SGW"
"Hjelde (SUN)",11,0,"ARS",536,1,"SGW"
"Hjelde (SUN)",12,0,"FUL",536,1,"SGW"
"Hjelde (SUN)",13,0,"BOU",536,1,"SGW"
"Hjelde (SUN)",14,0,"LIV",536,1,"SGW"
"Hjelde (SUN)",15,0,"MCI",536,1,"SGW"
"Hjelde (SUN)",16,0,"NEW",536,1,"SGW"
"Hjelde (SUN)",17,0,"BHA",536,1,"SGW"
"Hjelde (SUN)",18,0,"LEE",536,1,"SGW"
"Hjelde (SUN)",19,0,"MCI",536,1,"SGW"
"Hjelde (SUN)",20,0,"TOT",536,1,"SGW"
"Hjelde (SUN)",21,0,"BRE",536,1,"SGW"
"Hjelde (SUN)",22,0,"CRY",536,1,"SGW"
"Hjelde (SUN)",23,0,"WHU",536,1,"SGW"
"Hladký (BUR)",1,0,"TOT",185,1,"SGW"
"Hladký (BUR)",2,0,"SUN",185,1,"SGW"
"Hladký (BUR)",3,0,"MUN",185,1,"SGW"
"Hladký (BUR)",4,0,"LIV",185,1,"SGW"
"Hladký (BUR)",5,0,"NFO",185,1,"SGW"
"Hladký (BUR)",6,0,"MCI",185,1,"SGW"
"Hladký (BUR)",7,0,"AVL",185,1,"SGW"
"Hladký (BUR)",8,0,"LEE",185,1,"SGW"
"Hladký (BUR)",9,0,"WOL",185,1,"SGW"
"Hladký (BUR)",10,0,"ARS",185,1,"SGW"
"Hladký (BUR)",11,0,"WHU",185,1,"SGW"
"Hladký (BUR)",12,0,"CHE",185,1,"SGW"
"Hladký (BUR)",13,0,"BRE",185,1,"SGW"
"Hladký (BUR)",14,0,"CRY",185,1,"SGW"
"Hladký (BUR)",15,0,"NEW",185,1,"SGW"
"Hladký (BUR)",16,0,"FUL",185,1,"SGW"
"Hladký (BUR)",17,0,"BOU",185,1,"SGW"
"Hladký (BUR)",18,0,"EVE",185,1,"SGW"
"Hladký (BUR)",19,0,"NEW",185,1,"SGW"
"Hladký (BUR)",20,0,"BHA",185,1,"SGW"
"Hladký (BUR)",21,0,"MUN",185,1,"SGW"
"Hladký (BUR)",22,0,"LIV",185,1,"SGW"
"Hladký (BUR)",23,0,"TOT",185,1,"SGW"
"Hodge (WOL)",1,0,"MCI",653,1,"SGW"
"Hodge (WOL)",2,0,"BOU",653,1,"SGW"
"Hodge (WOL)",3,0,"EVE",653,1,"SGW"
"Hodge (WOL)",4,0,"NEW",653,1,"SGW"
"Hodge (WOL)",5,0,"LEE",653,1,"SGW"
"Hodge (WOL)",6,0,"TOT",653,1,"SGW"
"Hodge (WOL)",7,0,"BHA",653,1,"SGW"
"Hodge (WOL)",8,0,"SUN",653,1,"SGW"
"Hodge (WOL)",9,0,"BUR",653,1,"SGW"
"Hodge (WOL)",10,0,"FUL",653,1,"SGW"
"Hodge (WOL)",11,0,"CHE",653,1,"SGW"
"Hodge (WOL)",12,0,"CRY",653,1,"SGW"
"Hodge (WOL)",13,0,"AVL",653,1,"SGW"
"Hodge (WOL)",14,0,"NFO",653,1,"SGW"
"Hodge (WOL)",15,0,"MUN",653,1,"SGW"
"Hodge (WOL)",16,0,"ARS",653,1,"SGW"
"Hodge (WOL)",17,0,"BRE",653,1,"SGW"
"Hodge (WOL)",18,0,"LIV",653,1,"SGW"
"Hodge (WOL)",19,0,"MUN",653,1,"SGW"
"Hodge (WOL)",20,0,"WHU",653,1,"SGW"
"Hodge (WOL)",21,0,"EVE",653,1,"SGW"
"Hodge (WOL)",22,0,"NEW",653,1,"SGW"
"Hodge (WOL)",23,0,"MCI",653,1,"SGW"
"Hoever (WOL)",1,1,"MCI",638,1,"SGW"
"Hoever (WOL)",2,1,"BOU",638,1,"SGW"
"Hoever (WOL)",3,0,"EVE",638,1,"SGW"
"Hoever (WOL)",4,0,"NEW",638,1,"SGW"
"Hoever (WOL)",5,0,"LEE",638,1,"SGW"
"Hoever (WOL)",6,0,"TOT",638,1,"SGW"
"Hoever (WOL)",7,0,"BHA",638,1,"SGW"
"Hoever (WOL)",8,1,"SUN",638,1,"SGW"
"Hoever (WOL)",9,1,"BUR",638,1,"SGW"
"Hoever (WOL)",10,1,"FUL",638,1,"SGW"
"Hoever (WOL)",11,0,"CHE",638,1,"SGW"
"Hoever (WOL)",12,0,"CRY",638,1,"SGW"
"Hoever (WOL)",13,0,"AVL",638,1,"SGW"
"Hoever (WOL)",14,1,"NFO",638,1,"SGW"
"Hoever (WOL)",15,0,"MUN",638,1,"SGW"
"Hoever (WOL)",16,0,"ARS",638,1,"SGW"
"Hoever (WOL)",17,4,"BRE",638,1,"SGW"
"Hoever (WOL)",18,0,"LIV",638,1,"SGW"
"Hoever (WOL)",19,0,"MUN",638,1,"SGW"
"Hoever (WOL)",20,0,"WHU",638,1,"SGW"
"Hoever (WOL)",21,0,"EVE",638,1,"SGW"
"Hoever (WOL)",22,0,"NEW",638,1,"SGW"
"Hoever (WOL)",23,0,"MCI",638,1,"SGW"
"Højlund (MUN)",1,0,"ARS",465,1,"SGW"
"Højlund (MUN)",2,0,"FUL",465,1,"SGW"
"Højlund (MUN)",3,0,"BUR",465,1,"SGW"
"Højlund (MUN)",4,0,"MCI",465,1,"SGW"
"Højlund (MUN)",5,0,"CHE",465,1,"SGW"
"Højlund (MUN)",6,0,"BRE",465,1,"SGW"
"Højlund (MUN)",7,0,"SUN",465,1,"SGW"
"Højlund (MUN)",8,0,"LIV",465,1,"SGW"
"Højlund (MUN)",9,0,"BHA",465,1,"SGW"
"Højlund (MUN)",10,0,"NFO",465,1,"SGW"
"Højlund (MUN)",11,0,"TOT",465,1,"SGW"
"Højlund (MUN)",12,0,"EVE",465,1,"SGW"
"Højlund (MUN)",13,0,"CRY",465,1,"SGW"
"Højlund (MUN)",14,0,"WHU",465,1,"SGW"
"Højlund (MUN)",15,0,"WOL",465,1,"SGW"
"Højlund (MUN)",16,0,"BOU",465,1,"SGW"
"Højlund (MUN)",17,0,"AVL",465,1,"SGW"
"Højlund (MUN)",18,0,"NEW",465,1,"SGW"
"Højlund (MUN)",19,0,"WOL",465,1,"SGW"
"Højlund (MUN)",20,0,"LEE",465,1,"SGW"
"Højlund (MUN)",21,0,"BUR",465,1,"SGW"
"Højlund (MUN)",22,0,"MCI",465,1,"SGW"
"Højlund (MUN)",23,0,"ARS",465,1,"SGW"
"Holding (CRY)",1,0,"CHE",264,1,"SGW"
"Holding (CRY)",2,0,"NFO",264,1,"SGW"
"Holding (CRY)",3,0,"AVL",264,1,"SGW"
"Holding (CRY)",4,0,"SUN",264,1,"SGW"
"Holding (CRY)",5,0,"WHU",264,1,"SGW"
"Holding (CRY)",6,0,"LIV",264,1,"SGW"
"Holding (CRY)",7,0,"EVE",264,1,"SGW"
"Holding (CRY)",8,0,"BOU",264,1,"SGW"
"Holding (CRY)",9,0,"ARS",264,1,"SGW"
"Holding (CRY)",10,0,"BRE",264,1,"SGW"
"Holding (CRY)",11,0,"BHA",264,1,"SGW"
"Holding (CRY)",12,0,"WOL",264,1,"SGW"
"Holding (CRY)",13,0,"MUN",264,1,"SGW"
"Holding (CRY)",14,0,"BUR",264,1,"SGW"
"Holding (CRY)",15,0,"FUL",264,1,"SGW"
"Holding (CRY)",16,0,"MCI",264,1,"SGW"
"Holding (CRY)",17,0,"LEE",264,1,"SGW"
"Holding (CRY)",18,0,"TOT",264,1,"SGW"
"Holding (CRY)",19,0,"FUL",264,1,"SGW"
"Holding (CRY)",20,0,"NEW",264,1,"SGW"
"Holding (CRY)",21,0,"AVL",264,1,"SGW"
"Holding (CRY)",22,0,"SUN",264,1,"SGW"
"Holding (CRY)",23,0,"CHE",264,1,"SGW"
"Hollingshead (AVL)",1,NA,NA,757,NA,"BGW"
"Hollingshead (AVL)",2,NA,NA,757,NA,"BGW"
"Hollingshead (AVL)",3,NA,NA,757,NA,"BGW"
"Hollingshead (AVL)",4,NA,NA,757,NA,"BGW"
"Hollingshead (AVL)",5,NA,NA,757,NA,"BGW"
"Hollingshead (AVL)",6,NA,NA,757,NA,"BGW"
"Hollingshead (AVL)",7,NA,NA,757,NA,"BGW"
"Hollingshead (AVL)",8,NA,NA,757,NA,"BGW"
"Hollingshead (AVL)",9,NA,NA,757,NA,"BGW"
"Hollingshead (AVL)",10,NA,NA,757,NA,"BGW"
"Hollingshead (AVL)",11,NA,NA,757,NA,"BGW"
"Hollingshead (AVL)",12,NA,NA,757,NA,"BGW"
"Hollingshead (AVL)",13,NA,NA,757,NA,"BGW"
"Hollingshead (AVL)",14,0,"BHA",757,1,"SGW"
"Hollingshead (AVL)",15,0,"ARS",757,1,"SGW"
"Hollingshead (AVL)",16,0,"WHU",757,1,"SGW"
"Hollingshead (AVL)",17,0,"MUN",757,1,"SGW"
"Hollingshead (AVL)",18,0,"CHE",757,1,"SGW"
"Hollingshead (AVL)",19,0,"ARS",757,1,"SGW"
"Hollingshead (AVL)",20,0,"NFO",757,1,"SGW"
"Hollingshead (AVL)",21,0,"CRY",757,1,"SGW"
"Hollingshead (AVL)",22,0,"EVE",757,1,"SGW"
"Hollingshead (AVL)",23,0,"NEW",757,1,"SGW"
"Howell (BHA)",1,NA,NA,795,NA,"BGW"
"Howell (BHA)",2,NA,NA,795,NA,"BGW"
"Howell (BHA)",3,NA,NA,795,NA,"BGW"
"Howell (BHA)",4,NA,NA,795,NA,"BGW"
"Howell (BHA)",5,NA,NA,795,NA,"BGW"
"Howell (BHA)",6,NA,NA,795,NA,"BGW"
"Howell (BHA)",7,NA,NA,795,NA,"BGW"
"Howell (BHA)",8,NA,NA,795,NA,"BGW"
"Howell (BHA)",9,NA,NA,795,NA,"BGW"
"Howell (BHA)",10,NA,NA,795,NA,"BGW"
"Howell (BHA)",11,NA,NA,795,NA,"BGW"
"Howell (BHA)",12,NA,NA,795,NA,"BGW"
"Howell (BHA)",13,NA,NA,795,NA,"BGW"
"Howell (BHA)",14,NA,NA,795,NA,"BGW"
"Howell (BHA)",15,NA,NA,795,NA,"BGW"
"Howell (BHA)",16,NA,NA,795,NA,"BGW"
"Howell (BHA)",17,NA,NA,795,NA,"BGW"
"Howell (BHA)",18,NA,NA,795,NA,"BGW"
"Howell (BHA)",19,NA,NA,795,NA,"BGW"
"Howell (BHA)",20,NA,NA,795,NA,"BGW"
"Howell (BHA)",21,0,"MCI",795,1,"SGW"
"Howell (BHA)",22,0,"BOU",795,1,"SGW"
"Howell (BHA)",23,0,"FUL",795,1,"SGW"
"Hudson-Odoi (NFO)",1,2,"BRE",516,1,"SGW"
"Hudson-Odoi (NFO)",2,10,"CRY",516,1,"SGW"
"Hudson-Odoi (NFO)",3,2,"WHU",516,1,"SGW"
"Hudson-Odoi (NFO)",4,1,"ARS",516,1,"SGW"
"Hudson-Odoi (NFO)",5,1,"BUR",516,1,"SGW"
"Hudson-Odoi (NFO)",6,1,"SUN",516,1,"SGW"
"Hudson-Odoi (NFO)",7,1,"NEW",516,1,"SGW"
"Hudson-Odoi (NFO)",8,1,"CHE",516,1,"SGW"
"Hudson-Odoi (NFO)",9,1,"BOU",516,1,"SGW"
"Hudson-Odoi (NFO)",10,2,"MUN",516,1,"SGW"
"Hudson-Odoi (NFO)",11,0,"LEE",516,1,"SGW"
"Hudson-Odoi (NFO)",12,1,"LIV",516,1,"SGW"
"Hudson-Odoi (NFO)",13,1,"BHA",516,1,"SGW"
"Hudson-Odoi (NFO)",14,1,"WOL",516,1,"SGW"
"Hudson-Odoi (NFO)",15,1,"EVE",516,1,"SGW"
"Hudson-Odoi (NFO)",16,19,"TOT",516,1,"SGW"
"Hudson-Odoi (NFO)",17,2,"FUL",516,1,"SGW"
"Hudson-Odoi (NFO)",18,2,"MCI",516,1,"SGW"
"Hudson-Odoi (NFO)",19,2,"EVE",516,1,"SGW"
"Hudson-Odoi (NFO)",20,0,"AVL",516,1,"SGW"
"Hudson-Odoi (NFO)",21,2,"WHU",516,1,"SGW"
"Hudson-Odoi (NFO)",22,3,"ARS",516,1,"SGW"
"Hudson-Odoi (NFO)",23,3,"BRE",516,1,"SGW"
"Huggins (SUN)",1,0,"WHU",537,1,"SGW"
"Huggins (SUN)",2,0,"BUR",537,1,"SGW"
"Huggins (SUN)",3,0,"BRE",537,1,"SGW"
"Huggins (SUN)",4,0,"CRY",537,1,"SGW"
"Huggins (SUN)",5,0,"AVL",537,1,"SGW"
"Huggins (SUN)",6,0,"NFO",537,1,"SGW"
"Huggins (SUN)",7,0,"MUN",537,1,"SGW"
"Huggins (SUN)",8,0,"WOL",537,1,"SGW"
"Huggins (SUN)",9,0,"CHE",537,1,"SGW"
"Huggins (SUN)",10,0,"EVE",537,1,"SGW"
"Huggins (SUN)",11,0,"ARS",537,1,"SGW"
"Huggins (SUN)",12,0,"FUL",537,1,"SGW"
"Huggins (SUN)",13,0,"BOU",537,1,"SGW"
"Huggins (SUN)",14,0,"LIV",537,1,"SGW"
"Huggins (SUN)",15,0,"MCI",537,1,"SGW"
"Huggins (SUN)",16,0,"NEW",537,1,"SGW"
"Huggins (SUN)",17,0,"BHA",537,1,"SGW"
"Huggins (SUN)",18,0,"LEE",537,1,"SGW"
"Huggins (SUN)",19,0,"MCI",537,1,"SGW"
"Huggins (SUN)",20,0,"TOT",537,1,"SGW"
"Huggins (SUN)",21,0,"BRE",537,1,"SGW"
"Huggins (SUN)",22,0,"CRY",537,1,"SGW"
"Huggins (SUN)",23,0,"WHU",537,1,"SGW"
"Hughes (CRY)",1,2,"CHE",270,1,"SGW"
"Hughes (CRY)",2,1,"NFO",270,1,"SGW"
"Hughes (CRY)",3,2,"AVL",270,1,"SGW"
"Hughes (CRY)",4,3,"SUN",270,1,"SGW"
"Hughes (CRY)",5,2,"WHU",270,1,"SGW"
"Hughes (CRY)",6,1,"LIV",270,1,"SGW"
"Hughes (CRY)",7,0,"EVE",270,1,"SGW"
"Hughes (CRY)",8,0,"BOU",270,1,"SGW"
"Hughes (CRY)",9,1,"ARS",270,1,"SGW"
"Hughes (CRY)",10,1,"BRE",270,1,"SGW"
"Hughes (CRY)",11,1,"BHA",270,1,"SGW"
"Hughes (CRY)",12,1,"WOL",270,1,"SGW"
"Hughes (CRY)",13,1,"MUN",270,1,"SGW"
"Hughes (CRY)",14,1,"BUR",270,1,"SGW"
"Hughes (CRY)",15,0,"FUL",270,1,"SGW"
"Hughes (CRY)",16,1,"MCI",270,1,"SGW"
"Hughes (CRY)",17,1,"LEE",270,1,"SGW"
"Hughes (CRY)",18,1,"TOT",270,1,"SGW"
"Hughes (CRY)",19,1,"FUL",270,1,"SGW"
"Hughes (CRY)",20,2,"NEW",270,1,"SGW"
"Hughes (CRY)",21,3,"AVL",270,1,"SGW"
"Hughes (CRY)",22,5,"SUN",270,1,"SGW"
"Hughes (CRY)",23,1,"CHE",270,1,"SGW"
"Hume (SUN)",1,6,"WHU",532,1,"SGW"
"Hume (SUN)",2,1,"BUR",532,1,"SGW"
"Hume (SUN)",3,2,"BRE",532,1,"SGW"
"Hume (SUN)",4,6,"CRY",532,1,"SGW"
"Hume (SUN)",5,4,"AVL",532,1,"SGW"
"Hume (SUN)",6,6,"NFO",532,1,"SGW"
"Hume (SUN)",7,1,"MUN",532,1,"SGW"
"Hume (SUN)",8,11,"WOL",532,1,"SGW"
"Hume (SUN)",9,2,"CHE",532,1,"SGW"
"Hume (SUN)",10,1,"EVE",532,1,"SGW"
"Hume (SUN)",11,1,"ARS",532,1,"SGW"
"Hume (SUN)",12,1,"FUL",532,1,"SGW"
"Hume (SUN)",13,0,"BOU",532,1,"SGW"
"Hume (SUN)",14,2,"LIV",532,1,"SGW"
"Hume (SUN)",15,1,"MCI",532,1,"SGW"
"Hume (SUN)",16,1,"NEW",532,1,"SGW"
"Hume (SUN)",17,10,"BHA",532,1,"SGW"
"Hume (SUN)",18,1,"LEE",532,1,"SGW"
"Hume (SUN)",19,6,"MCI",532,1,"SGW"
"Hume (SUN)",20,2,"TOT",532,1,"SGW"
"Hume (SUN)",21,0,"BRE",532,1,"SGW"
"Hume (SUN)",22,1,"CRY",532,1,"SGW"
"Hume (SUN)",23,0,"WHU",532,1,"SGW"
"Humphreys (BUR)",1,0,"TOT",193,1,"SGW"
"Humphreys (BUR)",2,0,"SUN",193,1,"SGW"
"Humphreys (BUR)",3,0,"MUN",193,1,"SGW"
"Humphreys (BUR)",4,0,"LIV",193,1,"SGW"
"Humphreys (BUR)",5,0,"NFO",193,1,"SGW"
"Humphreys (BUR)",6,0,"MCI",193,1,"SGW"
"Humphreys (BUR)",7,0,"AVL",193,1,"SGW"
"Humphreys (BUR)",8,0,"LEE",193,1,"SGW"
"Humphreys (BUR)",9,0,"WOL",193,1,"SGW"
"Humphreys (BUR)",10,0,"ARS",193,1,"SGW"
"Humphreys (BUR)",11,0,"WHU",193,1,"SGW"
"Humphreys (BUR)",12,0,"CHE",193,1,"SGW"
"Humphreys (BUR)",13,0,"BRE",193,1,"SGW"
"Humphreys (BUR)",14,0,"CRY",193,1,"SGW"
"Humphreys (BUR)",15,0,"NEW",193,1,"SGW"
"Humphreys (BUR)",16,0,"FUL",193,1,"SGW"
"Humphreys (BUR)",17,0,"BOU",193,1,"SGW"
"Humphreys (BUR)",18,8,"EVE",193,1,"SGW"
"Humphreys (BUR)",19,2,"NEW",193,1,"SGW"
"Humphreys (BUR)",20,2,"BHA",193,1,"SGW"
"Humphreys (BUR)",21,6,"MUN",193,1,"SGW"
"Humphreys (BUR)",22,4,"LIV",193,1,"SGW"
"Humphreys (BUR)",23,1,"TOT",193,1,"SGW"
"Hutchinson (NFO)",1,NA,NA,693,NA,"BGW"
"Hutchinson (NFO)",2,1,"CRY",693,1,"SGW"
"Hutchinson (NFO)",3,1,"WHU",693,1,"SGW"
"Hutchinson (NFO)",4,0,"ARS",693,1,"SGW"
"Hutchinson (NFO)",5,0,"BUR",693,1,"SGW"
"Hutchinson (NFO)",6,1,"SUN",693,1,"SGW"
"Hutchinson (NFO)",7,1,"NEW",693,1,"SGW"
"Hutchinson (NFO)",8,0,"CHE",693,1,"SGW"
"Hutchinson (NFO)",9,1,"BOU",693,1,"SGW"
"Hutchinson (NFO)",10,0,"MUN",693,1,"SGW"
"Hutchinson (NFO)",11,8,"LEE",693,1,"SGW"
"Hutchinson (NFO)",12,4,"LIV",693,1,"SGW"
"Hutchinson (NFO)",13,1,"BHA",693,1,"SGW"
"Hutchinson (NFO)",14,6,"WOL",693,1,"SGW"
"Hutchinson (NFO)",15,2,"EVE",693,1,"SGW"
"Hutchinson (NFO)",16,5,"TOT",693,1,"SGW"
"Hutchinson (NFO)",17,2,"FUL",693,1,"SGW"
"Hutchinson (NFO)",18,9,"MCI",693,1,"SGW"
"Hutchinson (NFO)",19,2,"EVE",693,1,"SGW"
"Hutchinson (NFO)",20,2,"AVL",693,1,"SGW"
"Hutchinson (NFO)",21,1,"WHU",693,1,"SGW"
"Hutchinson (NFO)",22,1,"ARS",693,1,"SGW"
"Hutchinson (NFO)",23,1,"BRE",693,1,"SGW"
"Igor (WHU)",1,0,"FUL",149,1,"SGW"
"Igor (WHU)",2,0,"EVE",149,1,"SGW"
"Igor (WHU)",3,0,"MCI",149,1,"SGW"
"Igor (WHU)",4,0,"TOT",149,1,"SGW"
"Igor (WHU)",5,0,"CRY",149,1,"SGW"
"Igor (WHU)",6,1,"EVE",149,1,"SGW"
"Igor (WHU)",7,0,"ARS",149,1,"SGW"
"Igor (WHU)",8,0,"BRE",149,1,"SGW"
"Igor (WHU)",9,0,"LEE",149,1,"SGW"
"Igor (WHU)",10,1,"NEW",149,1,"SGW"
"Igor (WHU)",11,1,"BUR",149,1,"SGW"
"Igor (WHU)",12,3,"BOU",149,1,"SGW"
"Igor (WHU)",13,0,"LIV",149,1,"SGW"
"Igor (WHU)",14,0,"MUN",149,1,"SGW"
"Igor (WHU)",15,0,"BHA",149,1,"SGW"
"Igor (WHU)",16,0,"AVL",149,1,"SGW"
"Igor (WHU)",17,0,"MCI",149,1,"SGW"
"Igor (WHU)",18,0,"FUL",149,1,"SGW"
"Igor (WHU)",19,0,"BHA",149,1,"SGW"
"Igor (WHU)",20,0,"WOL",149,1,"SGW"
"Igor (WHU)",21,0,"NFO",149,1,"SGW"
"Igor (WHU)",22,0,"TOT",149,1,"SGW"
"Igor (WHU)",23,0,"SUN",149,1,"SGW"
"Igor Jesus (NFO)",1,1,"BRE",526,1,"SGW"
"Igor Jesus (NFO)",2,1,"CRY",526,1,"SGW"
"Igor Jesus (NFO)",3,1,"WHU",526,1,"SGW"
"Igor Jesus (NFO)",4,0,"ARS",526,1,"SGW"
"Igor Jesus (NFO)",5,1,"BUR",526,1,"SGW"
"Igor Jesus (NFO)",6,1,"SUN",526,1,"SGW"
"Igor Jesus (NFO)",7,1,"NEW",526,1,"SGW"
"Igor Jesus (NFO)",8,1,"CHE",526,1,"SGW"
"Igor Jesus (NFO)",9,1,"BOU",526,1,"SGW"
"Igor Jesus (NFO)",10,5,"MUN",526,1,"SGW"
"Igor Jesus (NFO)",11,1,"LEE",526,1,"SGW"
"Igor Jesus (NFO)",12,2,"LIV",526,1,"SGW"
"Igor Jesus (NFO)",13,2,"BHA",526,1,"SGW"
"Igor Jesus (NFO)",14,9,"WOL",526,1,"SGW"
"Igor Jesus (NFO)",15,2,"EVE",526,1,"SGW"
"Igor Jesus (NFO)",16,2,"TOT",526,1,"SGW"
"Igor Jesus (NFO)",17,2,"FUL",526,1,"SGW"
"Igor Jesus (NFO)",18,5,"MCI",526,1,"SGW"
"Igor Jesus (NFO)",19,2,"EVE",526,1,"SGW"
"Igor Jesus (NFO)",20,2,"AVL",526,1,"SGW"
"Igor Jesus (NFO)",21,2,"WHU",526,1,"SGW"
"Igor Jesus (NFO)",22,2,"ARS",526,1,"SGW"
"Igor Jesus (NFO)",23,9,"BRE",526,1,"SGW"
"Iling Jr (AVL)",1,0,"NEW",51,1,"SGW"
"Iling Jr (AVL)",2,0,"BRE",51,1,"SGW"
"Iling Jr (AVL)",3,0,"CRY",51,1,"SGW"
"Iling Jr (AVL)",4,0,"EVE",51,1,"SGW"
"Iling Jr (AVL)",5,0,"SUN",51,1,"SGW"
"Iling Jr (AVL)",6,0,"FUL",51,1,"SGW"
"Iling Jr (AVL)",7,0,"BUR",51,1,"SGW"
"Iling Jr (AVL)",8,0,"TOT",51,1,"SGW"
"Iling Jr (AVL)",9,0,"MCI",51,1,"SGW"
"Iling Jr (AVL)",10,0,"LIV",51,1,"SGW"
"Iling Jr (AVL)",11,0,"BOU",51,1,"SGW"
"Iling Jr (AVL)",12,0,"LEE",51,1,"SGW"
"Iling Jr (AVL)",13,0,"WOL",51,1,"SGW"
"Iling Jr (AVL)",14,0,"BHA",51,1,"SGW"
"Iling Jr (AVL)",15,0,"ARS",51,1,"SGW"
"Iling Jr (AVL)",16,0,"WHU",51,1,"SGW"
"Iling Jr (AVL)",17,0,"MUN",51,1,"SGW"
"Iling Jr (AVL)",18,0,"CHE",51,1,"SGW"
"Iling Jr (AVL)",19,0,"ARS",51,1,"SGW"
"Iling Jr (AVL)",20,0,"NFO",51,1,"SGW"
"Iling Jr (AVL)",21,0,"CRY",51,1,"SGW"
"Iling Jr (AVL)",22,0,"EVE",51,1,"SGW"
"Iling Jr (AVL)",23,0,"NEW",51,1,"SGW"
"Imray (CRY)",1,NA,NA,798,NA,"BGW"
"Imray (CRY)",2,NA,NA,798,NA,"BGW"
"Imray (CRY)",3,NA,NA,798,NA,"BGW"
"Imray (CRY)",4,NA,NA,798,NA,"BGW"
"Imray (CRY)",5,NA,NA,798,NA,"BGW"
"Imray (CRY)",6,NA,NA,798,NA,"BGW"
"Imray (CRY)",7,NA,NA,798,NA,"BGW"
"Imray (CRY)",8,NA,NA,798,NA,"BGW"
"Imray (CRY)",9,NA,NA,798,NA,"BGW"
"Imray (CRY)",10,NA,NA,798,NA,"BGW"
"Imray (CRY)",11,NA,NA,798,NA,"BGW"
"Imray (CRY)",12,NA,NA,798,NA,"BGW"
"Imray (CRY)",13,NA,NA,798,NA,"BGW"
"Imray (CRY)",14,NA,NA,798,NA,"BGW"
"Imray (CRY)",15,NA,NA,798,NA,"BGW"
"Imray (CRY)",16,NA,NA,798,NA,"BGW"
"Imray (CRY)",17,NA,NA,798,NA,"BGW"
"Imray (CRY)",18,NA,NA,798,NA,"BGW"
"Imray (CRY)",19,NA,NA,798,NA,"BGW"
"Imray (CRY)",20,NA,NA,798,NA,"BGW"
"Imray (CRY)",21,NA,NA,798,NA,"BGW"
"Imray (CRY)",22,0,"SUN",798,1,"SGW"
"Imray (CRY)",23,0,"CHE",798,1,"SGW"
"Iroegbunam (EVE)",1,2,"LEE",304,1,"SGW"
"Iroegbunam (EVE)",2,2,"BHA",304,1,"SGW"
"Iroegbunam (EVE)",3,1,"WOL",304,1,"SGW"
"Iroegbunam (EVE)",4,2,"AVL",304,1,"SGW"
"Iroegbunam (EVE)",5,0,"LIV",304,1,"SGW"
"Iroegbunam (EVE)",6,0,"WHU",304,1,"SGW"
"Iroegbunam (EVE)",7,4,"CRY",304,1,"SGW"
"Iroegbunam (EVE)",8,1,"MCI",304,1,"SGW"
"Iroegbunam (EVE)",9,0,"TOT",304,1,"SGW"
"Iroegbunam (EVE)",10,1,"SUN",304,1,"SGW"
"Iroegbunam (EVE)",11,5,"FUL",304,1,"SGW"
"Iroegbunam (EVE)",12,1,"MUN",304,1,"SGW"
"Iroegbunam (EVE)",13,1,"NEW",304,1,"SGW"
"Iroegbunam (EVE)",14,4,"BOU",304,1,"SGW"
"Iroegbunam (EVE)",15,0,"NFO",304,1,"SGW"
"Iroegbunam (EVE)",16,1,"CHE",304,1,"SGW"
"Iroegbunam (EVE)",17,4,"ARS",304,1,"SGW"
"Iroegbunam (EVE)",18,4,"BUR",304,1,"SGW"
"Iroegbunam (EVE)",19,5,"NFO",304,1,"SGW"
"Iroegbunam (EVE)",20,4,"BRE",304,1,"SGW"
"Iroegbunam (EVE)",21,7,"WOL",304,1,"SGW"
"Iroegbunam (EVE)",22,0,"AVL",304,1,"SGW"
"Iroegbunam (EVE)",23,0,"LEE",304,1,"SGW"
"Irving (WHU)",1,1,"SUN",621,1,"SGW"
"Irving (WHU)",2,0,"CHE",621,1,"SGW"
"Irving (WHU)",3,1,"NFO",621,1,"SGW"
"Irving (WHU)",4,1,"TOT",621,1,"SGW"
"Irving (WHU)",5,0,"CRY",621,1,"SGW"
"Irving (WHU)",6,1,"EVE",621,1,"SGW"
"Irving (WHU)",7,0,"ARS",621,1,"SGW"
"Irving (WHU)",8,2,"BRE",621,1,"SGW"
"Irving (WHU)",9,2,"LEE",621,1,"SGW"
"Irving (WHU)",10,0,"NEW",621,1,"SGW"
"Irving (WHU)",11,0,"BUR",621,1,"SGW"
"Irving (WHU)",12,0,"BOU",621,1,"SGW"
"Irving (WHU)",13,0,"LIV",621,1,"SGW"
"Irving (WHU)",14,1,"MUN",621,1,"SGW"
"Irving (WHU)",15,0,"BHA",621,1,"SGW"
"Irving (WHU)",16,0,"AVL",621,1,"SGW"
"Irving (WHU)",17,0,"MCI",621,1,"SGW"
"Irving (WHU)",18,0,"FUL",621,1,"SGW"
"Irving (WHU)",19,0,"BHA",621,1,"SGW"
"Irving (WHU)",20,0,"WOL",621,1,"SGW"
"Irving (WHU)",21,0,"NFO",621,1,"SGW"
"Irving (WHU)",22,0,"TOT",621,1,"SGW"
"Irving (WHU)",23,0,"SUN",621,1,"SGW"
"Isak (LIV)",1,0,"AVL",499,1,"SGW"
"Isak (LIV)",2,0,"LIV",499,1,"SGW"
"Isak (LIV)",3,0,"LEE",499,1,"SGW"
"Isak (LIV)",4,0,"BUR",499,1,"SGW"
"Isak (LIV)",5,1,"EVE",499,1,"SGW"
"Isak (LIV)",6,2,"CRY",499,1,"SGW"
"Isak (LIV)",7,5,"CHE",499,1,"SGW"
"Isak (LIV)",8,2,"MUN",499,1,"SGW"
"Isak (LIV)",9,0,"BRE",499,1,"SGW"
"Isak (LIV)",10,0,"AVL",499,1,"SGW"
"Isak (LIV)",11,0,"MCI",499,1,"SGW"
"Isak (LIV)",12,2,"NFO",499,1,"SGW"
"Isak (LIV)",13,7,"WHU",499,1,"SGW"
"Isak (LIV)",14,2,"SUN",499,1,"SGW"
"Isak (LIV)",15,1,"LEE",499,1,"SGW"
"Isak (LIV)",16,1,"BHA",499,1,"SGW"
"Isak (LIV)",17,6,"TOT",499,1,"SGW"
"Isak (LIV)",18,0,"WOL",499,1,"SGW"
"Isak (LIV)",19,0,"LEE",499,1,"SGW"
"Isak (LIV)",20,0,"FUL",499,1,"SGW"
"Isak (LIV)",21,0,"ARS",499,1,"SGW"
"Isak (LIV)",22,0,"BUR",499,1,"SGW"
"Isak (LIV)",23,0,"BOU",499,1,"SGW"
"Isidor (SUN)",1,5,"WHU",560,1,"SGW"
"Isidor (SUN)",2,1,"BUR",560,1,"SGW"
"Isidor (SUN)",3,8,"BRE",560,1,"SGW"
"Isidor (SUN)",4,2,"CRY",560,1,"SGW"
"Isidor (SUN)",5,9,"AVL",560,1,"SGW"
"Isidor (SUN)",6,2,"NFO",560,1,"SGW"
"Isidor (SUN)",7,1,"MUN",560,1,"SGW"
"Isidor (SUN)",8,2,"WOL",560,1,"SGW"
"Isidor (SUN)",9,7,"CHE",560,1,"SGW"
"Isidor (SUN)",10,2,"EVE",560,1,"SGW"
"Isidor (SUN)",11,2,"ARS",560,1,"SGW"
"Isidor (SUN)",12,2,"FUL",560,1,"SGW"
"Isidor (SUN)",13,2,"BOU",560,1,"SGW"
"Isidor (SUN)",14,1,"LIV",560,1,"SGW"
"Isidor (SUN)",15,1,"MCI",560,1,"SGW"
"Isidor (SUN)",16,0,"NEW",560,1,"SGW"
"Isidor (SUN)",17,1,"BHA",560,1,"SGW"
"Isidor (SUN)",18,1,"LEE",560,1,"SGW"
"Isidor (SUN)",19,1,"MCI",560,1,"SGW"
"Isidor (SUN)",20,0,"TOT",560,1,"SGW"
"Isidor (SUN)",21,0,"BRE",560,1,"SGW"
"Isidor (SUN)",22,0,"CRY",560,1,"SGW"
"Isidor (SUN)",23,1,"WHU",560,1,"SGW"
"Iwobi (FUL)",1,2,"BHA",324,1,"SGW"
"Iwobi (FUL)",2,7,"MUN",324,1,"SGW"
"Iwobi (FUL)",3,1,"CHE",324,1,"SGW"
"Iwobi (FUL)",4,3,"LEE",324,1,"SGW"
"Iwobi (FUL)",5,13,"BRE",324,1,"SGW"
"Iwobi (FUL)",6,2,"AVL",324,1,"SGW"
"Iwobi (FUL)",7,2,"BOU",324,1,"SGW"
"Iwobi (FUL)",8,4,"ARS",324,1,"SGW"
"Iwobi (FUL)",9,1,"NEW",324,1,"SGW"
"Iwobi (FUL)",10,3,"WOL",324,1,"SGW"
"Iwobi (FUL)",11,2,"EVE",324,1,"SGW"
"Iwobi (FUL)",12,3,"SUN",324,1,"SGW"
"Iwobi (FUL)",13,2,"TOT",324,1,"SGW"
"Iwobi (FUL)",14,7,"MCI",324,1,"SGW"
"Iwobi (FUL)",15,2,"CRY",324,1,"SGW"
"Iwobi (FUL)",16,2,"BUR",324,1,"SGW"
"Iwobi (FUL)",17,0,"NFO",324,1,"SGW"
"Iwobi (FUL)",18,0,"WHU",324,1,"SGW"
"Iwobi (FUL)",19,0,"CRY",324,1,"SGW"
"Iwobi (FUL)",20,0,"LIV",324,1,"SGW"
"Iwobi (FUL)",21,0,"CHE",324,1,"SGW"
"Iwobi (FUL)",22,0,"LEE",324,1,"SGW"
"Iwobi (FUL)",23,2,"BHA",324,1,"SGW"
"J.Araujo (BOU)",1,0,"LIV",78,1,"SGW"
"J.Araujo (BOU)",2,0,"WOL",78,1,"SGW"
"J.Araujo (BOU)",3,0,"TOT",78,1,"SGW"
"J.Araujo (BOU)",4,0,"BHA",78,1,"SGW"
"J.Araujo (BOU)",5,0,"NEW",78,1,"SGW"
"J.Araujo (BOU)",6,0,"LEE",78,1,"SGW"
"J.Araujo (BOU)",7,0,"FUL",78,1,"SGW"
"J.Araujo (BOU)",8,0,"CRY",78,1,"SGW"
"J.Araujo (BOU)",9,0,"NFO",78,1,"SGW"
"J.Araujo (BOU)",10,0,"MCI",78,1,"SGW"
"J.Araujo (BOU)",11,0,"AVL",78,1,"SGW"
"J.Araujo (BOU)",12,0,"WHU",78,1,"SGW"
"J.Araujo (BOU)",13,0,"SUN",78,1,"SGW"
"J.Araujo (BOU)",14,0,"EVE",78,1,"SGW"
"J.Araujo (BOU)",15,0,"CHE",78,1,"SGW"
"J.Araujo (BOU)",16,0,"MUN",78,1,"SGW"
"J.Araujo (BOU)",17,0,"BUR",78,1,"SGW"
"J.Araujo (BOU)",18,0,"BRE",78,1,"SGW"
"J.Araujo (BOU)",19,0,"CHE",78,1,"SGW"
"J.Araujo (BOU)",20,0,"ARS",78,1,"SGW"
"J.Araujo (BOU)",21,0,"TOT",78,1,"SGW"
"J.Araujo (BOU)",22,0,"BHA",78,1,"SGW"
"J.Araujo (BOU)",23,0,"LIV",78,1,"SGW"
"J.Arias (WOL)",1,1,"MCI",663,1,"SGW"
"J.Arias (WOL)",2,1,"BOU",663,1,"SGW"
"J.Arias (WOL)",3,2,"EVE",663,1,"SGW"
"J.Arias (WOL)",4,1,"NEW",663,1,"SGW"
"J.Arias (WOL)",5,1,"LEE",663,1,"SGW"
"J.Arias (WOL)",6,5,"TOT",663,1,"SGW"
"J.Arias (WOL)",7,3,"BHA",663,1,"SGW"
"J.Arias (WOL)",8,2,"SUN",663,1,"SGW"
"J.Arias (WOL)",9,2,"BUR",663,1,"SGW"
"J.Arias (WOL)",10,1,"FUL",663,1,"SGW"
"J.Arias (WOL)",11,0,"CHE",663,1,"SGW"
"J.Arias (WOL)",12,1,"CRY",663,1,"SGW"
"J.Arias (WOL)",13,1,"AVL",663,1,"SGW"
"J.Arias (WOL)",14,2,"NFO",663,1,"SGW"
"J.Arias (WOL)",15,2,"MUN",663,1,"SGW"
"J.Arias (WOL)",16,1,"ARS",663,1,"SGW"
"J.Arias (WOL)",17,1,"BRE",663,1,"SGW"
"J.Arias (WOL)",18,1,"LIV",663,1,"SGW"
"J.Arias (WOL)",19,4,"MUN",663,1,"SGW"
"J.Arias (WOL)",20,9,"WHU",663,1,"SGW"
"J.Arias (WOL)",21,1,"EVE",663,1,"SGW"
"J.Arias (WOL)",22,1,"NEW",663,1,"SGW"
"J.Arias (WOL)",23,1,"MCI",663,1,"SGW"
"J.Cuenca (FUL)",1,2,"BHA",321,1,"SGW"
"J.Cuenca (FUL)",2,0,"MUN",321,1,"SGW"
"J.Cuenca (FUL)",3,0,"CHE",321,1,"SGW"
"J.Cuenca (FUL)",4,0,"LEE",321,1,"SGW"
"J.Cuenca (FUL)",5,1,"BRE",321,1,"SGW"
"J.Cuenca (FUL)",6,0,"AVL",321,1,"SGW"
"J.Cuenca (FUL)",7,0,"BOU",321,1,"SGW"
"J.Cuenca (FUL)",8,4,"ARS",321,1,"SGW"
"J.Cuenca (FUL)",9,0,"NEW",321,1,"SGW"
"J.Cuenca (FUL)",10,0,"WOL",321,1,"SGW"
"J.Cuenca (FUL)",11,0,"EVE",321,1,"SGW"
"J.Cuenca (FUL)",12,0,"SUN",321,1,"SGW"
"J.Cuenca (FUL)",13,0,"TOT",321,1,"SGW"
"J.Cuenca (FUL)",14,0,"MCI",321,1,"SGW"
"J.Cuenca (FUL)",15,0,"CRY",321,1,"SGW"
"J.Cuenca (FUL)",16,0,"BUR",321,1,"SGW"
"J.Cuenca (FUL)",17,5,"NFO",321,1,"SGW"
"J.Cuenca (FUL)",18,9,"WHU",321,1,"SGW"
"J.Cuenca (FUL)",19,3,"CRY",321,1,"SGW"
"J.Cuenca (FUL)",20,3,"LIV",321,1,"SGW"
"J.Cuenca (FUL)",21,0,"CHE",321,1,"SGW"
"J.Cuenca (FUL)",22,3,"LEE",321,1,"SGW"
"J.Cuenca (FUL)",23,4,"BHA",321,1,"SGW"
"J.Fletcher (MUN)",1,0,"ARS",462,1,"SGW"
"J.Fletcher (MUN)",2,0,"FUL",462,1,"SGW"
"J.Fletcher (MUN)",3,0,"BUR",462,1,"SGW"
"J.Fletcher (MUN)",4,0,"MCI",462,1,"SGW"
"J.Fletcher (MUN)",5,0,"CHE",462,1,"SGW"
"J.Fletcher (MUN)",6,0,"BRE",462,1,"SGW"
"J.Fletcher (MUN)",7,0,"SUN",462,1,"SGW"
"J.Fletcher (MUN)",8,0,"LIV",462,1,"SGW"
"J.Fletcher (MUN)",9,0,"BHA",462,1,"SGW"
"J.Fletcher (MUN)",10,0,"NFO",462,1,"SGW"
"J.Fletcher (MUN)",11,0,"TOT",462,1,"SGW"
"J.Fletcher (MUN)",12,0,"EVE",462,1,"SGW"
"J.Fletcher (MUN)",13,0,"CRY",462,1,"SGW"
"J.Fletcher (MUN)",14,0,"WHU",462,1,"SGW"
"J.Fletcher (MUN)",15,0,"WOL",462,1,"SGW"
"J.Fletcher (MUN)",16,0,"BOU",462,1,"SGW"
"J.Fletcher (MUN)",17,1,"AVL",462,1,"SGW"
"J.Fletcher (MUN)",18,1,"NEW",462,1,"SGW"
"J.Fletcher (MUN)",19,1,"WOL",462,1,"SGW"
"J.Fletcher (MUN)",20,0,"LEE",462,1,"SGW"
"J.Fletcher (MUN)",21,0,"BUR",462,1,"SGW"
"J.Fletcher (MUN)",22,0,"MCI",462,1,"SGW"
"J.Fletcher (MUN)",23,0,"ARS",462,1,"SGW"
"J.Murphy (NEW)",1,1,"AVL",489,1,"SGW"
"J.Murphy (NEW)",2,0,"LIV",489,1,"SGW"
"J.Murphy (NEW)",3,3,"LEE",489,1,"SGW"
"J.Murphy (NEW)",4,6,"WOL",489,1,"SGW"
"J.Murphy (NEW)",5,3,"BOU",489,1,"SGW"
"J.Murphy (NEW)",6,3,"ARS",489,1,"SGW"
"J.Murphy (NEW)",7,1,"NFO",489,1,"SGW"
"J.Murphy (NEW)",8,1,"BHA",489,1,"SGW"
"J.Murphy (NEW)",9,8,"FUL",489,1,"SGW"
"J.Murphy (NEW)",10,8,"WHU",489,1,"SGW"
"J.Murphy (NEW)",11,2,"BRE",489,1,"SGW"
"J.Murphy (NEW)",12,2,"MCI",489,1,"SGW"
"J.Murphy (NEW)",13,0,"EVE",489,1,"SGW"
"J.Murphy (NEW)",14,3,"TOT",489,1,"SGW"
"J.Murphy (NEW)",15,0,"BUR",489,1,"SGW"
"J.Murphy (NEW)",16,1,"SUN",489,1,"SGW"
"J.Murphy (NEW)",17,2,"CHE",489,1,"SGW"
"J.Murphy (NEW)",18,2,"MUN",489,1,"SGW"
"J.Murphy (NEW)",19,1,"BUR",489,1,"SGW"
"J.Murphy (NEW)",20,3,"CRY",489,1,"SGW"
"J.Murphy (NEW)",21,1,"LEE",489,1,"SGW"
"J.Murphy (NEW)",22,0,"WOL",489,1,"SGW"
"J.Murphy (NEW)",23,0,"AVL",489,1,"SGW"
"J.Palhinha (TOT)",1,1,"BUR",673,1,"SGW"
"J.Palhinha (TOT)",2,11,"MCI",673,1,"SGW"
"J.Palhinha (TOT)",3,1,"BOU",673,1,"SGW"
"J.Palhinha (TOT)",4,3,"WHU",673,1,"SGW"
"J.Palhinha (TOT)",5,4,"BHA",673,1,"SGW"
"J.Palhinha (TOT)",6,9,"WOL",673,1,"SGW"
"J.Palhinha (TOT)",7,1,"LEE",673,1,"SGW"
"J.Palhinha (TOT)",8,9,"AVL",673,1,"SGW"
"J.Palhinha (TOT)",9,5,"EVE",673,1,"SGW"
"J.Palhinha (TOT)",10,4,"CHE",673,1,"SGW"
"J.Palhinha (TOT)",11,3,"MUN",673,1,"SGW"
"J.Palhinha (TOT)",12,8,"ARS",673,1,"SGW"
"J.Palhinha (TOT)",13,1,"FUL",673,1,"SGW"
"J.Palhinha (TOT)",14,0,"NEW",673,1,"SGW"
"J.Palhinha (TOT)",15,1,"BRE",673,1,"SGW"
"J.Palhinha (TOT)",16,1,"NFO",673,1,"SGW"
"J.Palhinha (TOT)",17,4,"LIV",673,1,"SGW"
"J.Palhinha (TOT)",18,1,"CRY",673,1,"SGW"
"J.Palhinha (TOT)",19,2,"BRE",673,1,"SGW"
"J.Palhinha (TOT)",20,0,"SUN",673,1,"SGW"
"J.Palhinha (TOT)",21,9,"BOU",673,1,"SGW"
"J.Palhinha (TOT)",22,0,"WHU",673,1,"SGW"
"J.Palhinha (TOT)",23,0,"BUR",673,1,"SGW"
"J.Rak-Sakyi (CRY)",1,0,"CHE",278,1,"SGW"
"J.Rak-Sakyi (CRY)",2,0,"NFO",278,1,"SGW"
"J.Rak-Sakyi (CRY)",3,0,"AVL",278,1,"SGW"
"J.Rak-Sakyi (CRY)",4,0,"SUN",278,1,"SGW"
"J.Rak-Sakyi (CRY)",5,0,"WHU",278,1,"SGW"
"J.Rak-Sakyi (CRY)",6,0,"LIV",278,1,"SGW"
"J.Rak-Sakyi (CRY)",7,0,"EVE",278,1,"SGW"
"J.Rak-Sakyi (CRY)",8,0,"BOU",278,1,"SGW"
"J.Rak-Sakyi (CRY)",9,0,"ARS",278,1,"SGW"
"J.Rak-Sakyi (CRY)",10,0,"BRE",278,1,"SGW"
"J.Rak-Sakyi (CRY)",11,0,"BHA",278,1,"SGW"
"J.Rak-Sakyi (CRY)",12,0,"WOL",278,1,"SGW"
"J.Rak-Sakyi (CRY)",13,0,"MUN",278,1,"SGW"
"J.Rak-Sakyi (CRY)",14,0,"BUR",278,1,"SGW"
"J.Rak-Sakyi (CRY)",15,0,"FUL",278,1,"SGW"
"J.Rak-Sakyi (CRY)",16,0,"MCI",278,1,"SGW"
"J.Rak-Sakyi (CRY)",17,0,"LEE",278,1,"SGW"
"J.Rak-Sakyi (CRY)",18,0,"TOT",278,1,"SGW"
"J.Rak-Sakyi (CRY)",19,0,"FUL",278,1,"SGW"
"J.Rak-Sakyi (CRY)",20,0,"NEW",278,1,"SGW"
"J.Rak-Sakyi (CRY)",21,0,"AVL",278,1,"SGW"
"J.Rak-Sakyi (CRY)",22,0,"SUN",278,1,"SGW"
"J.Rak-Sakyi (CRY)",23,0,"CHE",278,1,"SGW"
"J.Ramsey (NEW)",1,0,"NEW",52,1,"SGW"
"J.Ramsey (NEW)",2,1,"LIV",52,1,"SGW"
"J.Ramsey (NEW)",3,1,"LEE",52,1,"SGW"
"J.Ramsey (NEW)",4,0,"WOL",52,1,"SGW"
"J.Ramsey (NEW)",5,0,"BOU",52,1,"SGW"
"J.Ramsey (NEW)",6,0,"ARS",52,1,"SGW"
"J.Ramsey (NEW)",7,0,"NFO",52,1,"SGW"
"J.Ramsey (NEW)",8,1,"BHA",52,1,"SGW"
"J.Ramsey (NEW)",9,0,"FUL",52,1,"SGW"
"J.Ramsey (NEW)",10,0,"WHU",52,1,"SGW"
"J.Ramsey (NEW)",11,2,"BRE",52,1,"SGW"
"J.Ramsey (NEW)",12,0,"MCI",52,1,"SGW"
"J.Ramsey (NEW)",13,1,"EVE",52,1,"SGW"
"J.Ramsey (NEW)",14,0,"TOT",52,1,"SGW"
"J.Ramsey (NEW)",15,1,"BUR",52,1,"SGW"
"J.Ramsey (NEW)",16,0,"SUN",52,1,"SGW"
"J.Ramsey (NEW)",17,2,"CHE",52,1,"SGW"
"J.Ramsey (NEW)",18,2,"MUN",52,1,"SGW"
"J.Ramsey (NEW)",19,1,"BUR",52,1,"SGW"
"J.Ramsey (NEW)",20,1,"CRY",52,1,"SGW"
"J.Ramsey (NEW)",21,1,"LEE",52,1,"SGW"
"J.Ramsey (NEW)",22,0,"WOL",52,1,"SGW"
"J.Ramsey (NEW)",23,1,"AVL",52,1,"SGW"
"J.Timber (ARS)",1,0,"MUN",8,1,"SGW"
"J.Timber (ARS)",2,24,"LEE",8,1,"SGW"
"J.Timber (ARS)",3,2,"LIV",8,1,"SGW"
"J.Timber (ARS)",4,8,"NFO",8,1,"SGW"
"J.Timber (ARS)",5,1,"MCI",8,1,"SGW"
"J.Timber (ARS)",6,2,"NEW",8,1,"SGW"
"J.Timber (ARS)",7,11,"WHU",8,1,"SGW"
"J.Timber (ARS)",8,6,"FUL",8,1,"SGW"
"J.Timber (ARS)",9,6,"CRY",8,1,"SGW"
"J.Timber (ARS)",10,6,"BUR",8,1,"SGW"
"J.Timber (ARS)",11,1,"SUN",8,1,"SGW"
"J.Timber (ARS)",12,5,"TOT",8,1,"SGW"
"J.Timber (ARS)",13,2,"CHE",8,1,"SGW"
"J.Timber (ARS)",14,1,"BRE",8,1,"SGW"
"J.Timber (ARS)",15,3,"AVL",8,1,"SGW"
"J.Timber (ARS)",16,2,"WOL",8,1,"SGW"
"J.Timber (ARS)",17,6,"EVE",8,1,"SGW"
"J.Timber (ARS)",18,0,"BHA",8,1,"SGW"
"J.Timber (ARS)",19,9,"AVL",8,1,"SGW"
"J.Timber (ARS)",20,3,"BOU",8,1,"SGW"
"J.Timber (ARS)",21,6,"LIV",8,1,"SGW"
"J.Timber (ARS)",22,5,"NFO",8,1,"SGW"
"J.Timber (ARS)",23,1,"MUN",8,1,"SGW"
"Jair Cunha (NFO)",1,0,"BRE",510,1,"SGW"
"Jair Cunha (NFO)",2,0,"CRY",510,1,"SGW"
"Jair Cunha (NFO)",3,0,"WHU",510,1,"SGW"
"Jair Cunha (NFO)",4,0,"ARS",510,1,"SGW"
"Jair Cunha (NFO)",5,0,"BUR",510,1,"SGW"
"Jair Cunha (NFO)",6,0,"SUN",510,1,"SGW"
"Jair Cunha (NFO)",7,3,"NEW",510,1,"SGW"
"Jair Cunha (NFO)",8,0,"CHE",510,1,"SGW"
"Jair Cunha (NFO)",9,0,"BOU",510,1,"SGW"
"Jair Cunha (NFO)",10,0,"MUN",510,1,"SGW"
"Jair Cunha (NFO)",11,0,"LEE",510,1,"SGW"
"Jair Cunha (NFO)",12,0,"LIV",510,1,"SGW"
"Jair Cunha (NFO)",13,0,"BHA",510,1,"SGW"
"Jair Cunha (NFO)",14,0,"WOL",510,1,"SGW"
"Jair Cunha (NFO)",15,0,"EVE",510,1,"SGW"
"Jair Cunha (NFO)",16,0,"TOT",510,1,"SGW"
"Jair Cunha (NFO)",17,0,"FUL",510,1,"SGW"
"Jair Cunha (NFO)",18,0,"MCI",510,1,"SGW"
"Jair Cunha (NFO)",19,0,"EVE",510,1,"SGW"
"Jair Cunha (NFO)",20,0,"AVL",510,1,"SGW"
"Jair Cunha (NFO)",21,0,"WHU",510,1,"SGW"
"Jair Cunha (NFO)",22,0,"ARS",510,1,"SGW"
"Jair Cunha (NFO)",23,0,"BRE",510,1,"SGW"
"James (CHE)",1,5,"CRY",225,1,"SGW"
"James (CHE)",2,1,"WHU",225,1,"SGW"
"James (CHE)",3,1,"FUL",225,1,"SGW"
"James (CHE)",4,1,"BRE",225,1,"SGW"
"James (CHE)",5,4,"MUN",225,1,"SGW"
"James (CHE)",6,3,"BHA",225,1,"SGW"
"James (CHE)",7,4,"LIV",225,1,"SGW"
"James (CHE)",8,18,"NFO",225,1,"SGW"
"James (CHE)",9,1,"SUN",225,1,"SGW"
"James (CHE)",10,7,"TOT",225,1,"SGW"
"James (CHE)",11,1,"WOL",225,1,"SGW"
"James (CHE)",12,1,"BUR",225,1,"SGW"
"James (CHE)",13,8,"ARS",225,1,"SGW"
"James (CHE)",14,0,"LEE",225,1,"SGW"
"James (CHE)",15,6,"BOU",225,1,"SGW"
"James (CHE)",16,6,"EVE",225,1,"SGW"
"James (CHE)",17,7,"NEW",225,1,"SGW"
"James (CHE)",18,6,"AVL",225,1,"SGW"
"James (CHE)",19,1,"BOU",225,1,"SGW"
"James (CHE)",20,1,"MCI",225,1,"SGW"
"James (CHE)",21,1,"FUL",225,1,"SGW"
"James (CHE)",22,7,"BRE",225,1,"SGW"
"James (CHE)",23,6,"CRY",225,1,"SGW"
"James (LEE)",1,3,"EVE",353,1,"SGW"
"James (LEE)",2,2,"ARS",353,1,"SGW"
"James (LEE)",3,1,"NEW",353,1,"SGW"
"James (LEE)",4,1,"FUL",353,1,"SGW"
"James (LEE)",5,0,"WOL",353,1,"SGW"
"James (LEE)",6,0,"BOU",353,1,"SGW"
"James (LEE)",7,0,"TOT",353,1,"SGW"
"James (LEE)",8,1,"BUR",353,1,"SGW"
"James (LEE)",9,1,"WHU",353,1,"SGW"
"James (LEE)",10,1,"BHA",353,1,"SGW"
"James (LEE)",11,1,"NFO",353,1,"SGW"
"James (LEE)",12,1,"AVL",353,1,"SGW"
"James (LEE)",13,1,"MCI",353,1,"SGW"
"James (LEE)",14,0,"CHE",353,1,"SGW"
"James (LEE)",15,0,"LIV",353,1,"SGW"
"James (LEE)",16,0,"BRE",353,1,"SGW"
"James (LEE)",17,0,"CRY",353,1,"SGW"
"James (LEE)",18,0,"SUN",353,1,"SGW"
"James (LEE)",19,0,"LIV",353,1,"SGW"
"James (LEE)",20,0,"MUN",353,1,"SGW"
"James (LEE)",21,0,"NEW",353,1,"SGW"
"James (LEE)",22,0,"FUL",353,1,"SGW"
"James (LEE)",23,0,"EVE",353,1,"SGW"
"Janelt (BRE)",1,0,"NFO",125,1,"SGW"
"Janelt (BRE)",2,0,"AVL",125,1,"SGW"
"Janelt (BRE)",3,0,"SUN",125,1,"SGW"
"Janelt (BRE)",4,0,"CHE",125,1,"SGW"
"Janelt (BRE)",5,1,"FUL",125,1,"SGW"
"Janelt (BRE)",6,1,"MUN",125,1,"SGW"
"Janelt (BRE)",7,1,"MCI",125,1,"SGW"
"Janelt (BRE)",8,1,"WHU",125,1,"SGW"
"Janelt (BRE)",9,4,"LIV",125,1,"SGW"
"Janelt (BRE)",10,1,"CRY",125,1,"SGW"
"Janelt (BRE)",11,1,"NEW",125,1,"SGW"
"Janelt (BRE)",12,0,"BHA",125,1,"SGW"
"Janelt (BRE)",13,0,"BUR",125,1,"SGW"
"Janelt (BRE)",14,2,"ARS",125,1,"SGW"
"Janelt (BRE)",15,1,"TOT",125,1,"SGW"
"Janelt (BRE)",16,3,"LEE",125,1,"SGW"
"Janelt (BRE)",17,9,"WOL",125,1,"SGW"
"Janelt (BRE)",18,4,"BOU",125,1,"SGW"
"Janelt (BRE)",19,5,"TOT",125,1,"SGW"
"Janelt (BRE)",20,11,"EVE",125,1,"SGW"
"Janelt (BRE)",21,7,"SUN",125,1,"SGW"
"Janelt (BRE)",22,1,"CHE",125,1,"SGW"
"Janelt (BRE)",23,2,"NFO",125,1,"SGW"
"Jensen (BRE)",1,2,"NFO",126,1,"SGW"
"Jensen (BRE)",2,1,"AVL",126,1,"SGW"
"Jensen (BRE)",3,0,"SUN",126,1,"SGW"
"Jensen (BRE)",4,2,"CHE",126,1,"SGW"
"Jensen (BRE)",5,0,"FUL",126,1,"SGW"
"Jensen (BRE)",6,6,"MUN",126,1,"SGW"
"Jensen (BRE)",7,1,"MCI",126,1,"SGW"
"Jensen (BRE)",8,6,"WHU",126,1,"SGW"
"Jensen (BRE)",9,1,"LIV",126,1,"SGW"
"Jensen (BRE)",10,1,"CRY",126,1,"SGW"
"Jensen (BRE)",11,1,"NEW",126,1,"SGW"
"Jensen (BRE)",12,1,"BHA",126,1,"SGW"
"Jensen (BRE)",13,2,"BUR",126,1,"SGW"
"Jensen (BRE)",14,2,"ARS",126,1,"SGW"
"Jensen (BRE)",15,1,"TOT",126,1,"SGW"
"Jensen (BRE)",16,3,"LEE",126,1,"SGW"
"Jensen (BRE)",17,3,"WOL",126,1,"SGW"
"Jensen (BRE)",18,1,"BOU",126,1,"SGW"
"Jensen (BRE)",19,1,"TOT",126,1,"SGW"
"Jensen (BRE)",20,3,"EVE",126,1,"SGW"
"Jensen (BRE)",21,3,"SUN",126,1,"SGW"
"Jensen (BRE)",22,2,"CHE",126,1,"SGW"
"Jensen (BRE)",23,2,"NFO",126,1,"SGW"
"Jenson Jones (SUN)",1,NA,NA,774,NA,"BGW"
"Jenson Jones (SUN)",2,NA,NA,774,NA,"BGW"
"Jenson Jones (SUN)",3,NA,NA,774,NA,"BGW"
"Jenson Jones (SUN)",4,NA,NA,774,NA,"BGW"
"Jenson Jones (SUN)",5,NA,NA,774,NA,"BGW"
"Jenson Jones (SUN)",6,NA,NA,774,NA,"BGW"
"Jenson Jones (SUN)",7,NA,NA,774,NA,"BGW"
"Jenson Jones (SUN)",8,NA,NA,774,NA,"BGW"
"Jenson Jones (SUN)",9,NA,NA,774,NA,"BGW"
"Jenson Jones (SUN)",10,NA,NA,774,NA,"BGW"
"Jenson Jones (SUN)",11,NA,NA,774,NA,"BGW"
"Jenson Jones (SUN)",12,NA,NA,774,NA,"BGW"
"Jenson Jones (SUN)",13,NA,NA,774,NA,"BGW"
"Jenson Jones (SUN)",14,NA,NA,774,NA,"BGW"
"Jenson Jones (SUN)",15,NA,NA,774,NA,"BGW"
"Jenson Jones (SUN)",16,NA,NA,774,NA,"BGW"
"Jenson Jones (SUN)",17,NA,NA,774,NA,"BGW"
"Jenson Jones (SUN)",18,0,"LEE",774,1,"SGW"
"Jenson Jones (SUN)",19,0,"MCI",774,1,"SGW"
"Jenson Jones (SUN)",20,0,"TOT",774,1,"SGW"
"Jenson Jones (SUN)",21,0,"BRE",774,1,"SGW"
"Jenson Jones (SUN)",22,0,"CRY",774,1,"SGW"
"Jenson Jones (SUN)",23,0,"WHU",774,1,"SGW"
"Ji-soo (BRE)",1,0,"NFO",117,1,"SGW"
"Ji-soo (BRE)",2,0,"AVL",117,1,"SGW"
"Ji-soo (BRE)",3,0,"SUN",117,1,"SGW"
"Ji-soo (BRE)",4,0,"CHE",117,1,"SGW"
"Ji-soo (BRE)",5,0,"FUL",117,1,"SGW"
"Ji-soo (BRE)",6,0,"MUN",117,1,"SGW"
"Ji-soo (BRE)",7,0,"MCI",117,1,"SGW"
"Ji-soo (BRE)",8,0,"WHU",117,1,"SGW"
"Ji-soo (BRE)",9,0,"LIV",117,1,"SGW"
"Ji-soo (BRE)",10,0,"CRY",117,1,"SGW"
"Ji-soo (BRE)",11,0,"NEW",117,1,"SGW"
"Ji-soo (BRE)",12,0,"BHA",117,1,"SGW"
"Ji-soo (BRE)",13,0,"BUR",117,1,"SGW"
"Ji-soo (BRE)",14,0,"ARS",117,1,"SGW"
"Ji-soo (BRE)",15,0,"TOT",117,1,"SGW"
"Ji-soo (BRE)",16,0,"LEE",117,1,"SGW"
"Ji-soo (BRE)",17,0,"WOL",117,1,"SGW"
"Ji-soo (BRE)",18,0,"BOU",117,1,"SGW"
"Ji-soo (BRE)",19,0,"TOT",117,1,"SGW"
"Ji-soo (BRE)",20,0,"EVE",117,1,"SGW"
"Ji-soo (BRE)",21,0,"SUN",117,1,"SGW"
"Ji-soo (BRE)",22,0,"CHE",117,1,"SGW"
"Ji-soo (BRE)",23,0,"NFO",117,1,"SGW"
"Jimoh-Aloba (AVL)",1,0,"NEW",62,1,"SGW"
"Jimoh-Aloba (AVL)",2,0,"BRE",62,1,"SGW"
"Jimoh-Aloba (AVL)",3,0,"CRY",62,1,"SGW"
"Jimoh-Aloba (AVL)",4,0,"EVE",62,1,"SGW"
"Jimoh-Aloba (AVL)",5,0,"SUN",62,1,"SGW"
"Jimoh-Aloba (AVL)",6,0,"FUL",62,1,"SGW"
"Jimoh-Aloba (AVL)",7,0,"BUR",62,1,"SGW"
"Jimoh-Aloba (AVL)",8,0,"TOT",62,1,"SGW"
"Jimoh-Aloba (AVL)",9,0,"MCI",62,1,"SGW"
"Jimoh-Aloba (AVL)",10,0,"LIV",62,1,"SGW"
"Jimoh-Aloba (AVL)",11,0,"BOU",62,1,"SGW"
"Jimoh-Aloba (AVL)",12,0,"LEE",62,1,"SGW"
"Jimoh-Aloba (AVL)",13,0,"WOL",62,1,"SGW"
"Jimoh-Aloba (AVL)",14,0,"BHA",62,1,"SGW"
"Jimoh-Aloba (AVL)",15,0,"ARS",62,1,"SGW"
"Jimoh-Aloba (AVL)",16,0,"WHU",62,1,"SGW"
"Jimoh-Aloba (AVL)",17,0,"MUN",62,1,"SGW"
"Jimoh-Aloba (AVL)",18,0,"CHE",62,1,"SGW"
"Jimoh-Aloba (AVL)",19,1,"ARS",62,1,"SGW"
"Jimoh-Aloba (AVL)",20,0,"NFO",62,1,"SGW"
"Jimoh-Aloba (AVL)",21,0,"CRY",62,1,"SGW"
"Jimoh-Aloba (AVL)",22,0,"EVE",62,1,"SGW"
"Jimoh-Aloba (AVL)",23,0,"NEW",62,1,"SGW"
"João Pedro (CHE)",1,2,"CRY",249,1,"SGW"
"João Pedro (CHE)",2,15,"WHU",249,1,"SGW"
"João Pedro (CHE)",3,9,"FUL",249,1,"SGW"
"João Pedro (CHE)",4,7,"BRE",249,1,"SGW"
"João Pedro (CHE)",5,2,"MUN",249,1,"SGW"
"João Pedro (CHE)",6,2,"BHA",249,1,"SGW"
"João Pedro (CHE)",7,2,"LIV",249,1,"SGW"
"João Pedro (CHE)",8,2,"NFO",249,1,"SGW"
"João Pedro (CHE)",9,2,"SUN",249,1,"SGW"
"João Pedro (CHE)",10,9,"TOT",249,1,"SGW"
"João Pedro (CHE)",11,7,"WOL",249,1,"SGW"
"João Pedro (CHE)",12,1,"BUR",249,1,"SGW"
"João Pedro (CHE)",13,1,"ARS",249,1,"SGW"
"João Pedro (CHE)",14,2,"LEE",249,1,"SGW"
"João Pedro (CHE)",15,1,"BOU",249,1,"SGW"
"João Pedro (CHE)",16,2,"EVE",249,1,"SGW"
"João Pedro (CHE)",17,6,"NEW",249,1,"SGW"
"João Pedro (CHE)",18,8,"AVL",249,1,"SGW"
"João Pedro (CHE)",19,1,"BOU",249,1,"SGW"
"João Pedro (CHE)",20,2,"MCI",249,1,"SGW"
"João Pedro (CHE)",21,1,"FUL",249,1,"SGW"
"João Pedro (CHE)",22,8,"BRE",249,1,"SGW"
"João Pedro (CHE)",23,12,"CRY",249,1,"SGW"
"Jocelin.T (SUN)",1,NA,NA,800,NA,"BGW"
"Jocelin.T (SUN)",2,NA,NA,800,NA,"BGW"
"Jocelin.T (SUN)",3,NA,NA,800,NA,"BGW"
"Jocelin.T (SUN)",4,NA,NA,800,NA,"BGW"
"Jocelin.T (SUN)",5,NA,NA,800,NA,"BGW"
"Jocelin.T (SUN)",6,NA,NA,800,NA,"BGW"
"Jocelin.T (SUN)",7,NA,NA,800,NA,"BGW"
"Jocelin.T (SUN)",8,NA,NA,800,NA,"BGW"
"Jocelin.T (SUN)",9,NA,NA,800,NA,"BGW"
"Jocelin.T (SUN)",10,NA,NA,800,NA,"BGW"
"Jocelin.T (SUN)",11,NA,NA,800,NA,"BGW"
"Jocelin.T (SUN)",12,NA,NA,800,NA,"BGW"
"Jocelin.T (SUN)",13,NA,NA,800,NA,"BGW"
"Jocelin.T (SUN)",14,NA,NA,800,NA,"BGW"
"Jocelin.T (SUN)",15,NA,NA,800,NA,"BGW"
"Jocelin.T (SUN)",16,NA,NA,800,NA,"BGW"
"Jocelin.T (SUN)",17,NA,NA,800,NA,"BGW"
"Jocelin.T (SUN)",18,NA,NA,800,NA,"BGW"
"Jocelin.T (SUN)",19,NA,NA,800,NA,"BGW"
"Jocelin.T (SUN)",20,NA,NA,800,NA,"BGW"
"Jocelin.T (SUN)",21,NA,NA,800,NA,"BGW"
"Jocelin.T (SUN)",22,NA,NA,800,NA,"BGW"
"Jocelin.T (SUN)",23,0,"WHU",800,1,"SGW"
"Joelinton (NEW)",1,2,"AVL",490,1,"SGW"
"Joelinton (NEW)",2,2,"LIV",490,1,"SGW"
"Joelinton (NEW)",3,0,"LEE",490,1,"SGW"
"Joelinton (NEW)",4,3,"WOL",490,1,"SGW"
"Joelinton (NEW)",5,0,"BOU",490,1,"SGW"
"Joelinton (NEW)",6,3,"ARS",490,1,"SGW"
"Joelinton (NEW)",7,3,"NFO",490,1,"SGW"
"Joelinton (NEW)",8,1,"BHA",490,1,"SGW"
"Joelinton (NEW)",9,4,"FUL",490,1,"SGW"
"Joelinton (NEW)",10,2,"WHU",490,1,"SGW"
"Joelinton (NEW)",11,1,"BRE",490,1,"SGW"
"Joelinton (NEW)",12,3,"MCI",490,1,"SGW"
"Joelinton (NEW)",13,2,"EVE",490,1,"SGW"
"Joelinton (NEW)",14,4,"TOT",490,1,"SGW"
"Joelinton (NEW)",15,1,"BUR",490,1,"SGW"
"Joelinton (NEW)",16,0,"SUN",490,1,"SGW"
"Joelinton (NEW)",17,0,"CHE",490,1,"SGW"
"Joelinton (NEW)",18,1,"MUN",490,1,"SGW"
"Joelinton (NEW)",19,8,"BUR",490,1,"SGW"
"Joelinton (NEW)",20,5,"CRY",490,1,"SGW"
"Joelinton (NEW)",21,8,"LEE",490,1,"SGW"
"Joelinton (NEW)",22,3,"WOL",490,1,"SGW"
"Joelinton (NEW)",23,0,"AVL",490,1,"SGW"
"John (NFO)",1,NA,NA,715,NA,"BGW"
"John (NFO)",2,NA,NA,715,NA,"BGW"
"John (NFO)",3,NA,NA,715,NA,"BGW"
"John (NFO)",4,0,"ARS",715,1,"SGW"
"John (NFO)",5,0,"BUR",715,1,"SGW"
"John (NFO)",6,0,"SUN",715,1,"SGW"
"John (NFO)",7,0,"NEW",715,1,"SGW"
"John (NFO)",8,0,"CHE",715,1,"SGW"
"John (NFO)",9,0,"BOU",715,1,"SGW"
"John (NFO)",10,0,"MUN",715,1,"SGW"
"John (NFO)",11,0,"LEE",715,1,"SGW"
"John (NFO)",12,0,"LIV",715,1,"SGW"
"John (NFO)",13,0,"BHA",715,1,"SGW"
"John (NFO)",14,0,"WOL",715,1,"SGW"
"John (NFO)",15,0,"EVE",715,1,"SGW"
"John (NFO)",16,6,"TOT",715,1,"SGW"
"John (NFO)",17,1,"FUL",715,1,"SGW"
"John (NFO)",18,2,"MCI",715,1,"SGW"
"John (NFO)",19,1,"EVE",715,1,"SGW"
"John (NFO)",20,1,"AVL",715,1,"SGW"
"John (NFO)",21,0,"WHU",715,1,"SGW"
"John (NFO)",22,0,"ARS",715,1,"SGW"
"John (NFO)",23,0,"BRE",715,1,"SGW"
"Johnson (CRY)",1,8,"BUR",580,1,"SGW"
"Johnson (CRY)",2,9,"MCI",580,1,"SGW"
"Johnson (CRY)",3,1,"BOU",580,1,"SGW"
"Johnson (CRY)",4,1,"WHU",580,1,"SGW"
"Johnson (CRY)",5,1,"BHA",580,1,"SGW"
"Johnson (CRY)",6,1,"WOL",580,1,"SGW"
"Johnson (CRY)",7,1,"LEE",580,1,"SGW"
"Johnson (CRY)",8,1,"AVL",580,1,"SGW"
"Johnson (CRY)",9,3,"EVE",580,1,"SGW"
"Johnson (CRY)",10,1,"CHE",580,1,"SGW"
"Johnson (CRY)",11,1,"MUN",580,1,"SGW"
"Johnson (CRY)",12,1,"ARS",580,1,"SGW"
"Johnson (CRY)",13,0,"FUL",580,1,"SGW"
"Johnson (CRY)",14,2,"NEW",580,1,"SGW"
"Johnson (CRY)",15,0,"BRE",580,1,"SGW"
"Johnson (CRY)",16,1,"NFO",580,1,"SGW"
"Johnson (CRY)",17,1,"LIV",580,1,"SGW"
"Johnson (CRY)",18,1,"CRY",580,1,"SGW"
"Johnson (CRY)",19,0,"BRE",580,1,"SGW"
"Johnson (CRY)",20,1,"NEW",580,1,"SGW"
"Johnson (CRY)",21,2,"AVL",580,1,"SGW"
"Johnson (CRY)",22,2,"SUN",580,1,"SGW"
"Johnson (CRY)",23,2,"CHE",580,1,"SGW"
"Johnson (SUN)",1,0,"WHU",538,1,"SGW"
"Johnson (SUN)",2,0,"BUR",538,1,"SGW"
"Johnson (SUN)",3,0,"BRE",538,1,"SGW"
"Johnson (SUN)",4,0,"CRY",538,1,"SGW"
"Johnson (SUN)",5,0,"AVL",538,1,"SGW"
"Johnson (SUN)",6,0,"NFO",538,1,"SGW"
"Johnson (SUN)",7,0,"MUN",538,1,"SGW"
"Johnson (SUN)",8,0,"WOL",538,1,"SGW"
"Johnson (SUN)",9,0,"CHE",538,1,"SGW"
"Johnson (SUN)",10,0,"EVE",538,1,"SGW"
"Johnson (SUN)",11,0,"ARS",538,1,"SGW"
"Johnson (SUN)",12,0,"FUL",538,1,"SGW"
"Johnson (SUN)",13,0,"BOU",538,1,"SGW"
"Johnson (SUN)",14,0,"LIV",538,1,"SGW"
"Johnson (SUN)",15,0,"MCI",538,1,"SGW"
"Johnson (SUN)",16,0,"NEW",538,1,"SGW"
"Johnson (SUN)",17,0,"BHA",538,1,"SGW"
"Johnson (SUN)",18,0,"LEE",538,1,"SGW"
"Johnson (SUN)",19,0,"MCI",538,1,"SGW"
"Johnson (SUN)",20,0,"TOT",538,1,"SGW"
"Johnson (SUN)",21,0,"BRE",538,1,"SGW"
"Johnson (SUN)",22,0,"CRY",538,1,"SGW"
"Johnson (SUN)",23,0,"WHU",538,1,"SGW"
"Johnstone (WOL)",1,0,"MCI",627,1,"SGW"
"Johnstone (WOL)",2,0,"BOU",627,1,"SGW"
"Johnstone (WOL)",3,0,"EVE",627,1,"SGW"
"Johnstone (WOL)",4,3,"NEW",627,1,"SGW"
"Johnstone (WOL)",5,0,"LEE",627,1,"SGW"
"Johnstone (WOL)",6,2,"TOT",627,1,"SGW"
"Johnstone (WOL)",7,3,"BHA",627,1,"SGW"
"Johnstone (WOL)",8,1,"SUN",627,1,"SGW"
"Johnstone (WOL)",9,2,"BUR",627,1,"SGW"
"Johnstone (WOL)",10,2,"FUL",627,1,"SGW"
"Johnstone (WOL)",11,2,"CHE",627,1,"SGW"
"Johnstone (WOL)",12,1,"CRY",627,1,"SGW"
"Johnstone (WOL)",13,3,"AVL",627,1,"SGW"
"Johnstone (WOL)",14,2,"NFO",627,1,"SGW"
"Johnstone (WOL)",15,1,"MUN",627,1,"SGW"
"Johnstone (WOL)",16,-1,"ARS",627,1,"SGW"
"Johnstone (WOL)",17,0,"BRE",627,1,"SGW"
"Johnstone (WOL)",18,0,"LIV",627,1,"SGW"
"Johnstone (WOL)",19,0,"MUN",627,1,"SGW"
"Johnstone (WOL)",20,0,"WHU",627,1,"SGW"
"Johnstone (WOL)",21,0,"EVE",627,1,"SGW"
"Johnstone (WOL)",22,0,"NEW",627,1,"SGW"
"Johnstone (WOL)",23,0,"MCI",627,1,"SGW"
"Jordan (BUR)",1,0,"TOT",194,1,"SGW"
"Jordan (BUR)",2,0,"SUN",194,1,"SGW"
"Jordan (BUR)",3,0,"MUN",194,1,"SGW"
"Jordan (BUR)",4,0,"LIV",194,1,"SGW"
"Jordan (BUR)",5,0,"NFO",194,1,"SGW"
"Jordan (BUR)",6,0,"MCI",194,1,"SGW"
"Jordan (BUR)",7,0,"AVL",194,1,"SGW"
"Jordan (BUR)",8,0,"LEE",194,1,"SGW"
"Jordan (BUR)",9,0,"WOL",194,1,"SGW"
"Jordan (BUR)",10,0,"ARS",194,1,"SGW"
"Jordan (BUR)",11,0,"WHU",194,1,"SGW"
"Jordan (BUR)",12,0,"CHE",194,1,"SGW"
"Jordan (BUR)",13,0,"BRE",194,1,"SGW"
"Jordan (BUR)",14,0,"CRY",194,1,"SGW"
"Jordan (BUR)",15,0,"NEW",194,1,"SGW"
"Jordan (BUR)",16,0,"FUL",194,1,"SGW"
"Jordan (BUR)",17,0,"BOU",194,1,"SGW"
"Jordan (BUR)",18,0,"EVE",194,1,"SGW"
"Jordan (BUR)",19,0,"NEW",194,1,"SGW"
"Jordan (BUR)",20,0,"BHA",194,1,"SGW"
"Jordan (BUR)",21,0,"MUN",194,1,"SGW"
"Jordan (BUR)",22,0,"LIV",194,1,"SGW"
"Jordan (BUR)",23,0,"TOT",194,1,"SGW"
"Jörgensen (CHE)",1,0,"CRY",221,1,"SGW"
"Jörgensen (CHE)",2,0,"WHU",221,1,"SGW"
"Jörgensen (CHE)",3,0,"FUL",221,1,"SGW"
"Jörgensen (CHE)",4,0,"BRE",221,1,"SGW"
"Jörgensen (CHE)",5,1,"MUN",221,1,"SGW"
"Jörgensen (CHE)",6,0,"BHA",221,1,"SGW"
"Jörgensen (CHE)",7,0,"LIV",221,1,"SGW"
"Jörgensen (CHE)",8,0,"NFO",221,1,"SGW"
"Jörgensen (CHE)",9,0,"SUN",221,1,"SGW"
"Jörgensen (CHE)",10,0,"TOT",221,1,"SGW"
"Jörgensen (CHE)",11,0,"WOL",221,1,"SGW"
"Jörgensen (CHE)",12,0,"BUR",221,1,"SGW"
"Jörgensen (CHE)",13,0,"ARS",221,1,"SGW"
"Jörgensen (CHE)",14,0,"LEE",221,1,"SGW"
"Jörgensen (CHE)",15,0,"BOU",221,1,"SGW"
"Jörgensen (CHE)",16,0,"EVE",221,1,"SGW"
"Jörgensen (CHE)",17,0,"NEW",221,1,"SGW"
"Jörgensen (CHE)",18,0,"AVL",221,1,"SGW"
"Jörgensen (CHE)",19,0,"BOU",221,1,"SGW"
"Jörgensen (CHE)",20,2,"MCI",221,1,"SGW"
"Jörgensen (CHE)",21,0,"FUL",221,1,"SGW"
"Jörgensen (CHE)",22,0,"BRE",221,1,"SGW"
"Jörgensen (CHE)",23,0,"CRY",221,1,"SGW"
"José Sá (WOL)",1,0,"MCI",628,1,"SGW"
"José Sá (WOL)",2,3,"BOU",628,1,"SGW"
"José Sá (WOL)",3,1,"EVE",628,1,"SGW"
"José Sá (WOL)",4,0,"NEW",628,1,"SGW"
"José Sá (WOL)",5,1,"LEE",628,1,"SGW"
"José Sá (WOL)",6,0,"TOT",628,1,"SGW"
"José Sá (WOL)",7,0,"BHA",628,1,"SGW"
"José Sá (WOL)",8,0,"SUN",628,1,"SGW"
"José Sá (WOL)",9,0,"BUR",628,1,"SGW"
"José Sá (WOL)",10,0,"FUL",628,1,"SGW"
"José Sá (WOL)",11,0,"CHE",628,1,"SGW"
"José Sá (WOL)",12,0,"CRY",628,1,"SGW"
"José Sá (WOL)",13,0,"AVL",628,1,"SGW"
"José Sá (WOL)",14,0,"NFO",628,1,"SGW"
"José Sá (WOL)",15,0,"MUN",628,1,"SGW"
"José Sá (WOL)",16,0,"ARS",628,1,"SGW"
"José Sá (WOL)",17,2,"BRE",628,1,"SGW"
"José Sá (WOL)",18,1,"LIV",628,1,"SGW"
"José Sá (WOL)",19,4,"MUN",628,1,"SGW"
"José Sá (WOL)",20,6,"WHU",628,1,"SGW"
"José Sá (WOL)",21,1,"EVE",628,1,"SGW"
"José Sá (WOL)",22,7,"NEW",628,1,"SGW"
"José Sá (WOL)",23,1,"MCI",628,1,"SGW"
"Jota (NFO)",1,1,"BRE",518,1,"SGW"
"Jota (NFO)",2,0,"CRY",518,1,"SGW"
"Jota (NFO)",3,0,"WHU",518,1,"SGW"
"Jota (NFO)",4,0,"ARS",518,1,"SGW"
"Jota (NFO)",5,0,"BUR",518,1,"SGW"
"Jota (NFO)",6,0,"SUN",518,1,"SGW"
"Jota (NFO)",7,0,"NEW",518,1,"SGW"
"Jota (NFO)",8,0,"CHE",518,1,"SGW"
"Jota (NFO)",9,0,"BOU",518,1,"SGW"
"Jota (NFO)",10,0,"MUN",518,1,"SGW"
"Jota (NFO)",11,0,"LEE",518,1,"SGW"
"Jota (NFO)",12,0,"LIV",518,1,"SGW"
"Jota (NFO)",13,0,"BHA",518,1,"SGW"
"Jota (NFO)",14,0,"WOL",518,1,"SGW"
"Jota (NFO)",15,0,"EVE",518,1,"SGW"
"Jota (NFO)",16,0,"TOT",518,1,"SGW"
"Jota (NFO)",17,0,"FUL",518,1,"SGW"
"Jota (NFO)",18,0,"MCI",518,1,"SGW"
"Jota (NFO)",19,0,"EVE",518,1,"SGW"
"Jota (NFO)",20,0,"AVL",518,1,"SGW"
"Jota (NFO)",21,0,"WHU",518,1,"SGW"
"Jota (NFO)",22,0,"ARS",518,1,"SGW"
"Jota (NFO)",23,0,"BRE",518,1,"SGW"
"Justin (LEE)",1,NA,NA,706,NA,"BGW"
"Justin (LEE)",2,NA,NA,706,NA,"BGW"
"Justin (LEE)",3,1,"NEW",706,1,"SGW"
"Justin (LEE)",4,0,"FUL",706,1,"SGW"
"Justin (LEE)",5,1,"WOL",706,1,"SGW"
"Justin (LEE)",6,0,"BOU",706,1,"SGW"
"Justin (LEE)",7,1,"TOT",706,1,"SGW"
"Justin (LEE)",8,0,"BUR",706,1,"SGW"
"Justin (LEE)",9,0,"WHU",706,1,"SGW"
"Justin (LEE)",10,1,"BHA",706,1,"SGW"
"Justin (LEE)",11,0,"NFO",706,1,"SGW"
"Justin (LEE)",12,0,"AVL",706,1,"SGW"
"Justin (LEE)",13,1,"MCI",706,1,"SGW"
"Justin (LEE)",14,1,"CHE",706,1,"SGW"
"Justin (LEE)",15,0,"LIV",706,1,"SGW"
"Justin (LEE)",16,1,"BRE",706,1,"SGW"
"Justin (LEE)",17,1,"CRY",706,1,"SGW"
"Justin (LEE)",18,0,"SUN",706,1,"SGW"
"Justin (LEE)",19,6,"LIV",706,1,"SGW"
"Justin (LEE)",20,4,"MUN",706,1,"SGW"
"Justin (LEE)",21,0,"NEW",706,1,"SGW"
"Justin (LEE)",22,9,"FUL",706,1,"SGW"
"Justin (LEE)",23,9,"EVE",706,1,"SGW"
"Kabia (ARS)",1,0,"MUN",28,1,"SGW"
"Kabia (ARS)",2,0,"LEE",28,1,"SGW"
"Kabia (ARS)",3,0,"LIV",28,1,"SGW"
"Kabia (ARS)",4,0,"NFO",28,1,"SGW"
"Kabia (ARS)",5,0,"MCI",28,1,"SGW"
"Kabia (ARS)",6,0,"NEW",28,1,"SGW"
"Kabia (ARS)",7,0,"WHU",28,1,"SGW"
"Kabia (ARS)",8,0,"FUL",28,1,"SGW"
"Kabia (ARS)",9,0,"CRY",28,1,"SGW"
"Kabia (ARS)",10,0,"BUR",28,1,"SGW"
"Kabia (ARS)",11,0,"SUN",28,1,"SGW"
"Kabia (ARS)",12,0,"TOT",28,1,"SGW"
"Kabia (ARS)",13,0,"CHE",28,1,"SGW"
"Kabia (ARS)",14,0,"BRE",28,1,"SGW"
"Kabia (ARS)",15,0,"AVL",28,1,"SGW"
"Kabia (ARS)",16,0,"WOL",28,1,"SGW"
"Kabia (ARS)",17,0,"EVE",28,1,"SGW"
"Kabia (ARS)",18,0,"BHA",28,1,"SGW"
"Kabia (ARS)",19,0,"AVL",28,1,"SGW"
"Kabia (ARS)",20,0,"BOU",28,1,"SGW"
"Kabia (ARS)",21,0,"LIV",28,1,"SGW"
"Kabia (ARS)",22,0,"NFO",28,1,"SGW"
"Kabia (ARS)",23,0,"MUN",28,1,"SGW"
"Kacurri (ARS)",1,0,"MUN",14,1,"SGW"
"Kacurri (ARS)",2,0,"LEE",14,1,"SGW"
"Kacurri (ARS)",3,0,"LIV",14,1,"SGW"
"Kacurri (ARS)",4,0,"NFO",14,1,"SGW"
"Kacurri (ARS)",5,0,"MCI",14,1,"SGW"
"Kacurri (ARS)",6,0,"NEW",14,1,"SGW"
"Kacurri (ARS)",7,0,"WHU",14,1,"SGW"
"Kacurri (ARS)",8,0,"FUL",14,1,"SGW"
"Kacurri (ARS)",9,0,"CRY",14,1,"SGW"
"Kacurri (ARS)",10,0,"BUR",14,1,"SGW"
"Kacurri (ARS)",11,0,"SUN",14,1,"SGW"
"Kacurri (ARS)",12,0,"TOT",14,1,"SGW"
"Kacurri (ARS)",13,0,"CHE",14,1,"SGW"
"Kacurri (ARS)",14,0,"BRE",14,1,"SGW"
"Kacurri (ARS)",15,0,"AVL",14,1,"SGW"
"Kacurri (ARS)",16,0,"WOL",14,1,"SGW"
"Kacurri (ARS)",17,0,"EVE",14,1,"SGW"
"Kacurri (ARS)",18,0,"BHA",14,1,"SGW"
"Kacurri (ARS)",19,0,"AVL",14,1,"SGW"
"Kacurri (ARS)",20,0,"BOU",14,1,"SGW"
"Kacurri (ARS)",21,0,"LIV",14,1,"SGW"
"Kacurri (ARS)",22,0,"NFO",14,1,"SGW"
"Kacurri (ARS)",23,0,"MUN",14,1,"SGW"
"Kalajdžić (WOL)",1,0,"MCI",656,1,"SGW"
"Kalajdžić (WOL)",2,0,"BOU",656,1,"SGW"
"Kalajdžić (WOL)",3,1,"EVE",656,1,"SGW"
"Kalajdžić (WOL)",4,0,"NEW",656,1,"SGW"
"Kalajdžić (WOL)",5,0,"LEE",656,1,"SGW"
"Kalajdžić (WOL)",6,0,"TOT",656,1,"SGW"
"Kalajdžić (WOL)",7,0,"BHA",656,1,"SGW"
"Kalajdžić (WOL)",8,0,"SUN",656,1,"SGW"
"Kalajdžić (WOL)",9,0,"BUR",656,1,"SGW"
"Kalajdžić (WOL)",10,0,"FUL",656,1,"SGW"
"Kalajdžić (WOL)",11,0,"CHE",656,1,"SGW"
"Kalajdžić (WOL)",12,0,"CRY",656,1,"SGW"
"Kalajdžić (WOL)",13,0,"AVL",656,1,"SGW"
"Kalajdžić (WOL)",14,0,"NFO",656,1,"SGW"
"Kalajdžić (WOL)",15,0,"MUN",656,1,"SGW"
"Kalajdžić (WOL)",16,0,"ARS",656,1,"SGW"
"Kalajdžić (WOL)",17,0,"BRE",656,1,"SGW"
"Kalajdžić (WOL)",18,0,"LIV",656,1,"SGW"
"Kalajdžić (WOL)",19,0,"MUN",656,1,"SGW"
"Kalajdžić (WOL)",20,0,"WHU",656,1,"SGW"
"Kalajdžić (WOL)",21,0,"EVE",656,1,"SGW"
"Kalajdžić (WOL)",22,0,"NEW",656,1,"SGW"
"Kalajdžić (WOL)",23,0,"MCI",656,1,"SGW"
"Kalimuendo (NFO)",1,NA,NA,696,NA,"BGW"
"Kalimuendo (NFO)",2,1,"CRY",696,1,"SGW"
"Kalimuendo (NFO)",3,1,"WHU",696,1,"SGW"
"Kalimuendo (NFO)",4,1,"ARS",696,1,"SGW"
"Kalimuendo (NFO)",5,1,"BUR",696,1,"SGW"
"Kalimuendo (NFO)",6,1,"SUN",696,1,"SGW"
"Kalimuendo (NFO)",7,0,"NEW",696,1,"SGW"
"Kalimuendo (NFO)",8,0,"CHE",696,1,"SGW"
"Kalimuendo (NFO)",9,1,"BOU",696,1,"SGW"
"Kalimuendo (NFO)",10,0,"MUN",696,1,"SGW"
"Kalimuendo (NFO)",11,0,"LEE",696,1,"SGW"
"Kalimuendo (NFO)",12,0,"LIV",696,1,"SGW"
"Kalimuendo (NFO)",13,1,"BHA",696,1,"SGW"
"Kalimuendo (NFO)",14,0,"WOL",696,1,"SGW"
"Kalimuendo (NFO)",15,0,"EVE",696,1,"SGW"
"Kalimuendo (NFO)",16,0,"TOT",696,1,"SGW"
"Kalimuendo (NFO)",17,1,"FUL",696,1,"SGW"
"Kalimuendo (NFO)",18,0,"MCI",696,1,"SGW"
"Kalimuendo (NFO)",19,0,"EVE",696,1,"SGW"
"Kalimuendo (NFO)",20,1,"AVL",696,1,"SGW"
"Kalimuendo (NFO)",21,0,"WHU",696,1,"SGW"
"Kalimuendo (NFO)",22,0,"ARS",696,1,"SGW"
"Kalimuendo (NFO)",23,0,"BRE",696,1,"SGW"
"Kamada (CRY)",1,0,"CHE",271,1,"SGW"
"Kamada (CRY)",2,0,"NFO",271,1,"SGW"
"Kamada (CRY)",3,6,"AVL",271,1,"SGW"
"Kamada (CRY)",4,3,"SUN",271,1,"SGW"
"Kamada (CRY)",5,2,"WHU",271,1,"SGW"
"Kamada (CRY)",6,5,"LIV",271,1,"SGW"
"Kamada (CRY)",7,4,"EVE",271,1,"SGW"
"Kamada (CRY)",8,2,"BOU",271,1,"SGW"
"Kamada (CRY)",9,2,"ARS",271,1,"SGW"
"Kamada (CRY)",10,5,"BRE",271,1,"SGW"
"Kamada (CRY)",11,3,"BHA",271,1,"SGW"
"Kamada (CRY)",12,3,"WOL",271,1,"SGW"
"Kamada (CRY)",13,4,"MUN",271,1,"SGW"
"Kamada (CRY)",14,3,"BUR",271,1,"SGW"
"Kamada (CRY)",15,2,"FUL",271,1,"SGW"
"Kamada (CRY)",16,1,"MCI",271,1,"SGW"
"Kamada (CRY)",17,0,"LEE",271,1,"SGW"
"Kamada (CRY)",18,0,"TOT",271,1,"SGW"
"Kamada (CRY)",19,0,"FUL",271,1,"SGW"
"Kamada (CRY)",20,0,"NEW",271,1,"SGW"
"Kamada (CRY)",21,0,"AVL",271,1,"SGW"
"Kamada (CRY)",22,0,"SUN",271,1,"SGW"
"Kamada (CRY)",23,0,"CHE",271,1,"SGW"
"Kamara (AVL)",1,2,"NEW",58,1,"SGW"
"Kamara (AVL)",2,1,"BRE",58,1,"SGW"
"Kamara (AVL)",3,0,"CRY",58,1,"SGW"
"Kamara (AVL)",4,0,"EVE",58,1,"SGW"
"Kamara (AVL)",5,6,"SUN",58,1,"SGW"
"Kamara (AVL)",6,1,"FUL",58,1,"SGW"
"Kamara (AVL)",7,5,"BUR",58,1,"SGW"
"Kamara (AVL)",8,2,"TOT",58,1,"SGW"
"Kamara (AVL)",9,2,"MCI",58,1,"SGW"
"Kamara (AVL)",10,2,"LIV",58,1,"SGW"
"Kamara (AVL)",11,2,"BOU",58,1,"SGW"
"Kamara (AVL)",12,4,"LEE",58,1,"SGW"
"Kamara (AVL)",13,11,"WOL",58,1,"SGW"
"Kamara (AVL)",14,2,"BHA",58,1,"SGW"
"Kamara (AVL)",15,10,"ARS",58,1,"SGW"
"Kamara (AVL)",16,1,"WHU",58,1,"SGW"
"Kamara (AVL)",17,2,"MUN",58,1,"SGW"
"Kamara (AVL)",18,1,"CHE",58,1,"SGW"
"Kamara (AVL)",19,0,"ARS",58,1,"SGW"
"Kamara (AVL)",20,4,"NFO",58,1,"SGW"
"Kamara (AVL)",21,3,"CRY",58,1,"SGW"
"Kamara (AVL)",22,0,"EVE",58,1,"SGW"
"Kamara (AVL)",23,0,"NEW",58,1,"SGW"
"Kayode (BRE)",1,1,"NFO",110,1,"SGW"
"Kayode (BRE)",2,10,"AVL",110,1,"SGW"
"Kayode (BRE)",3,1,"SUN",110,1,"SGW"
"Kayode (BRE)",4,2,"CHE",110,1,"SGW"
"Kayode (BRE)",5,1,"FUL",110,1,"SGW"
"Kayode (BRE)",6,2,"MUN",110,1,"SGW"
"Kayode (BRE)",7,2,"MCI",110,1,"SGW"
"Kayode (BRE)",8,9,"WHU",110,1,"SGW"
"Kayode (BRE)",9,1,"LIV",110,1,"SGW"
"Kayode (BRE)",10,1,"CRY",110,1,"SGW"
"Kayode (BRE)",11,4,"NEW",110,1,"SGW"
"Kayode (BRE)",12,1,"BHA",110,1,"SGW"
"Kayode (BRE)",13,2,"BUR",110,1,"SGW"
"Kayode (BRE)",14,1,"ARS",110,1,"SGW"
"Kayode (BRE)",15,0,"TOT",110,1,"SGW"
"Kayode (BRE)",16,5,"LEE",110,1,"SGW"
"Kayode (BRE)",17,5,"WOL",110,1,"SGW"
"Kayode (BRE)",18,3,"BOU",110,1,"SGW"
"Kayode (BRE)",19,6,"TOT",110,1,"SGW"
"Kayode (BRE)",20,0,"EVE",110,1,"SGW"
"Kayode (BRE)",21,6,"SUN",110,1,"SGW"
"Kayode (BRE)",22,1,"CHE",110,1,"SGW"
"Kayode (BRE)",23,1,"NFO",110,1,"SGW"
"Keane (EVE)",1,2,"LEE",295,1,"SGW"
"Keane (EVE)",2,8,"BHA",295,1,"SGW"
"Keane (EVE)",3,3,"WOL",295,1,"SGW"
"Keane (EVE)",4,6,"AVL",295,1,"SGW"
"Keane (EVE)",5,1,"LIV",295,1,"SGW"
"Keane (EVE)",6,11,"WHU",295,1,"SGW"
"Keane (EVE)",7,4,"CRY",295,1,"SGW"
"Keane (EVE)",8,1,"MCI",295,1,"SGW"
"Keane (EVE)",9,1,"TOT",295,1,"SGW"
"Keane (EVE)",10,4,"SUN",295,1,"SGW"
"Keane (EVE)",11,15,"FUL",295,1,"SGW"
"Keane (EVE)",12,9,"MUN",295,1,"SGW"
"Keane (EVE)",13,2,"NEW",295,1,"SGW"
"Keane (EVE)",14,0,"BOU",295,1,"SGW"
"Keane (EVE)",15,9,"NFO",295,1,"SGW"
"Keane (EVE)",16,1,"CHE",295,1,"SGW"
"Keane (EVE)",17,4,"ARS",295,1,"SGW"
"Keane (EVE)",18,10,"BUR",295,1,"SGW"
"Keane (EVE)",19,0,"NFO",295,1,"SGW"
"Keane (EVE)",20,0,"BRE",295,1,"SGW"
"Keane (EVE)",21,5,"WOL",295,1,"SGW"
"Keane (EVE)",22,0,"AVL",295,1,"SGW"
"Keane (EVE)",23,0,"LEE",295,1,"SGW"
"Kelleher (BRE)",1,1,"NFO",101,1,"SGW"
"Kelleher (BRE)",2,5,"AVL",101,1,"SGW"
"Kelleher (BRE)",3,1,"SUN",101,1,"SGW"
"Kelleher (BRE)",4,2,"CHE",101,1,"SGW"
"Kelleher (BRE)",5,1,"FUL",101,1,"SGW"
"Kelleher (BRE)",6,8,"MUN",101,1,"SGW"
"Kelleher (BRE)",7,3,"MCI",101,1,"SGW"
"Kelleher (BRE)",8,6,"WHU",101,1,"SGW"
"Kelleher (BRE)",9,2,"LIV",101,1,"SGW"
"Kelleher (BRE)",10,1,"CRY",101,1,"SGW"
"Kelleher (BRE)",11,2,"NEW",101,1,"SGW"
"Kelleher (BRE)",12,2,"BHA",101,1,"SGW"
"Kelleher (BRE)",13,2,"BUR",101,1,"SGW"
"Kelleher (BRE)",14,2,"ARS",101,1,"SGW"
"Kelleher (BRE)",15,2,"TOT",101,1,"SGW"
"Kelleher (BRE)",16,3,"LEE",101,1,"SGW"
"Kelleher (BRE)",17,13,"WOL",101,1,"SGW"
"Kelleher (BRE)",18,4,"BOU",101,1,"SGW"
"Kelleher (BRE)",19,6,"TOT",101,1,"SGW"
"Kelleher (BRE)",20,2,"EVE",101,1,"SGW"
"Kelleher (BRE)",21,13,"SUN",101,1,"SGW"
"Kelleher (BRE)",22,1,"CHE",101,1,"SGW"
"Kelleher (BRE)",23,1,"NFO",101,1,"SGW"
"Kerkez (LIV)",1,0,"BOU",371,1,"SGW"
"Kerkez (LIV)",2,1,"NEW",371,1,"SGW"
"Kerkez (LIV)",3,6,"ARS",371,1,"SGW"
"Kerkez (LIV)",4,0,"BUR",371,1,"SGW"
"Kerkez (LIV)",5,4,"EVE",371,1,"SGW"
"Kerkez (LIV)",6,1,"CRY",371,1,"SGW"
"Kerkez (LIV)",7,1,"CHE",371,1,"SGW"
"Kerkez (LIV)",8,1,"MUN",371,1,"SGW"
"Kerkez (LIV)",9,6,"BRE",371,1,"SGW"
"Kerkez (LIV)",10,0,"AVL",371,1,"SGW"
"Kerkez (LIV)",11,1,"MCI",371,1,"SGW"
"Kerkez (LIV)",12,1,"NFO",371,1,"SGW"
"Kerkez (LIV)",13,6,"WHU",371,1,"SGW"
"Kerkez (LIV)",14,1,"SUN",371,1,"SGW"
"Kerkez (LIV)",15,1,"LEE",371,1,"SGW"
"Kerkez (LIV)",16,7,"BHA",371,1,"SGW"
"Kerkez (LIV)",17,2,"TOT",371,1,"SGW"
"Kerkez (LIV)",18,2,"WOL",371,1,"SGW"
"Kerkez (LIV)",19,1,"LEE",371,1,"SGW"
"Kerkez (LIV)",20,1,"FUL",371,1,"SGW"
"Kerkez (LIV)",21,9,"ARS",371,1,"SGW"
"Kerkez (LIV)",22,1,"BUR",371,1,"SGW"
"Kerkez (LIV)",23,0,"BOU",371,1,"SGW"
"Kevin (FUL)",1,NA,NA,731,NA,"BGW"
"Kevin (FUL)",2,NA,NA,731,NA,"BGW"
"Kevin (FUL)",3,NA,NA,731,NA,"BGW"
"Kevin (FUL)",4,1,"LEE",731,1,"SGW"
"Kevin (FUL)",5,0,"BRE",731,1,"SGW"
"Kevin (FUL)",6,1,"AVL",731,1,"SGW"
"Kevin (FUL)",7,1,"BOU",731,1,"SGW"
"Kevin (FUL)",8,1,"ARS",731,1,"SGW"
"Kevin (FUL)",9,1,"NEW",731,1,"SGW"
"Kevin (FUL)",10,3,"WOL",731,1,"SGW"
"Kevin (FUL)",11,2,"EVE",731,1,"SGW"
"Kevin (FUL)",12,3,"SUN",731,1,"SGW"
"Kevin (FUL)",13,1,"TOT",731,1,"SGW"
"Kevin (FUL)",14,1,"MCI",731,1,"SGW"
"Kevin (FUL)",15,1,"CRY",731,1,"SGW"
"Kevin (FUL)",16,0,"BUR",731,1,"SGW"
"Kevin (FUL)",17,6,"NFO",731,1,"SGW"
"Kevin (FUL)",18,3,"WHU",731,1,"SGW"
"Kevin (FUL)",19,2,"CRY",731,1,"SGW"
"Kevin (FUL)",20,4,"LIV",731,1,"SGW"
"Kevin (FUL)",21,1,"CHE",731,1,"SGW"
"Kevin (FUL)",22,1,"LEE",731,1,"SGW"
"Kevin (FUL)",23,1,"BHA",731,1,"SGW"
"Khusanov (MCI)",1,1,"WOL",406,1,"SGW"
"Khusanov (MCI)",2,0,"TOT",406,1,"SGW"
"Khusanov (MCI)",3,1,"BHA",406,1,"SGW"
"Khusanov (MCI)",4,8,"MUN",406,1,"SGW"
"Khusanov (MCI)",5,1,"ARS",406,1,"SGW"
"Khusanov (MCI)",6,0,"BUR",406,1,"SGW"
"Khusanov (MCI)",7,0,"BRE",406,1,"SGW"
"Khusanov (MCI)",8,0,"EVE",406,1,"SGW"
"Khusanov (MCI)",9,0,"AVL",406,1,"SGW"
"Khusanov (MCI)",10,0,"BOU",406,1,"SGW"
"Khusanov (MCI)",11,0,"LIV",406,1,"SGW"
"Khusanov (MCI)",12,0,"NEW",406,1,"SGW"
"Khusanov (MCI)",13,0,"LEE",406,1,"SGW"
"Khusanov (MCI)",14,0,"FUL",406,1,"SGW"
"Khusanov (MCI)",15,0,"SUN",406,1,"SGW"
"Khusanov (MCI)",16,0,"CRY",406,1,"SGW"
"Khusanov (MCI)",17,1,"WHU",406,1,"SGW"
"Khusanov (MCI)",18,0,"NFO",406,1,"SGW"
"Khusanov (MCI)",19,0,"SUN",406,1,"SGW"
"Khusanov (MCI)",20,1,"CHE",406,1,"SGW"
"Khusanov (MCI)",21,2,"BHA",406,1,"SGW"
"Khusanov (MCI)",22,3,"MUN",406,1,"SGW"
"Khusanov (MCI)",23,6,"WOL",406,1,"SGW"
"Kilman (WHU)",1,0,"SUN",605,1,"SGW"
"Kilman (WHU)",2,0,"CHE",605,1,"SGW"
"Kilman (WHU)",3,6,"NFO",605,1,"SGW"
"Kilman (WHU)",4,1,"TOT",605,1,"SGW"
"Kilman (WHU)",5,2,"CRY",605,1,"SGW"
"Kilman (WHU)",6,3,"EVE",605,1,"SGW"
"Kilman (WHU)",7,1,"ARS",605,1,"SGW"
"Kilman (WHU)",8,3,"BRE",605,1,"SGW"
"Kilman (WHU)",9,1,"LEE",605,1,"SGW"
"Kilman (WHU)",10,2,"NEW",605,1,"SGW"
"Kilman (WHU)",11,1,"BUR",605,1,"SGW"
"Kilman (WHU)",12,3,"BOU",605,1,"SGW"
"Kilman (WHU)",13,0,"LIV",605,1,"SGW"
"Kilman (WHU)",14,1,"MUN",605,1,"SGW"
"Kilman (WHU)",15,4,"BHA",605,1,"SGW"
"Kilman (WHU)",16,0,"AVL",605,1,"SGW"
"Kilman (WHU)",17,1,"MCI",605,1,"SGW"
"Kilman (WHU)",18,4,"FUL",605,1,"SGW"
"Kilman (WHU)",19,0,"BHA",605,1,"SGW"
"Kilman (WHU)",20,1,"WOL",605,1,"SGW"
"Kilman (WHU)",21,0,"NFO",605,1,"SGW"
"Kilman (WHU)",22,1,"TOT",605,1,"SGW"
"Kilman (WHU)",23,1,"SUN",605,1,"SGW"
"King (CRY)",1,NA,NA,793,NA,"BGW"
"King (CRY)",2,NA,NA,793,NA,"BGW"
"King (CRY)",3,NA,NA,793,NA,"BGW"
"King (CRY)",4,NA,NA,793,NA,"BGW"
"King (CRY)",5,NA,NA,793,NA,"BGW"
"King (CRY)",6,NA,NA,793,NA,"BGW"
"King (CRY)",7,NA,NA,793,NA,"BGW"
"King (CRY)",8,NA,NA,793,NA,"BGW"
"King (CRY)",9,NA,NA,793,NA,"BGW"
"King (CRY)",10,NA,NA,793,NA,"BGW"
"King (CRY)",11,NA,NA,793,NA,"BGW"
"King (CRY)",12,NA,NA,793,NA,"BGW"
"King (CRY)",13,NA,NA,793,NA,"BGW"
"King (CRY)",14,NA,NA,793,NA,"BGW"
"King (CRY)",15,NA,NA,793,NA,"BGW"
"King (CRY)",16,NA,NA,793,NA,"BGW"
"King (CRY)",17,NA,NA,793,NA,"BGW"
"King (CRY)",18,NA,NA,793,NA,"BGW"
"King (CRY)",19,NA,NA,793,NA,"BGW"
"King (CRY)",20,NA,NA,793,NA,"BGW"
"King (CRY)",21,0,"AVL",793,1,"SGW"
"King (CRY)",22,0,"SUN",793,1,"SGW"
"King (CRY)",23,0,"CHE",793,1,"SGW"
"King (EVE)",1,0,"MCI",630,1,"SGW"
"King (EVE)",2,0,"BHA",630,1,"SGW"
"King (EVE)",3,0,"WOL",630,1,"SGW"
"King (EVE)",4,0,"AVL",630,1,"SGW"
"King (EVE)",5,0,"LIV",630,1,"SGW"
"King (EVE)",6,0,"WHU",630,1,"SGW"
"King (EVE)",7,0,"CRY",630,1,"SGW"
"King (EVE)",8,0,"MCI",630,1,"SGW"
"King (EVE)",9,0,"TOT",630,1,"SGW"
"King (EVE)",10,0,"SUN",630,1,"SGW"
"King (EVE)",11,0,"FUL",630,1,"SGW"
"King (EVE)",12,0,"MUN",630,1,"SGW"
"King (EVE)",13,0,"NEW",630,1,"SGW"
"King (EVE)",14,0,"BOU",630,1,"SGW"
"King (EVE)",15,0,"NFO",630,1,"SGW"
"King (EVE)",16,0,"CHE",630,1,"SGW"
"King (EVE)",17,0,"ARS",630,1,"SGW"
"King (EVE)",18,0,"BUR",630,1,"SGW"
"King (EVE)",19,0,"NFO",630,1,"SGW"
"King (EVE)",20,0,"BRE",630,1,"SGW"
"King (EVE)",21,0,"WOL",630,1,"SGW"
"King (EVE)",22,0,"AVL",630,1,"SGW"
"King (EVE)",23,0,"LEE",630,1,"SGW"
"King (FUL)",1,2,"BHA",335,1,"SGW"
"King (FUL)",2,2,"MUN",335,1,"SGW"
"King (FUL)",3,2,"CHE",335,1,"SGW"
"King (FUL)",4,1,"LEE",335,1,"SGW"
"King (FUL)",5,1,"BRE",335,1,"SGW"
"King (FUL)",6,1,"AVL",335,1,"SGW"
"King (FUL)",7,3,"BOU",335,1,"SGW"
"King (FUL)",8,2,"ARS",335,1,"SGW"
"King (FUL)",9,1,"NEW",335,1,"SGW"
"King (FUL)",10,3,"WOL",335,1,"SGW"
"King (FUL)",11,1,"EVE",335,1,"SGW"
"King (FUL)",12,3,"SUN",335,1,"SGW"
"King (FUL)",13,5,"TOT",335,1,"SGW"
"King (FUL)",14,1,"MCI",335,1,"SGW"
"King (FUL)",15,1,"CRY",335,1,"SGW"
"King (FUL)",16,1,"BUR",335,1,"SGW"
"King (FUL)",17,1,"NFO",335,1,"SGW"
"King (FUL)",18,0,"WHU",335,1,"SGW"
"King (FUL)",19,0,"CRY",335,1,"SGW"
"King (FUL)",20,0,"LIV",335,1,"SGW"
"King (FUL)",21,0,"CHE",335,1,"SGW"
"King (FUL)",22,1,"LEE",335,1,"SGW"
"King (FUL)",23,4,"BHA",335,1,"SGW"
"Kinsky (TOT)",1,0,"BUR",567,1,"SGW"
"Kinsky (TOT)",2,0,"MCI",567,1,"SGW"
"Kinsky (TOT)",3,0,"BOU",567,1,"SGW"
"Kinsky (TOT)",4,0,"WHU",567,1,"SGW"
"Kinsky (TOT)",5,0,"BHA",567,1,"SGW"
"Kinsky (TOT)",6,0,"WOL",567,1,"SGW"
"Kinsky (TOT)",7,0,"LEE",567,1,"SGW"
"Kinsky (TOT)",8,0,"AVL",567,1,"SGW"
"Kinsky (TOT)",9,0,"EVE",567,1,"SGW"
"Kinsky (TOT)",10,0,"CHE",567,1,"SGW"
"Kinsky (TOT)",11,0,"MUN",567,1,"SGW"
"Kinsky (TOT)",12,0,"ARS",567,1,"SGW"
"Kinsky (TOT)",13,0,"FUL",567,1,"SGW"
"Kinsky (TOT)",14,0,"NEW",567,1,"SGW"
"Kinsky (TOT)",15,0,"BRE",567,1,"SGW"
"Kinsky (TOT)",16,0,"NFO",567,1,"SGW"
"Kinsky (TOT)",17,0,"LIV",567,1,"SGW"
"Kinsky (TOT)",18,0,"CRY",567,1,"SGW"
"Kinsky (TOT)",19,0,"BRE",567,1,"SGW"
"Kinsky (TOT)",20,0,"SUN",567,1,"SGW"
"Kinsky (TOT)",21,0,"BOU",567,1,"SGW"
"Kinsky (TOT)",22,0,"WHU",567,1,"SGW"
"Kinsky (TOT)",23,0,"BUR",567,1,"SGW"
"Kiwior (ARS)",1,0,"MUN",9,1,"SGW"
"Kiwior (ARS)",2,0,"LEE",9,1,"SGW"
"Kiwior (ARS)",3,0,"LIV",9,1,"SGW"
"Kiwior (ARS)",4,0,"NFO",9,1,"SGW"
"Kiwior (ARS)",5,0,"MCI",9,1,"SGW"
"Kiwior (ARS)",6,0,"NEW",9,1,"SGW"
"Kiwior (ARS)",7,0,"WHU",9,1,"SGW"
"Kiwior (ARS)",8,0,"FUL",9,1,"SGW"
"Kiwior (ARS)",9,0,"CRY",9,1,"SGW"
"Kiwior (ARS)",10,0,"BUR",9,1,"SGW"
"Kiwior (ARS)",11,0,"SUN",9,1,"SGW"
"Kiwior (ARS)",12,0,"TOT",9,1,"SGW"
"Kiwior (ARS)",13,0,"CHE",9,1,"SGW"
"Kiwior (ARS)",14,0,"BRE",9,1,"SGW"
"Kiwior (ARS)",15,0,"AVL",9,1,"SGW"
"Kiwior (ARS)",16,0,"WOL",9,1,"SGW"
"Kiwior (ARS)",17,0,"EVE",9,1,"SGW"
"Kiwior (ARS)",18,0,"BHA",9,1,"SGW"
"Kiwior (ARS)",19,0,"AVL",9,1,"SGW"
"Kiwior (ARS)",20,0,"BOU",9,1,"SGW"
"Kiwior (ARS)",21,0,"LIV",9,1,"SGW"
"Kiwior (ARS)",22,0,"NFO",9,1,"SGW"
"Kiwior (ARS)",23,0,"MUN",9,1,"SGW"
"Kluivert (BOU)",1,0,"LIV",81,1,"SGW"
"Kluivert (BOU)",2,1,"WOL",81,1,"SGW"
"Kluivert (BOU)",3,1,"TOT",81,1,"SGW"
"Kluivert (BOU)",4,1,"BHA",81,1,"SGW"
"Kluivert (BOU)",5,1,"NEW",81,1,"SGW"
"Kluivert (BOU)",6,1,"LEE",81,1,"SGW"
"Kluivert (BOU)",7,7,"FUL",81,1,"SGW"
"Kluivert (BOU)",8,2,"CRY",81,1,"SGW"
"Kluivert (BOU)",9,2,"NFO",81,1,"SGW"
"Kluivert (BOU)",10,0,"MCI",81,1,"SGW"
"Kluivert (BOU)",11,2,"AVL",81,1,"SGW"
"Kluivert (BOU)",12,0,"WHU",81,1,"SGW"
"Kluivert (BOU)",13,1,"SUN",81,1,"SGW"
"Kluivert (BOU)",14,2,"EVE",81,1,"SGW"
"Kluivert (BOU)",15,3,"CHE",81,1,"SGW"
"Kluivert (BOU)",16,2,"MUN",81,1,"SGW"
"Kluivert (BOU)",17,3,"BUR",81,1,"SGW"
"Kluivert (BOU)",18,0,"BRE",81,1,"SGW"
"Kluivert (BOU)",19,9,"CHE",81,1,"SGW"
"Kluivert (BOU)",20,2,"ARS",81,1,"SGW"
"Kluivert (BOU)",21,0,"TOT",81,1,"SGW"
"Kluivert (BOU)",22,0,"BHA",81,1,"SGW"
"Kluivert (BOU)",23,0,"LIV",81,1,"SGW"
"Knight (BHA)",1,0,"FUL",175,1,"SGW"
"Knight (BHA)",2,0,"EVE",175,1,"SGW"
"Knight (BHA)",3,0,"MCI",175,1,"SGW"
"Knight (BHA)",4,0,"BOU",175,1,"SGW"
"Knight (BHA)",5,0,"TOT",175,1,"SGW"
"Knight (BHA)",6,0,"CHE",175,1,"SGW"
"Knight (BHA)",7,0,"WOL",175,1,"SGW"
"Knight (BHA)",8,0,"NEW",175,1,"SGW"
"Knight (BHA)",9,0,"MUN",175,1,"SGW"
"Knight (BHA)",10,1,"LEE",175,1,"SGW"
"Knight (BHA)",11,0,"CRY",175,1,"SGW"
"Knight (BHA)",12,0,"BRE",175,1,"SGW"
"Knight (BHA)",13,0,"NFO",175,1,"SGW"
"Knight (BHA)",14,0,"AVL",175,1,"SGW"
"Knight (BHA)",15,0,"WHU",175,1,"SGW"
"Knight (BHA)",16,0,"LIV",175,1,"SGW"
"Knight (BHA)",17,0,"SUN",175,1,"SGW"
"Knight (BHA)",18,0,"ARS",175,1,"SGW"
"Knight (BHA)",19,0,"WHU",175,1,"SGW"
"Knight (BHA)",20,0,"BUR",175,1,"SGW"
"Knight (BHA)",21,0,"MCI",175,1,"SGW"
"Knight (BHA)",22,0,"BOU",175,1,"SGW"
"Knight (BHA)",23,0,"FUL",175,1,"SGW"
"Koleosho (BUR)",1,0,"TOT",208,1,"SGW"
"Koleosho (BUR)",2,0,"SUN",208,1,"SGW"
"Koleosho (BUR)",3,0,"MUN",208,1,"SGW"
"Koleosho (BUR)",4,0,"LIV",208,1,"SGW"
"Koleosho (BUR)",5,0,"NFO",208,1,"SGW"
"Koleosho (BUR)",6,0,"MCI",208,1,"SGW"
"Koleosho (BUR)",7,0,"AVL",208,1,"SGW"
"Koleosho (BUR)",8,0,"LEE",208,1,"SGW"
"Koleosho (BUR)",9,0,"WOL",208,1,"SGW"
"Koleosho (BUR)",10,0,"ARS",208,1,"SGW"
"Koleosho (BUR)",11,0,"WHU",208,1,"SGW"
"Koleosho (BUR)",12,0,"CHE",208,1,"SGW"
"Koleosho (BUR)",13,0,"BRE",208,1,"SGW"
"Koleosho (BUR)",14,0,"CRY",208,1,"SGW"
"Koleosho (BUR)",15,0,"NEW",208,1,"SGW"
"Koleosho (BUR)",16,0,"FUL",208,1,"SGW"
"Koleosho (BUR)",17,0,"BOU",208,1,"SGW"
"Koleosho (BUR)",18,0,"EVE",208,1,"SGW"
"Koleosho (BUR)",19,0,"NEW",208,1,"SGW"
"Koleosho (BUR)",20,0,"BHA",208,1,"SGW"
"Koleosho (BUR)",21,0,"MUN",208,1,"SGW"
"Koleosho (BUR)",22,0,"LIV",208,1,"SGW"
"Koleosho (BUR)",23,0,"TOT",208,1,"SGW"
"Kolo Muani (TOT)",1,NA,NA,726,NA,"BGW"
"Kolo Muani (TOT)",2,NA,NA,726,NA,"BGW"
"Kolo Muani (TOT)",3,NA,NA,726,NA,"BGW"
"Kolo Muani (TOT)",4,0,"WHU",726,1,"SGW"
"Kolo Muani (TOT)",5,0,"BHA",726,1,"SGW"
"Kolo Muani (TOT)",6,0,"WOL",726,1,"SGW"
"Kolo Muani (TOT)",7,0,"LEE",726,1,"SGW"
"Kolo Muani (TOT)",8,1,"AVL",726,1,"SGW"
"Kolo Muani (TOT)",9,2,"EVE",726,1,"SGW"
"Kolo Muani (TOT)",10,2,"CHE",726,1,"SGW"
"Kolo Muani (TOT)",11,1,"MUN",726,1,"SGW"
"Kolo Muani (TOT)",12,1,"ARS",726,1,"SGW"
"Kolo Muani (TOT)",13,1,"FUL",726,1,"SGW"
"Kolo Muani (TOT)",14,2,"NEW",726,1,"SGW"
"Kolo Muani (TOT)",15,2,"BRE",726,1,"SGW"
"Kolo Muani (TOT)",16,2,"NFO",726,1,"SGW"
"Kolo Muani (TOT)",17,2,"LIV",726,1,"SGW"
"Kolo Muani (TOT)",18,2,"CRY",726,1,"SGW"
"Kolo Muani (TOT)",19,1,"BRE",726,1,"SGW"
"Kolo Muani (TOT)",20,2,"SUN",726,1,"SGW"
"Kolo Muani (TOT)",21,1,"BOU",726,1,"SGW"
"Kolo Muani (TOT)",22,2,"WHU",726,1,"SGW"
"Kolo Muani (TOT)",23,0,"BUR",726,1,"SGW"
"Konak (BRE)",1,0,"NFO",131,1,"SGW"
"Konak (BRE)",2,0,"AVL",131,1,"SGW"
"Konak (BRE)",3,0,"SUN",131,1,"SGW"
"Konak (BRE)",4,0,"CHE",131,1,"SGW"
"Konak (BRE)",5,0,"FUL",131,1,"SGW"
"Konak (BRE)",6,0,"MUN",131,1,"SGW"
"Konak (BRE)",7,0,"MCI",131,1,"SGW"
"Konak (BRE)",8,0,"WHU",131,1,"SGW"
"Konak (BRE)",9,0,"LIV",131,1,"SGW"
"Konak (BRE)",10,0,"CRY",131,1,"SGW"
"Konak (BRE)",11,0,"NEW",131,1,"SGW"
"Konak (BRE)",12,0,"BHA",131,1,"SGW"
"Konak (BRE)",13,0,"BUR",131,1,"SGW"
"Konak (BRE)",14,0,"ARS",131,1,"SGW"
"Konak (BRE)",15,0,"TOT",131,1,"SGW"
"Konak (BRE)",16,0,"LEE",131,1,"SGW"
"Konak (BRE)",17,0,"WOL",131,1,"SGW"
"Konak (BRE)",18,0,"BOU",131,1,"SGW"
"Konak (BRE)",19,0,"TOT",131,1,"SGW"
"Konak (BRE)",20,0,"EVE",131,1,"SGW"
"Konak (BRE)",21,0,"SUN",131,1,"SGW"
"Konak (BRE)",22,0,"CHE",131,1,"SGW"
"Konak (BRE)",23,0,"NFO",131,1,"SGW"
"Konaté (LIV)",1,1,"BOU",374,1,"SGW"
"Konaté (LIV)",2,0,"NEW",374,1,"SGW"
"Konaté (LIV)",3,6,"ARS",374,1,"SGW"
"Konaté (LIV)",4,9,"BUR",374,1,"SGW"
"Konaté (LIV)",5,4,"EVE",374,1,"SGW"
"Konaté (LIV)",6,3,"CRY",374,1,"SGW"
"Konaté (LIV)",7,1,"CHE",374,1,"SGW"
"Konaté (LIV)",8,3,"MUN",374,1,"SGW"
"Konaté (LIV)",9,3,"BRE",374,1,"SGW"
"Konaté (LIV)",10,8,"AVL",374,1,"SGW"
"Konaté (LIV)",11,1,"MCI",374,1,"SGW"
"Konaté (LIV)",12,0,"NFO",374,1,"SGW"
"Konaté (LIV)",13,8,"WHU",374,1,"SGW"
"Konaté (LIV)",14,4,"SUN",374,1,"SGW"
"Konaté (LIV)",15,1,"LEE",374,1,"SGW"
"Konaté (LIV)",16,9,"BHA",374,1,"SGW"
"Konaté (LIV)",17,1,"TOT",374,1,"SGW"
"Konaté (LIV)",18,2,"WOL",374,1,"SGW"
"Konaté (LIV)",19,7,"LEE",374,1,"SGW"
"Konaté (LIV)",20,1,"FUL",374,1,"SGW"
"Konaté (LIV)",21,7,"ARS",374,1,"SGW"
"Konaté (LIV)",22,2,"BUR",374,1,"SGW"
"Konaté (LIV)",23,0,"BOU",374,1,"SGW"
"Kone (MUN)",1,0,"ARS",463,1,"SGW"
"Kone (MUN)",2,0,"FUL",463,1,"SGW"
"Kone (MUN)",3,0,"BUR",463,1,"SGW"
"Kone (MUN)",4,0,"MCI",463,1,"SGW"
"Kone (MUN)",5,0,"CHE",463,1,"SGW"
"Kone (MUN)",6,0,"BRE",463,1,"SGW"
"Kone (MUN)",7,0,"SUN",463,1,"SGW"
"Kone (MUN)",8,0,"LIV",463,1,"SGW"
"Kone (MUN)",9,0,"BHA",463,1,"SGW"
"Kone (MUN)",10,0,"NFO",463,1,"SGW"
"Kone (MUN)",11,0,"TOT",463,1,"SGW"
"Kone (MUN)",12,0,"EVE",463,1,"SGW"
"Kone (MUN)",13,0,"CRY",463,1,"SGW"
"Kone (MUN)",14,0,"WHU",463,1,"SGW"
"Kone (MUN)",15,0,"WOL",463,1,"SGW"
"Kone (MUN)",16,0,"BOU",463,1,"SGW"
"Kone (MUN)",17,0,"AVL",463,1,"SGW"
"Kone (MUN)",18,0,"NEW",463,1,"SGW"
"Kone (MUN)",19,0,"WOL",463,1,"SGW"
"Kone (MUN)",20,0,"LEE",463,1,"SGW"
"Kone (MUN)",21,0,"BUR",463,1,"SGW"
"Kone (MUN)",22,0,"MCI",463,1,"SGW"
"Kone (MUN)",23,0,"ARS",463,1,"SGW"
"Konsa (AVL)",1,3,"NEW",38,1,"SGW"
"Konsa (AVL)",2,0,"BRE",38,1,"SGW"
"Konsa (AVL)",3,1,"CRY",38,1,"SGW"
"Konsa (AVL)",4,6,"EVE",38,1,"SGW"
"Konsa (AVL)",5,2,"SUN",38,1,"SGW"
"Konsa (AVL)",6,2,"FUL",38,1,"SGW"
"Konsa (AVL)",7,2,"BUR",38,1,"SGW"
"Konsa (AVL)",8,2,"TOT",38,1,"SGW"
"Konsa (AVL)",9,8,"MCI",38,1,"SGW"
"Konsa (AVL)",10,1,"LIV",38,1,"SGW"
"Konsa (AVL)",11,6,"BOU",38,1,"SGW"
"Konsa (AVL)",12,2,"LEE",38,1,"SGW"
"Konsa (AVL)",13,8,"WOL",38,1,"SGW"
"Konsa (AVL)",14,1,"BHA",38,1,"SGW"
"Konsa (AVL)",15,2,"ARS",38,1,"SGW"
"Konsa (AVL)",16,1,"WHU",38,1,"SGW"
"Konsa (AVL)",17,2,"MUN",38,1,"SGW"
"Konsa (AVL)",18,4,"CHE",38,1,"SGW"
"Konsa (AVL)",19,0,"ARS",38,1,"SGW"
"Konsa (AVL)",20,2,"NFO",38,1,"SGW"
"Konsa (AVL)",21,7,"CRY",38,1,"SGW"
"Konsa (AVL)",22,2,"EVE",38,1,"SGW"
"Konsa (AVL)",23,6,"NEW",38,1,"SGW"
"Kostoulas (BHA)",1,0,"FUL",181,1,"SGW"
"Kostoulas (BHA)",2,0,"EVE",181,1,"SGW"
"Kostoulas (BHA)",3,0,"MCI",181,1,"SGW"
"Kostoulas (BHA)",4,0,"BOU",181,1,"SGW"
"Kostoulas (BHA)",5,0,"TOT",181,1,"SGW"
"Kostoulas (BHA)",6,0,"CHE",181,1,"SGW"
"Kostoulas (BHA)",7,0,"WOL",181,1,"SGW"
"Kostoulas (BHA)",8,1,"NEW",181,1,"SGW"
"Kostoulas (BHA)",9,5,"MUN",181,1,"SGW"
"Kostoulas (BHA)",10,1,"LEE",181,1,"SGW"
"Kostoulas (BHA)",11,1,"CRY",181,1,"SGW"
"Kostoulas (BHA)",12,0,"BRE",181,1,"SGW"
"Kostoulas (BHA)",13,0,"NFO",181,1,"SGW"
"Kostoulas (BHA)",14,1,"AVL",181,1,"SGW"
"Kostoulas (BHA)",15,1,"WHU",181,1,"SGW"
"Kostoulas (BHA)",16,1,"LIV",181,1,"SGW"
"Kostoulas (BHA)",17,1,"SUN",181,1,"SGW"
"Kostoulas (BHA)",18,1,"ARS",181,1,"SGW"
"Kostoulas (BHA)",19,0,"WHU",181,1,"SGW"
"Kostoulas (BHA)",20,5,"BUR",181,1,"SGW"
"Kostoulas (BHA)",21,0,"MCI",181,1,"SGW"
"Kostoulas (BHA)",22,8,"BOU",181,1,"SGW"
"Kostoulas (BHA)",23,0,"FUL",181,1,"SGW"
"Kovačić (MCI)",1,0,"WOL",422,1,"SGW"
"Kovačić (MCI)",2,0,"TOT",422,1,"SGW"
"Kovačić (MCI)",3,0,"BHA",422,1,"SGW"
"Kovačić (MCI)",4,0,"MUN",422,1,"SGW"
"Kovačić (MCI)",5,0,"ARS",422,1,"SGW"
"Kovačić (MCI)",6,0,"BUR",422,1,"SGW"
"Kovačić (MCI)",7,0,"BRE",422,1,"SGW"
"Kovačić (MCI)",8,1,"EVE",422,1,"SGW"
"Kovačić (MCI)",9,0,"AVL",422,1,"SGW"
"Kovačić (MCI)",10,0,"BOU",422,1,"SGW"
"Kovačić (MCI)",11,0,"LIV",422,1,"SGW"
"Kovačić (MCI)",12,0,"NEW",422,1,"SGW"
"Kovačić (MCI)",13,0,"LEE",422,1,"SGW"
"Kovačić (MCI)",14,0,"FUL",422,1,"SGW"
"Kovačić (MCI)",15,0,"SUN",422,1,"SGW"
"Kovačić (MCI)",16,0,"CRY",422,1,"SGW"
"Kovačić (MCI)",17,0,"WHU",422,1,"SGW"
"Kovačić (MCI)",18,0,"NFO",422,1,"SGW"
"Kovačić (MCI)",19,0,"SUN",422,1,"SGW"
"Kovačić (MCI)",20,0,"CHE",422,1,"SGW"
"Kovačić (MCI)",21,0,"BHA",422,1,"SGW"
"Kovačić (MCI)",22,0,"MUN",422,1,"SGW"
"Kovačić (MCI)",23,0,"WOL",422,1,"SGW"
"Kporha (CRY)",1,0,"CHE",265,1,"SGW"
"Kporha (CRY)",2,0,"NFO",265,1,"SGW"
"Kporha (CRY)",3,0,"AVL",265,1,"SGW"
"Kporha (CRY)",4,0,"SUN",265,1,"SGW"
"Kporha (CRY)",5,0,"WHU",265,1,"SGW"
"Kporha (CRY)",6,0,"LIV",265,1,"SGW"
"Kporha (CRY)",7,0,"EVE",265,1,"SGW"
"Kporha (CRY)",8,0,"BOU",265,1,"SGW"
"Kporha (CRY)",9,0,"ARS",265,1,"SGW"
"Kporha (CRY)",10,0,"BRE",265,1,"SGW"
"Kporha (CRY)",11,0,"BHA",265,1,"SGW"
"Kporha (CRY)",12,0,"WOL",265,1,"SGW"
"Kporha (CRY)",13,0,"MUN",265,1,"SGW"
"Kporha (CRY)",14,0,"BUR",265,1,"SGW"
"Kporha (CRY)",15,0,"FUL",265,1,"SGW"
"Kporha (CRY)",16,0,"MCI",265,1,"SGW"
"Kporha (CRY)",17,0,"LEE",265,1,"SGW"
"Kporha (CRY)",18,0,"TOT",265,1,"SGW"
"Kporha (CRY)",19,0,"FUL",265,1,"SGW"
"Kporha (CRY)",20,0,"NEW",265,1,"SGW"
"Kporha (CRY)",21,0,"AVL",265,1,"SGW"
"Kporha (CRY)",22,0,"SUN",265,1,"SGW"
"Kporha (CRY)",23,0,"CHE",265,1,"SGW"
"Krafth (NEW)",1,0,"AVL",479,1,"SGW"
"Krafth (NEW)",2,0,"LIV",479,1,"SGW"
"Krafth (NEW)",3,0,"LEE",479,1,"SGW"
"Krafth (NEW)",4,0,"WOL",479,1,"SGW"
"Krafth (NEW)",5,0,"BOU",479,1,"SGW"
"Krafth (NEW)",6,0,"ARS",479,1,"SGW"
"Krafth (NEW)",7,0,"NFO",479,1,"SGW"
"Krafth (NEW)",8,0,"BHA",479,1,"SGW"
"Krafth (NEW)",9,0,"FUL",479,1,"SGW"
"Krafth (NEW)",10,0,"WHU",479,1,"SGW"
"Krafth (NEW)",11,0,"BRE",479,1,"SGW"
"Krafth (NEW)",12,0,"MCI",479,1,"SGW"
"Krafth (NEW)",13,0,"EVE",479,1,"SGW"
"Krafth (NEW)",14,0,"TOT",479,1,"SGW"
"Krafth (NEW)",15,0,"BUR",479,1,"SGW"
"Krafth (NEW)",16,0,"SUN",479,1,"SGW"
"Krafth (NEW)",17,0,"CHE",479,1,"SGW"
"Krafth (NEW)",18,0,"MUN",479,1,"SGW"
"Krafth (NEW)",19,0,"BUR",479,1,"SGW"
"Krafth (NEW)",20,0,"CRY",479,1,"SGW"
"Krafth (NEW)",21,0,"LEE",479,1,"SGW"
"Krafth (NEW)",22,0,"WOL",479,1,"SGW"
"Krafth (NEW)",23,0,"AVL",479,1,"SGW"
"Krejčí (WOL)",1,NA,NA,709,NA,"BGW"
"Krejčí (WOL)",2,NA,NA,709,NA,"BGW"
"Krejčí (WOL)",3,0,"EVE",709,1,"SGW"
"Krejčí (WOL)",4,1,"NEW",709,1,"SGW"
"Krejčí (WOL)",5,7,"LEE",709,1,"SGW"
"Krejčí (WOL)",6,2,"TOT",709,1,"SGW"
"Krejčí (WOL)",7,2,"BHA",709,1,"SGW"
"Krejčí (WOL)",8,-1,"SUN",709,1,"SGW"
"Krejčí (WOL)",9,4,"BUR",709,1,"SGW"
"Krejčí (WOL)",10,1,"FUL",709,1,"SGW"
"Krejčí (WOL)",11,1,"CHE",709,1,"SGW"
"Krejčí (WOL)",12,1,"CRY",709,1,"SGW"
"Krejčí (WOL)",13,0,"AVL",709,1,"SGW"
"Krejčí (WOL)",14,0,"NFO",709,1,"SGW"
"Krejčí (WOL)",15,1,"MUN",709,1,"SGW"
"Krejčí (WOL)",16,2,"ARS",709,1,"SGW"
"Krejčí (WOL)",17,1,"BRE",709,1,"SGW"
"Krejčí (WOL)",18,1,"LIV",709,1,"SGW"
"Krejčí (WOL)",19,8,"MUN",709,1,"SGW"
"Krejčí (WOL)",20,6,"WHU",709,1,"SGW"
"Krejčí (WOL)",21,2,"EVE",709,1,"SGW"
"Krejčí (WOL)",22,6,"NEW",709,1,"SGW"
"Krejčí (WOL)",23,1,"MCI",709,1,"SGW"
"Kroupi.Jr (BOU)",1,1,"LIV",100,1,"SGW"
"Kroupi.Jr (BOU)",2,1,"WOL",100,1,"SGW"
"Kroupi.Jr (BOU)",3,1,"TOT",100,1,"SGW"
"Kroupi.Jr (BOU)",4,0,"BHA",100,1,"SGW"
"Kroupi.Jr (BOU)",5,0,"NEW",100,1,"SGW"
"Kroupi.Jr (BOU)",6,6,"LEE",100,1,"SGW"
"Kroupi.Jr (BOU)",7,0,"FUL",100,1,"SGW"
"Kroupi.Jr (BOU)",8,12,"CRY",100,1,"SGW"
"Kroupi.Jr (BOU)",9,6,"NFO",100,1,"SGW"
"Kroupi.Jr (BOU)",10,2,"MCI",100,1,"SGW"
"Kroupi.Jr (BOU)",11,1,"AVL",100,1,"SGW"
"Kroupi.Jr (BOU)",12,2,"WHU",100,1,"SGW"
"Kroupi.Jr (BOU)",13,1,"SUN",100,1,"SGW"
"Kroupi.Jr (BOU)",14,2,"EVE",100,1,"SGW"
"Kroupi.Jr (BOU)",15,0,"CHE",100,1,"SGW"
"Kroupi.Jr (BOU)",16,5,"MUN",100,1,"SGW"
"Kroupi.Jr (BOU)",17,1,"BUR",100,1,"SGW"
"Kroupi.Jr (BOU)",18,1,"BRE",100,1,"SGW"
"Kroupi.Jr (BOU)",19,0,"CHE",100,1,"SGW"
"Kroupi.Jr (BOU)",20,5,"ARS",100,1,"SGW"
"Kroupi.Jr (BOU)",21,7,"TOT",100,1,"SGW"
"Kroupi.Jr (BOU)",22,2,"BHA",100,1,"SGW"
"Kroupi.Jr (BOU)",23,1,"LIV",100,1,"SGW"
"Kudus (TOT)",1,10,"BUR",582,1,"SGW"
"Kudus (TOT)",2,3,"MCI",582,1,"SGW"
"Kudus (TOT)",3,2,"BOU",582,1,"SGW"
"Kudus (TOT)",4,3,"WHU",582,1,"SGW"
"Kudus (TOT)",5,7,"BHA",582,1,"SGW"
"Kudus (TOT)",6,2,"WOL",582,1,"SGW"
"Kudus (TOT)",7,12,"LEE",582,1,"SGW"
"Kudus (TOT)",8,2,"AVL",582,1,"SGW"
"Kudus (TOT)",9,3,"EVE",582,1,"SGW"
"Kudus (TOT)",10,1,"CHE",582,1,"SGW"
"Kudus (TOT)",11,0,"MUN",582,1,"SGW"
"Kudus (TOT)",12,2,"ARS",582,1,"SGW"
"Kudus (TOT)",13,8,"FUL",582,1,"SGW"
"Kudus (TOT)",14,7,"NEW",582,1,"SGW"
"Kudus (TOT)",15,3,"BRE",582,1,"SGW"
"Kudus (TOT)",16,2,"NFO",582,1,"SGW"
"Kudus (TOT)",17,1,"LIV",582,1,"SGW"
"Kudus (TOT)",18,3,"CRY",582,1,"SGW"
"Kudus (TOT)",19,3,"BRE",582,1,"SGW"
"Kudus (TOT)",20,1,"SUN",582,1,"SGW"
"Kudus (TOT)",21,0,"BOU",582,1,"SGW"
"Kudus (TOT)",22,0,"WHU",582,1,"SGW"
"Kudus (TOT)",23,0,"BUR",582,1,"SGW"
"Kukonki (MUN)",1,NA,NA,788,NA,"BGW"
"Kukonki (MUN)",2,NA,NA,788,NA,"BGW"
"Kukonki (MUN)",3,NA,NA,788,NA,"BGW"
"Kukonki (MUN)",4,NA,NA,788,NA,"BGW"
"Kukonki (MUN)",5,NA,NA,788,NA,"BGW"
"Kukonki (MUN)",6,NA,NA,788,NA,"BGW"
"Kukonki (MUN)",7,NA,NA,788,NA,"BGW"
"Kukonki (MUN)",8,NA,NA,788,NA,"BGW"
"Kukonki (MUN)",9,NA,NA,788,NA,"BGW"
"Kukonki (MUN)",10,NA,NA,788,NA,"BGW"
"Kukonki (MUN)",11,NA,NA,788,NA,"BGW"
"Kukonki (MUN)",12,NA,NA,788,NA,"BGW"
"Kukonki (MUN)",13,NA,NA,788,NA,"BGW"
"Kukonki (MUN)",14,NA,NA,788,NA,"BGW"
"Kukonki (MUN)",15,NA,NA,788,NA,"BGW"
"Kukonki (MUN)",16,NA,NA,788,NA,"BGW"
"Kukonki (MUN)",17,NA,NA,788,NA,"BGW"
"Kukonki (MUN)",18,NA,NA,788,NA,"BGW"
"Kukonki (MUN)",19,NA,NA,788,NA,"BGW"
"Kukonki (MUN)",20,0,"LEE",788,1,"SGW"
"Kukonki (MUN)",21,0,"BUR",788,1,"SGW"
"Kukonki (MUN)",22,0,"MCI",788,1,"SGW"
"Kukonki (MUN)",23,0,"ARS",788,1,"SGW"
"Kulusevski (TOT)",1,0,"BUR",583,1,"SGW"
"Kulusevski (TOT)",2,0,"MCI",583,1,"SGW"
"Kulusevski (TOT)",3,0,"BOU",583,1,"SGW"
"Kulusevski (TOT)",4,0,"WHU",583,1,"SGW"
"Kulusevski (TOT)",5,0,"BHA",583,1,"SGW"
"Kulusevski (TOT)",6,0,"WOL",583,1,"SGW"
"Kulusevski (TOT)",7,0,"LEE",583,1,"SGW"
"Kulusevski (TOT)",8,0,"AVL",583,1,"SGW"
"Kulusevski (TOT)",9,0,"EVE",583,1,"SGW"
"Kulusevski (TOT)",10,0,"CHE",583,1,"SGW"
"Kulusevski (TOT)",11,0,"MUN",583,1,"SGW"
"Kulusevski (TOT)",12,0,"ARS",583,1,"SGW"
"Kulusevski (TOT)",13,0,"FUL",583,1,"SGW"
"Kulusevski (TOT)",14,0,"NEW",583,1,"SGW"
"Kulusevski (TOT)",15,0,"BRE",583,1,"SGW"
"Kulusevski (TOT)",16,0,"NFO",583,1,"SGW"
"Kulusevski (TOT)",17,0,"LIV",583,1,"SGW"
"Kulusevski (TOT)",18,0,"CRY",583,1,"SGW"
"Kulusevski (TOT)",19,0,"BRE",583,1,"SGW"
"Kulusevski (TOT)",20,0,"SUN",583,1,"SGW"
"Kulusevski (TOT)",21,0,"BOU",583,1,"SGW"
"Kulusevski (TOT)",22,0,"WHU",583,1,"SGW"
"Kulusevski (TOT)",23,0,"BUR",583,1,"SGW"
"Kuol (NEW)",1,0,"AVL",496,1,"SGW"
"Kuol (NEW)",2,0,"LIV",496,1,"SGW"
"Kuol (NEW)",3,0,"LEE",496,1,"SGW"
"Kuol (NEW)",4,0,"WOL",496,1,"SGW"
"Kuol (NEW)",5,0,"BOU",496,1,"SGW"
"Kuol (NEW)",6,0,"ARS",496,1,"SGW"
"Kuol (NEW)",7,0,"NFO",496,1,"SGW"
"Kuol (NEW)",8,0,"BHA",496,1,"SGW"
"Kuol (NEW)",9,0,"FUL",496,1,"SGW"
"Kuol (NEW)",10,0,"WHU",496,1,"SGW"
"Kuol (NEW)",11,0,"BRE",496,1,"SGW"
"Kuol (NEW)",12,0,"MCI",496,1,"SGW"
"Kuol (NEW)",13,0,"EVE",496,1,"SGW"
"Kuol (NEW)",14,0,"TOT",496,1,"SGW"
"Kuol (NEW)",15,0,"BUR",496,1,"SGW"
"Kuol (NEW)",16,0,"SUN",496,1,"SGW"
"Kuol (NEW)",17,0,"CHE",496,1,"SGW"
"Kuol (NEW)",18,0,"MUN",496,1,"SGW"
"Kuol (NEW)",19,0,"BUR",496,1,"SGW"
"Kuol (NEW)",20,0,"CRY",496,1,"SGW"
"Kuol (NEW)",21,0,"LEE",496,1,"SGW"
"Kuol (NEW)",22,0,"WOL",496,1,"SGW"
"Kuol (NEW)",23,0,"AVL",496,1,"SGW"
"Kusi-Asare (FUL)",1,NA,NA,737,NA,"BGW"
"Kusi-Asare (FUL)",2,NA,NA,737,NA,"BGW"
"Kusi-Asare (FUL)",3,NA,NA,737,NA,"BGW"
"Kusi-Asare (FUL)",4,0,"LEE",737,1,"SGW"
"Kusi-Asare (FUL)",5,0,"BRE",737,1,"SGW"
"Kusi-Asare (FUL)",6,0,"AVL",737,1,"SGW"
"Kusi-Asare (FUL)",7,0,"BOU",737,1,"SGW"
"Kusi-Asare (FUL)",8,0,"ARS",737,1,"SGW"
"Kusi-Asare (FUL)",9,1,"NEW",737,1,"SGW"
"Kusi-Asare (FUL)",10,0,"WOL",737,1,"SGW"
"Kusi-Asare (FUL)",11,0,"EVE",737,1,"SGW"
"Kusi-Asare (FUL)",12,0,"SUN",737,1,"SGW"
"Kusi-Asare (FUL)",13,0,"TOT",737,1,"SGW"
"Kusi-Asare (FUL)",14,1,"MCI",737,1,"SGW"
"Kusi-Asare (FUL)",15,0,"CRY",737,1,"SGW"
"Kusi-Asare (FUL)",16,0,"BUR",737,1,"SGW"
"Kusi-Asare (FUL)",17,1,"NFO",737,1,"SGW"
"Kusi-Asare (FUL)",18,0,"WHU",737,1,"SGW"
"Kusi-Asare (FUL)",19,0,"CRY",737,1,"SGW"
"Kusi-Asare (FUL)",20,1,"LIV",737,1,"SGW"
"Kusi-Asare (FUL)",21,0,"CHE",737,1,"SGW"
"Kusi-Asare (FUL)",22,0,"LEE",737,1,"SGW"
"Kusi-Asare (FUL)",23,0,"BHA",737,1,"SGW"
"L.Guilherme (WHU)",1,0,"SUN",619,1,"SGW"
"L.Guilherme (WHU)",2,0,"CHE",619,1,"SGW"
"L.Guilherme (WHU)",3,0,"NFO",619,1,"SGW"
"L.Guilherme (WHU)",4,1,"TOT",619,1,"SGW"
"L.Guilherme (WHU)",5,1,"CRY",619,1,"SGW"
"L.Guilherme (WHU)",6,1,"EVE",619,1,"SGW"
"L.Guilherme (WHU)",7,0,"ARS",619,1,"SGW"
"L.Guilherme (WHU)",8,0,"BRE",619,1,"SGW"
"L.Guilherme (WHU)",9,0,"LEE",619,1,"SGW"
"L.Guilherme (WHU)",10,0,"NEW",619,1,"SGW"
"L.Guilherme (WHU)",11,0,"BUR",619,1,"SGW"
"L.Guilherme (WHU)",12,1,"BOU",619,1,"SGW"
"L.Guilherme (WHU)",13,1,"LIV",619,1,"SGW"
"L.Guilherme (WHU)",14,0,"MUN",619,1,"SGW"
"L.Guilherme (WHU)",15,0,"BHA",619,1,"SGW"
"L.Guilherme (WHU)",16,0,"AVL",619,1,"SGW"
"L.Guilherme (WHU)",17,0,"MCI",619,1,"SGW"
"L.Guilherme (WHU)",18,0,"FUL",619,1,"SGW"
"L.Guilherme (WHU)",19,0,"BHA",619,1,"SGW"
"L.Guilherme (WHU)",20,0,"WOL",619,1,"SGW"
"L.Guilherme (WHU)",21,0,"NFO",619,1,"SGW"
"L.Guilherme (WHU)",22,0,"TOT",619,1,"SGW"
"L.Guilherme (WHU)",23,0,"SUN",619,1,"SGW"
"L.Miley (NEW)",1,1,"AVL",497,1,"SGW"
"L.Miley (NEW)",2,1,"LIV",497,1,"SGW"
"L.Miley (NEW)",3,1,"LEE",497,1,"SGW"
"L.Miley (NEW)",4,0,"WOL",497,1,"SGW"
"L.Miley (NEW)",5,3,"BOU",497,1,"SGW"
"L.Miley (NEW)",6,0,"ARS",497,1,"SGW"
"L.Miley (NEW)",7,1,"NFO",497,1,"SGW"
"L.Miley (NEW)",8,4,"BHA",497,1,"SGW"
"L.Miley (NEW)",9,2,"FUL",497,1,"SGW"
"L.Miley (NEW)",10,0,"WHU",497,1,"SGW"
"L.Miley (NEW)",11,1,"BRE",497,1,"SGW"
"L.Miley (NEW)",12,0,"MCI",497,1,"SGW"
"L.Miley (NEW)",13,15,"EVE",497,1,"SGW"
"L.Miley (NEW)",14,2,"TOT",497,1,"SGW"
"L.Miley (NEW)",15,1,"BUR",497,1,"SGW"
"L.Miley (NEW)",16,2,"SUN",497,1,"SGW"
"L.Miley (NEW)",17,4,"CHE",497,1,"SGW"
"L.Miley (NEW)",18,2,"MUN",497,1,"SGW"
"L.Miley (NEW)",19,4,"BUR",497,1,"SGW"
"L.Miley (NEW)",20,7,"CRY",497,1,"SGW"
"L.Miley (NEW)",21,4,"LEE",497,1,"SGW"
"L.Miley (NEW)",22,1,"WOL",497,1,"SGW"
"L.Miley (NEW)",23,2,"AVL",497,1,"SGW"
"L.Paquetá (WHU)",1,2,"SUN",612,1,"SGW"
"L.Paquetá (WHU)",2,9,"CHE",612,1,"SGW"
"L.Paquetá (WHU)",3,10,"NFO",612,1,"SGW"
"L.Paquetá (WHU)",4,2,"TOT",612,1,"SGW"
"L.Paquetá (WHU)",5,1,"CRY",612,1,"SGW"
"L.Paquetá (WHU)",6,4,"EVE",612,1,"SGW"
"L.Paquetá (WHU)",7,1,"ARS",612,1,"SGW"
"L.Paquetá (WHU)",8,2,"BRE",612,1,"SGW"
"L.Paquetá (WHU)",9,1,"LEE",612,1,"SGW"
"L.Paquetá (WHU)",10,9,"NEW",612,1,"SGW"
"L.Paquetá (WHU)",11,4,"BUR",612,1,"SGW"
"L.Paquetá (WHU)",12,0,"BOU",612,1,"SGW"
"L.Paquetá (WHU)",13,-1,"LIV",612,1,"SGW"
"L.Paquetá (WHU)",14,0,"MUN",612,1,"SGW"
"L.Paquetá (WHU)",15,3,"BHA",612,1,"SGW"
"L.Paquetá (WHU)",16,2,"AVL",612,1,"SGW"
"L.Paquetá (WHU)",17,2,"MCI",612,1,"SGW"
"L.Paquetá (WHU)",18,3,"FUL",612,1,"SGW"
"L.Paquetá (WHU)",19,13,"BHA",612,1,"SGW"
"L.Paquetá (WHU)",20,0,"WOL",612,1,"SGW"
"L.Paquetá (WHU)",21,2,"NFO",612,1,"SGW"
"L.Paquetá (WHU)",22,0,"TOT",612,1,"SGW"
"L.Paquetá (WHU)",23,0,"SUN",612,1,"SGW"
"Lacey (MUN)",1,NA,NA,755,NA,"BGW"
"Lacey (MUN)",2,NA,NA,755,NA,"BGW"
"Lacey (MUN)",3,NA,NA,755,NA,"BGW"
"Lacey (MUN)",4,NA,NA,755,NA,"BGW"
"Lacey (MUN)",5,NA,NA,755,NA,"BGW"
"Lacey (MUN)",6,NA,NA,755,NA,"BGW"
"Lacey (MUN)",7,NA,NA,755,NA,"BGW"
"Lacey (MUN)",8,NA,NA,755,NA,"BGW"
"Lacey (MUN)",9,NA,NA,755,NA,"BGW"
"Lacey (MUN)",10,NA,NA,755,NA,"BGW"
"Lacey (MUN)",11,NA,NA,755,NA,"BGW"
"Lacey (MUN)",12,0,"EVE",755,1,"SGW"
"Lacey (MUN)",13,0,"CRY",755,1,"SGW"
"Lacey (MUN)",14,0,"WHU",755,1,"SGW"
"Lacey (MUN)",15,0,"WOL",755,1,"SGW"
"Lacey (MUN)",16,0,"BOU",755,1,"SGW"
"Lacey (MUN)",17,1,"AVL",755,1,"SGW"
"Lacey (MUN)",18,0,"NEW",755,1,"SGW"
"Lacey (MUN)",19,0,"WOL",755,1,"SGW"
"Lacey (MUN)",20,0,"LEE",755,1,"SGW"
"Lacey (MUN)",21,1,"BUR",755,1,"SGW"
"Lacey (MUN)",22,0,"MCI",755,1,"SGW"
"Lacey (MUN)",23,0,"ARS",755,1,"SGW"
"Lacroix (CRY)",1,8,"CHE",257,1,"SGW"
"Lacroix (CRY)",2,3,"NFO",257,1,"SGW"
"Lacroix (CRY)",3,11,"AVL",257,1,"SGW"
"Lacroix (CRY)",4,6,"SUN",257,1,"SGW"
"Lacroix (CRY)",5,2,"WHU",257,1,"SGW"
"Lacroix (CRY)",6,4,"LIV",257,1,"SGW"
"Lacroix (CRY)",7,3,"EVE",257,1,"SGW"
"Lacroix (CRY)",8,1,"BOU",257,1,"SGW"
"Lacroix (CRY)",9,4,"ARS",257,1,"SGW"
"Lacroix (CRY)",10,8,"BRE",257,1,"SGW"
"Lacroix (CRY)",11,6,"BHA",257,1,"SGW"
"Lacroix (CRY)",12,11,"WOL",257,1,"SGW"
"Lacroix (CRY)",13,3,"MUN",257,1,"SGW"
"Lacroix (CRY)",14,8,"BUR",257,1,"SGW"
"Lacroix (CRY)",15,2,"FUL",257,1,"SGW"
"Lacroix (CRY)",16,1,"MCI",257,1,"SGW"
"Lacroix (CRY)",17,1,"LEE",257,1,"SGW"
"Lacroix (CRY)",18,3,"TOT",257,1,"SGW"
"Lacroix (CRY)",19,2,"FUL",257,1,"SGW"
"Lacroix (CRY)",20,3,"NEW",257,1,"SGW"
"Lacroix (CRY)",21,8,"AVL",257,1,"SGW"
"Lacroix (CRY)",22,1,"SUN",257,1,"SGW"
"Lacroix (CRY)",23,1,"CHE",257,1,"SGW"
"Lamadrid (WHU)",1,NA,NA,802,NA,"BGW"
"Lamadrid (WHU)",2,NA,NA,802,NA,"BGW"
"Lamadrid (WHU)",3,NA,NA,802,NA,"BGW"
"Lamadrid (WHU)",4,NA,NA,802,NA,"BGW"
"Lamadrid (WHU)",5,NA,NA,802,NA,"BGW"
"Lamadrid (WHU)",6,NA,NA,802,NA,"BGW"
"Lamadrid (WHU)",7,NA,NA,802,NA,"BGW"
"Lamadrid (WHU)",8,NA,NA,802,NA,"BGW"
"Lamadrid (WHU)",9,NA,NA,802,NA,"BGW"
"Lamadrid (WHU)",10,NA,NA,802,NA,"BGW"
"Lamadrid (WHU)",11,NA,NA,802,NA,"BGW"
"Lamadrid (WHU)",12,NA,NA,802,NA,"BGW"
"Lamadrid (WHU)",13,NA,NA,802,NA,"BGW"
"Lamadrid (WHU)",14,NA,NA,802,NA,"BGW"
"Lamadrid (WHU)",15,NA,NA,802,NA,"BGW"
"Lamadrid (WHU)",16,NA,NA,802,NA,"BGW"
"Lamadrid (WHU)",17,NA,NA,802,NA,"BGW"
"Lamadrid (WHU)",18,NA,NA,802,NA,"BGW"
"Lamadrid (WHU)",19,NA,NA,802,NA,"BGW"
"Lamadrid (WHU)",20,NA,NA,802,NA,"BGW"
"Lamadrid (WHU)",21,NA,NA,802,NA,"BGW"
"Lamadrid (WHU)",22,NA,NA,802,NA,"BGW"
"Lamadrid (WHU)",23,0,"SUN",802,1,"SGW"
"Lammens (MUN)",1,NA,NA,733,NA,"BGW"
"Lammens (MUN)",2,NA,NA,733,NA,"BGW"
"Lammens (MUN)",3,NA,NA,733,NA,"BGW"
"Lammens (MUN)",4,0,"MCI",733,1,"SGW"
"Lammens (MUN)",5,0,"CHE",733,1,"SGW"
"Lammens (MUN)",6,0,"BRE",733,1,"SGW"
"Lammens (MUN)",7,9,"SUN",733,1,"SGW"
"Lammens (MUN)",8,3,"LIV",733,1,"SGW"
"Lammens (MUN)",9,2,"BHA",733,1,"SGW"
"Lammens (MUN)",10,1,"NFO",733,1,"SGW"
"Lammens (MUN)",11,1,"TOT",733,1,"SGW"
"Lammens (MUN)",12,2,"EVE",733,1,"SGW"
"Lammens (MUN)",13,2,"CRY",733,1,"SGW"
"Lammens (MUN)",14,2,"WHU",733,1,"SGW"
"Lammens (MUN)",15,2,"WOL",733,1,"SGW"
"Lammens (MUN)",16,1,"BOU",733,1,"SGW"
"Lammens (MUN)",17,1,"AVL",733,1,"SGW"
"Lammens (MUN)",18,9,"NEW",733,1,"SGW"
"Lammens (MUN)",19,3,"WOL",733,1,"SGW"
"Lammens (MUN)",20,2,"LEE",733,1,"SGW"
"Lammens (MUN)",21,1,"BUR",733,1,"SGW"
"Lammens (MUN)",22,6,"MCI",733,1,"SGW"
"Lammens (MUN)",23,2,"ARS",733,1,"SGW"
"Lamptey (BHA)",1,0,"FUL",150,1,"SGW"
"Lamptey (BHA)",2,0,"EVE",150,1,"SGW"
"Lamptey (BHA)",3,0,"MCI",150,1,"SGW"
"Lamptey (BHA)",4,0,"BOU",150,1,"SGW"
"Lamptey (BHA)",5,0,"TOT",150,1,"SGW"
"Lamptey (BHA)",6,0,"CHE",150,1,"SGW"
"Lamptey (BHA)",7,0,"WOL",150,1,"SGW"
"Lamptey (BHA)",8,0,"NEW",150,1,"SGW"
"Lamptey (BHA)",9,0,"MUN",150,1,"SGW"
"Lamptey (BHA)",10,0,"LEE",150,1,"SGW"
"Lamptey (BHA)",11,0,"CRY",150,1,"SGW"
"Lamptey (BHA)",12,0,"BRE",150,1,"SGW"
"Lamptey (BHA)",13,0,"NFO",150,1,"SGW"
"Lamptey (BHA)",14,0,"AVL",150,1,"SGW"
"Lamptey (BHA)",15,0,"WHU",150,1,"SGW"
"Lamptey (BHA)",16,0,"LIV",150,1,"SGW"
"Lamptey (BHA)",17,0,"SUN",150,1,"SGW"
"Lamptey (BHA)",18,0,"ARS",150,1,"SGW"
"Lamptey (BHA)",19,0,"WHU",150,1,"SGW"
"Lamptey (BHA)",20,0,"BUR",150,1,"SGW"
"Lamptey (BHA)",21,0,"MCI",150,1,"SGW"
"Lamptey (BHA)",22,0,"BOU",150,1,"SGW"
"Lamptey (BHA)",23,0,"FUL",150,1,"SGW"
"Lankshear (TOT)",1,0,"BUR",598,1,"SGW"
"Lankshear (TOT)",2,0,"MCI",598,1,"SGW"
"Lankshear (TOT)",3,0,"BOU",598,1,"SGW"
"Lankshear (TOT)",4,0,"WHU",598,1,"SGW"
"Lankshear (TOT)",5,0,"BHA",598,1,"SGW"
"Lankshear (TOT)",6,0,"WOL",598,1,"SGW"
"Lankshear (TOT)",7,0,"LEE",598,1,"SGW"
"Lankshear (TOT)",8,0,"AVL",598,1,"SGW"
"Lankshear (TOT)",9,0,"EVE",598,1,"SGW"
"Lankshear (TOT)",10,0,"CHE",598,1,"SGW"
"Lankshear (TOT)",11,0,"MUN",598,1,"SGW"
"Lankshear (TOT)",12,0,"ARS",598,1,"SGW"
"Lankshear (TOT)",13,0,"FUL",598,1,"SGW"
"Lankshear (TOT)",14,0,"NEW",598,1,"SGW"
"Lankshear (TOT)",15,0,"BRE",598,1,"SGW"
"Lankshear (TOT)",16,0,"NFO",598,1,"SGW"
"Lankshear (TOT)",17,0,"LIV",598,1,"SGW"
"Lankshear (TOT)",18,0,"CRY",598,1,"SGW"
"Lankshear (TOT)",19,0,"BRE",598,1,"SGW"
"Lankshear (TOT)",20,0,"SUN",598,1,"SGW"
"Lankshear (TOT)",21,0,"BOU",598,1,"SGW"
"Lankshear (TOT)",22,0,"WHU",598,1,"SGW"
"Lankshear (TOT)",23,0,"BUR",598,1,"SGW"
"Lascelles (NEW)",1,0,"AVL",480,1,"SGW"
"Lascelles (NEW)",2,0,"LIV",480,1,"SGW"
"Lascelles (NEW)",3,0,"LEE",480,1,"SGW"
"Lascelles (NEW)",4,0,"WOL",480,1,"SGW"
"Lascelles (NEW)",5,1,"BOU",480,1,"SGW"
"Lascelles (NEW)",6,0,"ARS",480,1,"SGW"
"Lascelles (NEW)",7,0,"NFO",480,1,"SGW"
"Lascelles (NEW)",8,0,"BHA",480,1,"SGW"
"Lascelles (NEW)",9,0,"FUL",480,1,"SGW"
"Lascelles (NEW)",10,0,"WHU",480,1,"SGW"
"Lascelles (NEW)",11,0,"BRE",480,1,"SGW"
"Lascelles (NEW)",12,0,"MCI",480,1,"SGW"
"Lascelles (NEW)",13,0,"EVE",480,1,"SGW"
"Lascelles (NEW)",14,0,"TOT",480,1,"SGW"
"Lascelles (NEW)",15,0,"BUR",480,1,"SGW"
"Lascelles (NEW)",16,0,"SUN",480,1,"SGW"
"Lascelles (NEW)",17,0,"CHE",480,1,"SGW"
"Lascelles (NEW)",18,0,"MUN",480,1,"SGW"
"Lascelles (NEW)",19,0,"BUR",480,1,"SGW"
"Lascelles (NEW)",20,0,"CRY",480,1,"SGW"
"Lascelles (NEW)",21,0,"LEE",480,1,"SGW"
"Lascelles (NEW)",22,0,"WOL",480,1,"SGW"
"Lascelles (NEW)",23,0,"AVL",480,1,"SGW"
"Laurent (BUR)",1,2,"TOT",209,1,"SGW"
"Laurent (BUR)",2,1,"SUN",209,1,"SGW"
"Laurent (BUR)",3,0,"MUN",209,1,"SGW"
"Laurent (BUR)",4,2,"LIV",209,1,"SGW"
"Laurent (BUR)",5,2,"NFO",209,1,"SGW"
"Laurent (BUR)",6,2,"MCI",209,1,"SGW"
"Laurent (BUR)",7,2,"AVL",209,1,"SGW"
"Laurent (BUR)",8,1,"LEE",209,1,"SGW"
"Laurent (BUR)",9,1,"WOL",209,1,"SGW"
"Laurent (BUR)",10,2,"ARS",209,1,"SGW"
"Laurent (BUR)",11,0,"WHU",209,1,"SGW"
"Laurent (BUR)",12,1,"CHE",209,1,"SGW"
"Laurent (BUR)",13,1,"BRE",209,1,"SGW"
"Laurent (BUR)",14,0,"CRY",209,1,"SGW"
"Laurent (BUR)",15,0,"NEW",209,1,"SGW"
"Laurent (BUR)",16,0,"FUL",209,1,"SGW"
"Laurent (BUR)",17,4,"BOU",209,1,"SGW"
"Laurent (BUR)",18,5,"EVE",209,1,"SGW"
"Laurent (BUR)",19,10,"NEW",209,1,"SGW"
"Laurent (BUR)",20,1,"BHA",209,1,"SGW"
"Laurent (BUR)",21,4,"MUN",209,1,"SGW"
"Laurent (BUR)",22,1,"LIV",209,1,"SGW"
"Laurent (BUR)",23,0,"TOT",209,1,"SGW"
"Lavia (CHE)",1,0,"CRY",244,1,"SGW"
"Lavia (CHE)",2,0,"WHU",244,1,"SGW"
"Lavia (CHE)",3,0,"FUL",244,1,"SGW"
"Lavia (CHE)",4,0,"BRE",244,1,"SGW"
"Lavia (CHE)",5,0,"MUN",244,1,"SGW"
"Lavia (CHE)",6,1,"BHA",244,1,"SGW"
"Lavia (CHE)",7,1,"LIV",244,1,"SGW"
"Lavia (CHE)",8,1,"NFO",244,1,"SGW"
"Lavia (CHE)",9,0,"SUN",244,1,"SGW"
"Lavia (CHE)",10,1,"TOT",244,1,"SGW"
"Lavia (CHE)",11,0,"WOL",244,1,"SGW"
"Lavia (CHE)",12,0,"BUR",244,1,"SGW"
"Lavia (CHE)",13,0,"ARS",244,1,"SGW"
"Lavia (CHE)",14,0,"LEE",244,1,"SGW"
"Lavia (CHE)",15,0,"BOU",244,1,"SGW"
"Lavia (CHE)",16,0,"EVE",244,1,"SGW"
"Lavia (CHE)",17,0,"NEW",244,1,"SGW"
"Lavia (CHE)",18,0,"AVL",244,1,"SGW"
"Lavia (CHE)",19,0,"BOU",244,1,"SGW"
"Lavia (CHE)",20,0,"MCI",244,1,"SGW"
"Lavia (CHE)",21,0,"FUL",244,1,"SGW"
"Lavia (CHE)",22,0,"BRE",244,1,"SGW"
"Lavia (CHE)",23,0,"CRY",244,1,"SGW"
"Lecomte (FUL)",1,0,"BHA",664,1,"SGW"
"Lecomte (FUL)",2,0,"MUN",664,1,"SGW"
"Lecomte (FUL)",3,0,"CHE",664,1,"SGW"
"Lecomte (FUL)",4,0,"LEE",664,1,"SGW"
"Lecomte (FUL)",5,0,"BRE",664,1,"SGW"
"Lecomte (FUL)",6,0,"AVL",664,1,"SGW"
"Lecomte (FUL)",7,0,"BOU",664,1,"SGW"
"Lecomte (FUL)",8,0,"ARS",664,1,"SGW"
"Lecomte (FUL)",9,0,"NEW",664,1,"SGW"
"Lecomte (FUL)",10,0,"WOL",664,1,"SGW"
"Lecomte (FUL)",11,0,"EVE",664,1,"SGW"
"Lecomte (FUL)",12,0,"SUN",664,1,"SGW"
"Lecomte (FUL)",13,0,"TOT",664,1,"SGW"
"Lecomte (FUL)",14,0,"MCI",664,1,"SGW"
"Lecomte (FUL)",15,0,"CRY",664,1,"SGW"
"Lecomte (FUL)",16,0,"BUR",664,1,"SGW"
"Lecomte (FUL)",17,0,"NFO",664,1,"SGW"
"Lecomte (FUL)",18,0,"WHU",664,1,"SGW"
"Lecomte (FUL)",19,0,"CRY",664,1,"SGW"
"Lecomte (FUL)",20,0,"LIV",664,1,"SGW"
"Lecomte (FUL)",21,0,"CHE",664,1,"SGW"
"Lecomte (FUL)",22,0,"LEE",664,1,"SGW"
"Lecomte (FUL)",23,0,"BHA",664,1,"SGW"
"Leno (FUL)",1,3,"BHA",314,1,"SGW"
"Leno (FUL)",2,3,"MUN",314,1,"SGW"
"Leno (FUL)",3,2,"CHE",314,1,"SGW"
"Leno (FUL)",4,8,"LEE",314,1,"SGW"
"Leno (FUL)",5,1,"BRE",314,1,"SGW"
"Leno (FUL)",6,1,"AVL",314,1,"SGW"
"Leno (FUL)",7,2,"BOU",314,1,"SGW"
"Leno (FUL)",8,3,"ARS",314,1,"SGW"
"Leno (FUL)",9,2,"NEW",314,1,"SGW"
"Leno (FUL)",10,7,"WOL",314,1,"SGW"
"Leno (FUL)",11,2,"EVE",314,1,"SGW"
"Leno (FUL)",12,5,"SUN",314,1,"SGW"
"Leno (FUL)",13,1,"TOT",314,1,"SGW"
"Leno (FUL)",14,0,"MCI",314,1,"SGW"
"Leno (FUL)",15,2,"CRY",314,1,"SGW"
"Leno (FUL)",16,3,"BUR",314,1,"SGW"
"Leno (FUL)",17,7,"NFO",314,1,"SGW"
"Leno (FUL)",18,6,"WHU",314,1,"SGW"
"Leno (FUL)",19,2,"CRY",314,1,"SGW"
"Leno (FUL)",20,1,"LIV",314,1,"SGW"
"Leno (FUL)",21,3,"CHE",314,1,"SGW"
"Leno (FUL)",22,3,"LEE",314,1,"SGW"
"Leno (FUL)",23,3,"BHA",314,1,"SGW"
"Leon Routh (AVL)",1,NA,NA,768,NA,"BGW"
"Leon Routh (AVL)",2,NA,NA,768,NA,"BGW"
"Leon Routh (AVL)",3,NA,NA,768,NA,"BGW"
"Leon Routh (AVL)",4,NA,NA,768,NA,"BGW"
"Leon Routh (AVL)",5,NA,NA,768,NA,"BGW"
"Leon Routh (AVL)",6,NA,NA,768,NA,"BGW"
"Leon Routh (AVL)",7,NA,NA,768,NA,"BGW"
"Leon Routh (AVL)",8,NA,NA,768,NA,"BGW"
"Leon Routh (AVL)",9,NA,NA,768,NA,"BGW"
"Leon Routh (AVL)",10,NA,NA,768,NA,"BGW"
"Leon Routh (AVL)",11,NA,NA,768,NA,"BGW"
"Leon Routh (AVL)",12,NA,NA,768,NA,"BGW"
"Leon Routh (AVL)",13,NA,NA,768,NA,"BGW"
"Leon Routh (AVL)",14,NA,NA,768,NA,"BGW"
"Leon Routh (AVL)",15,NA,NA,768,NA,"BGW"
"Leon Routh (AVL)",16,NA,NA,768,NA,"BGW"
"Leon Routh (AVL)",17,0,"MUN",768,1,"SGW"
"Leon Routh (AVL)",18,0,"CHE",768,1,"SGW"
"Leon Routh (AVL)",19,0,"ARS",768,1,"SGW"
"Leon Routh (AVL)",20,0,"NFO",768,1,"SGW"
"Leon Routh (AVL)",21,0,"CRY",768,1,"SGW"
"Leon Routh (AVL)",22,0,"EVE",768,1,"SGW"
"Leon Routh (AVL)",23,0,"NEW",768,1,"SGW"
"Leoni (LIV)",1,NA,NA,692,NA,"BGW"
"Leoni (LIV)",2,0,"NEW",692,1,"SGW"
"Leoni (LIV)",3,0,"ARS",692,1,"SGW"
"Leoni (LIV)",4,0,"BUR",692,1,"SGW"
"Leoni (LIV)",5,0,"EVE",692,1,"SGW"
"Leoni (LIV)",6,0,"CRY",692,1,"SGW"
"Leoni (LIV)",7,0,"CHE",692,1,"SGW"
"Leoni (LIV)",8,0,"MUN",692,1,"SGW"
"Leoni (LIV)",9,0,"BRE",692,1,"SGW"
"Leoni (LIV)",10,0,"AVL",692,1,"SGW"
"Leoni (LIV)",11,0,"MCI",692,1,"SGW"
"Leoni (LIV)",12,0,"NFO",692,1,"SGW"
"Leoni (LIV)",13,0,"WHU",692,1,"SGW"
"Leoni (LIV)",14,0,"SUN",692,1,"SGW"
"Leoni (LIV)",15,0,"LEE",692,1,"SGW"
"Leoni (LIV)",16,0,"BHA",692,1,"SGW"
"Leoni (LIV)",17,0,"TOT",692,1,"SGW"
"Leoni (LIV)",18,0,"WOL",692,1,"SGW"
"Leoni (LIV)",19,0,"LEE",692,1,"SGW"
"Leoni (LIV)",20,0,"FUL",692,1,"SGW"
"Leoni (LIV)",21,0,"ARS",692,1,"SGW"
"Leoni (LIV)",22,0,"BUR",692,1,"SGW"
"Leoni (LIV)",23,0,"BOU",692,1,"SGW"
"Lerma (CRY)",1,1,"CHE",272,1,"SGW"
"Lerma (CRY)",2,1,"NFO",272,1,"SGW"
"Lerma (CRY)",3,1,"AVL",272,1,"SGW"
"Lerma (CRY)",4,3,"SUN",272,1,"SGW"
"Lerma (CRY)",5,0,"WHU",272,1,"SGW"
"Lerma (CRY)",6,1,"LIV",272,1,"SGW"
"Lerma (CRY)",7,1,"EVE",272,1,"SGW"
"Lerma (CRY)",8,0,"BOU",272,1,"SGW"
"Lerma (CRY)",9,1,"ARS",272,1,"SGW"
"Lerma (CRY)",10,10,"BRE",272,1,"SGW"
"Lerma (CRY)",11,2,"BHA",272,1,"SGW"
"Lerma (CRY)",12,1,"WOL",272,1,"SGW"
"Lerma (CRY)",13,0,"MUN",272,1,"SGW"
"Lerma (CRY)",14,5,"BUR",272,1,"SGW"
"Lerma (CRY)",15,1,"FUL",272,1,"SGW"
"Lerma (CRY)",16,0,"MCI",272,1,"SGW"
"Lerma (CRY)",17,1,"LEE",272,1,"SGW"
"Lerma (CRY)",18,1,"TOT",272,1,"SGW"
"Lerma (CRY)",19,2,"FUL",272,1,"SGW"
"Lerma (CRY)",20,1,"NEW",272,1,"SGW"
"Lerma (CRY)",21,0,"AVL",272,1,"SGW"
"Lerma (CRY)",22,2,"SUN",272,1,"SGW"
"Lerma (CRY)",23,1,"CHE",272,1,"SGW"
"Lewis (MCI)",1,11,"WOL",410,1,"SGW"
"Lewis (MCI)",2,1,"TOT",410,1,"SGW"
"Lewis (MCI)",3,1,"BHA",410,1,"SGW"
"Lewis (MCI)",4,0,"MUN",410,1,"SGW"
"Lewis (MCI)",5,0,"ARS",410,1,"SGW"
"Lewis (MCI)",6,1,"BUR",410,1,"SGW"
"Lewis (MCI)",7,0,"BRE",410,1,"SGW"
"Lewis (MCI)",8,1,"EVE",410,1,"SGW"
"Lewis (MCI)",9,0,"AVL",410,1,"SGW"
"Lewis (MCI)",10,0,"BOU",410,1,"SGW"
"Lewis (MCI)",11,0,"LIV",410,1,"SGW"
"Lewis (MCI)",12,0,"NEW",410,1,"SGW"
"Lewis (MCI)",13,0,"LEE",410,1,"SGW"
"Lewis (MCI)",14,0,"FUL",410,1,"SGW"
"Lewis (MCI)",15,1,"SUN",410,1,"SGW"
"Lewis (MCI)",16,1,"CRY",410,1,"SGW"
"Lewis (MCI)",17,1,"WHU",410,1,"SGW"
"Lewis (MCI)",18,0,"NFO",410,1,"SGW"
"Lewis (MCI)",19,0,"SUN",410,1,"SGW"
"Lewis (MCI)",20,0,"CHE",410,1,"SGW"
"Lewis (MCI)",21,1,"BHA",410,1,"SGW"
"Lewis (MCI)",22,0,"MUN",410,1,"SGW"
"Lewis (MCI)",23,0,"WOL",410,1,"SGW"
"Lewis-Potter (BRE)",1,1,"NFO",107,1,"SGW"
"Lewis-Potter (BRE)",2,6,"AVL",107,1,"SGW"
"Lewis-Potter (BRE)",3,6,"SUN",107,1,"SGW"
"Lewis-Potter (BRE)",4,1,"CHE",107,1,"SGW"
"Lewis-Potter (BRE)",5,1,"FUL",107,1,"SGW"
"Lewis-Potter (BRE)",6,1,"MUN",107,1,"SGW"
"Lewis-Potter (BRE)",7,0,"MCI",107,1,"SGW"
"Lewis-Potter (BRE)",8,4,"WHU",107,1,"SGW"
"Lewis-Potter (BRE)",9,0,"LIV",107,1,"SGW"
"Lewis-Potter (BRE)",10,1,"CRY",107,1,"SGW"
"Lewis-Potter (BRE)",11,0,"NEW",107,1,"SGW"
"Lewis-Potter (BRE)",12,0,"BHA",107,1,"SGW"
"Lewis-Potter (BRE)",13,1,"BUR",107,1,"SGW"
"Lewis-Potter (BRE)",14,1,"ARS",107,1,"SGW"
"Lewis-Potter (BRE)",15,1,"TOT",107,1,"SGW"
"Lewis-Potter (BRE)",16,6,"LEE",107,1,"SGW"
"Lewis-Potter (BRE)",17,21,"WOL",107,1,"SGW"
"Lewis-Potter (BRE)",18,2,"BOU",107,1,"SGW"
"Lewis-Potter (BRE)",19,6,"TOT",107,1,"SGW"
"Lewis-Potter (BRE)",20,0,"EVE",107,1,"SGW"
"Lewis-Potter (BRE)",21,6,"SUN",107,1,"SGW"
"Lewis-Potter (BRE)",22,1,"CHE",107,1,"SGW"
"Lewis-Potter (BRE)",23,1,"NFO",107,1,"SGW"
"Lewis-Skelly (ARS)",1,0,"MUN",10,1,"SGW"
"Lewis-Skelly (ARS)",2,1,"LEE",10,1,"SGW"
"Lewis-Skelly (ARS)",3,0,"LIV",10,1,"SGW"
"Lewis-Skelly (ARS)",4,1,"NFO",10,1,"SGW"
"Lewis-Skelly (ARS)",5,0,"MCI",10,1,"SGW"
"Lewis-Skelly (ARS)",6,1,"NEW",10,1,"SGW"
"Lewis-Skelly (ARS)",7,1,"WHU",10,1,"SGW"
"Lewis-Skelly (ARS)",8,0,"FUL",10,1,"SGW"
"Lewis-Skelly (ARS)",9,1,"CRY",10,1,"SGW"
"Lewis-Skelly (ARS)",10,1,"BUR",10,1,"SGW"
"Lewis-Skelly (ARS)",11,0,"SUN",10,1,"SGW"
"Lewis-Skelly (ARS)",12,1,"TOT",10,1,"SGW"
"Lewis-Skelly (ARS)",13,0,"CHE",10,1,"SGW"
"Lewis-Skelly (ARS)",14,0,"BRE",10,1,"SGW"
"Lewis-Skelly (ARS)",15,1,"AVL",10,1,"SGW"
"Lewis-Skelly (ARS)",16,1,"WOL",10,1,"SGW"
"Lewis-Skelly (ARS)",17,0,"EVE",10,1,"SGW"
"Lewis-Skelly (ARS)",18,1,"BHA",10,1,"SGW"
"Lewis-Skelly (ARS)",19,1,"AVL",10,1,"SGW"
"Lewis-Skelly (ARS)",20,0,"BOU",10,1,"SGW"
"Lewis-Skelly (ARS)",21,1,"LIV",10,1,"SGW"
"Lewis-Skelly (ARS)",22,0,"NFO",10,1,"SGW"
"Lewis-Skelly (ARS)",23,0,"MUN",10,1,"SGW"
"Lindelöf (AVL)",1,NA,NA,719,NA,"BGW"
"Lindelöf (AVL)",2,NA,NA,719,NA,"BGW"
"Lindelöf (AVL)",3,NA,NA,719,NA,"BGW"
"Lindelöf (AVL)",4,1,"EVE",719,1,"SGW"
"Lindelöf (AVL)",5,0,"SUN",719,1,"SGW"
"Lindelöf (AVL)",6,1,"FUL",719,1,"SGW"
"Lindelöf (AVL)",7,1,"BUR",719,1,"SGW"
"Lindelöf (AVL)",8,0,"TOT",719,1,"SGW"
"Lindelöf (AVL)",9,0,"MCI",719,1,"SGW"
"Lindelöf (AVL)",10,0,"LIV",719,1,"SGW"
"Lindelöf (AVL)",11,0,"BOU",719,1,"SGW"
"Lindelöf (AVL)",12,0,"LEE",719,1,"SGW"
"Lindelöf (AVL)",13,0,"WOL",719,1,"SGW"
"Lindelöf (AVL)",14,0,"BHA",719,1,"SGW"
"Lindelöf (AVL)",15,1,"ARS",719,1,"SGW"
"Lindelöf (AVL)",16,4,"WHU",719,1,"SGW"
"Lindelöf (AVL)",17,2,"MUN",719,1,"SGW"
"Lindelöf (AVL)",18,2,"CHE",719,1,"SGW"
"Lindelöf (AVL)",19,0,"ARS",719,1,"SGW"
"Lindelöf (AVL)",20,2,"NFO",719,1,"SGW"
"Lindelöf (AVL)",21,6,"CRY",719,1,"SGW"
"Lindelöf (AVL)",22,0,"EVE",719,1,"SGW"
"Lindelöf (AVL)",23,1,"NEW",719,1,"SGW"
"Livramento (NEW)",1,9,"AVL",477,1,"SGW"
"Livramento (NEW)",2,4,"LIV",477,1,"SGW"
"Livramento (NEW)",3,6,"LEE",477,1,"SGW"
"Livramento (NEW)",4,6,"WOL",477,1,"SGW"
"Livramento (NEW)",5,6,"BOU",477,1,"SGW"
"Livramento (NEW)",6,6,"ARS",477,1,"SGW"
"Livramento (NEW)",7,0,"NFO",477,1,"SGW"
"Livramento (NEW)",8,0,"BHA",477,1,"SGW"
"Livramento (NEW)",9,0,"FUL",477,1,"SGW"
"Livramento (NEW)",10,0,"WHU",477,1,"SGW"
"Livramento (NEW)",11,0,"BRE",477,1,"SGW"
"Livramento (NEW)",12,2,"MCI",477,1,"SGW"
"Livramento (NEW)",13,2,"EVE",477,1,"SGW"
"Livramento (NEW)",14,3,"TOT",477,1,"SGW"
"Livramento (NEW)",15,1,"BUR",477,1,"SGW"
"Livramento (NEW)",16,2,"SUN",477,1,"SGW"
"Livramento (NEW)",17,0,"CHE",477,1,"SGW"
"Livramento (NEW)",18,0,"MUN",477,1,"SGW"
"Livramento (NEW)",19,0,"BUR",477,1,"SGW"
"Livramento (NEW)",20,1,"CRY",477,1,"SGW"
"Livramento (NEW)",21,1,"LEE",477,1,"SGW"
"Livramento (NEW)",22,0,"WOL",477,1,"SGW"
"Livramento (NEW)",23,0,"AVL",477,1,"SGW"
"Longstaff (LEE)",1,1,"EVE",493,1,"SGW"
"Longstaff (LEE)",2,1,"ARS",493,1,"SGW"
"Longstaff (LEE)",3,5,"NEW",493,1,"SGW"
"Longstaff (LEE)",4,2,"FUL",493,1,"SGW"
"Longstaff (LEE)",5,2,"WOL",493,1,"SGW"
"Longstaff (LEE)",6,15,"BOU",493,1,"SGW"
"Longstaff (LEE)",7,2,"TOT",493,1,"SGW"
"Longstaff (LEE)",8,2,"BUR",493,1,"SGW"
"Longstaff (LEE)",9,6,"WHU",493,1,"SGW"
"Longstaff (LEE)",10,1,"BHA",493,1,"SGW"
"Longstaff (LEE)",11,1,"NFO",493,1,"SGW"
"Longstaff (LEE)",12,2,"AVL",493,1,"SGW"
"Longstaff (LEE)",13,0,"MCI",493,1,"SGW"
"Longstaff (LEE)",14,0,"CHE",493,1,"SGW"
"Longstaff (LEE)",15,0,"LIV",493,1,"SGW"
"Longstaff (LEE)",16,0,"BRE",493,1,"SGW"
"Longstaff (LEE)",17,0,"CRY",493,1,"SGW"
"Longstaff (LEE)",18,0,"SUN",493,1,"SGW"
"Longstaff (LEE)",19,0,"LIV",493,1,"SGW"
"Longstaff (LEE)",20,0,"MUN",493,1,"SGW"
"Longstaff (LEE)",21,0,"NEW",493,1,"SGW"
"Longstaff (LEE)",22,0,"FUL",493,1,"SGW"
"Longstaff (LEE)",23,1,"EVE",493,1,"SGW"
"Lucas Pires (BUR)",1,0,"TOT",195,1,"SGW"
"Lucas Pires (BUR)",2,0,"SUN",195,1,"SGW"
"Lucas Pires (BUR)",3,0,"MUN",195,1,"SGW"
"Lucas Pires (BUR)",4,0,"LIV",195,1,"SGW"
"Lucas Pires (BUR)",5,0,"NFO",195,1,"SGW"
"Lucas Pires (BUR)",6,0,"MCI",195,1,"SGW"
"Lucas Pires (BUR)",7,0,"AVL",195,1,"SGW"
"Lucas Pires (BUR)",8,0,"LEE",195,1,"SGW"
"Lucas Pires (BUR)",9,0,"WOL",195,1,"SGW"
"Lucas Pires (BUR)",10,0,"ARS",195,1,"SGW"
"Lucas Pires (BUR)",11,1,"WHU",195,1,"SGW"
"Lucas Pires (BUR)",12,0,"CHE",195,1,"SGW"
"Lucas Pires (BUR)",13,0,"BRE",195,1,"SGW"
"Lucas Pires (BUR)",14,0,"CRY",195,1,"SGW"
"Lucas Pires (BUR)",15,-3,"NEW",195,1,"SGW"
"Lucas Pires (BUR)",16,0,"FUL",195,1,"SGW"
"Lucas Pires (BUR)",17,2,"BOU",195,1,"SGW"
"Lucas Pires (BUR)",18,6,"EVE",195,1,"SGW"
"Lucas Pires (BUR)",19,1,"NEW",195,1,"SGW"
"Lucas Pires (BUR)",20,1,"BHA",195,1,"SGW"
"Lucas Pires (BUR)",21,1,"MUN",195,1,"SGW"
"Lucas Pires (BUR)",22,4,"LIV",195,1,"SGW"
"Lucas Pires (BUR)",23,1,"TOT",195,1,"SGW"
"Lucky (LIV)",1,NA,NA,760,NA,"BGW"
"Lucky (LIV)",2,NA,NA,760,NA,"BGW"
"Lucky (LIV)",3,NA,NA,760,NA,"BGW"
"Lucky (LIV)",4,NA,NA,760,NA,"BGW"
"Lucky (LIV)",5,NA,NA,760,NA,"BGW"
"Lucky (LIV)",6,NA,NA,760,NA,"BGW"
"Lucky (LIV)",7,NA,NA,760,NA,"BGW"
"Lucky (LIV)",8,NA,NA,760,NA,"BGW"
"Lucky (LIV)",9,NA,NA,760,NA,"BGW"
"Lucky (LIV)",10,NA,NA,760,NA,"BGW"
"Lucky (LIV)",11,NA,NA,760,NA,"BGW"
"Lucky (LIV)",12,NA,NA,760,NA,"BGW"
"Lucky (LIV)",13,NA,NA,760,NA,"BGW"
"Lucky (LIV)",14,NA,NA,760,NA,"BGW"
"Lucky (LIV)",15,NA,NA,760,NA,"BGW"
"Lucky (LIV)",16,0,"BHA",760,1,"SGW"
"Lucky (LIV)",17,0,"TOT",760,1,"SGW"
"Lucky (LIV)",18,0,"WOL",760,1,"SGW"
"Lucky (LIV)",19,0,"LEE",760,1,"SGW"
"Lucky (LIV)",20,0,"FUL",760,1,"SGW"
"Lucky (LIV)",21,0,"ARS",760,1,"SGW"
"Lucky (LIV)",22,0,"BUR",760,1,"SGW"
"Lucky (LIV)",23,0,"BOU",760,1,"SGW"
"Luis Díaz (LIV)",1,0,"BOU",383,1,"SGW"
"Luis Díaz (LIV)",2,0,"NEW",383,1,"SGW"
"Luis Díaz (LIV)",3,0,"ARS",383,1,"SGW"
"Luis Díaz (LIV)",4,0,"BUR",383,1,"SGW"
"Luis Díaz (LIV)",5,0,"EVE",383,1,"SGW"
"Luis Díaz (LIV)",6,0,"CRY",383,1,"SGW"
"Luis Díaz (LIV)",7,0,"CHE",383,1,"SGW"
"Luis Díaz (LIV)",8,0,"MUN",383,1,"SGW"
"Luis Díaz (LIV)",9,0,"BRE",383,1,"SGW"
"Luis Díaz (LIV)",10,0,"AVL",383,1,"SGW"
"Luis Díaz (LIV)",11,0,"MCI",383,1,"SGW"
"Luis Díaz (LIV)",12,0,"NFO",383,1,"SGW"
"Luis Díaz (LIV)",13,0,"WHU",383,1,"SGW"
"Luis Díaz (LIV)",14,0,"SUN",383,1,"SGW"
"Luis Díaz (LIV)",15,0,"LEE",383,1,"SGW"
"Luis Díaz (LIV)",16,0,"BHA",383,1,"SGW"
"Luis Díaz (LIV)",17,0,"TOT",383,1,"SGW"
"Luis Díaz (LIV)",18,0,"WOL",383,1,"SGW"
"Luis Díaz (LIV)",19,0,"LEE",383,1,"SGW"
"Luis Díaz (LIV)",20,0,"FUL",383,1,"SGW"
"Luis Díaz (LIV)",21,0,"ARS",383,1,"SGW"
"Luis Díaz (LIV)",22,0,"BUR",383,1,"SGW"
"Luis Díaz (LIV)",23,0,"BOU",383,1,"SGW"
"Luís Hemir (SUN)",1,0,"WHU",563,1,"SGW"
"Luís Hemir (SUN)",2,0,"BUR",563,1,"SGW"
"Luís Hemir (SUN)",3,0,"BRE",563,1,"SGW"
"Luís Hemir (SUN)",4,0,"CRY",563,1,"SGW"
"Luís Hemir (SUN)",5,0,"AVL",563,1,"SGW"
"Luís Hemir (SUN)",6,0,"NFO",563,1,"SGW"
"Luís Hemir (SUN)",7,0,"MUN",563,1,"SGW"
"Luís Hemir (SUN)",8,0,"WOL",563,1,"SGW"
"Luís Hemir (SUN)",9,0,"CHE",563,1,"SGW"
"Luís Hemir (SUN)",10,0,"EVE",563,1,"SGW"
"Luís Hemir (SUN)",11,0,"ARS",563,1,"SGW"
"Luís Hemir (SUN)",12,0,"FUL",563,1,"SGW"
"Luís Hemir (SUN)",13,0,"BOU",563,1,"SGW"
"Luís Hemir (SUN)",14,0,"LIV",563,1,"SGW"
"Luís Hemir (SUN)",15,0,"MCI",563,1,"SGW"
"Luís Hemir (SUN)",16,0,"NEW",563,1,"SGW"
"Luís Hemir (SUN)",17,0,"BHA",563,1,"SGW"
"Luís Hemir (SUN)",18,0,"LEE",563,1,"SGW"
"Luís Hemir (SUN)",19,0,"MCI",563,1,"SGW"
"Luís Hemir (SUN)",20,0,"TOT",563,1,"SGW"
"Luís Hemir (SUN)",21,0,"BRE",563,1,"SGW"
"Luís Hemir (SUN)",22,0,"CRY",563,1,"SGW"
"Luís Hemir (SUN)",23,0,"WHU",563,1,"SGW"
"Lukić (FUL)",1,2,"BHA",332,1,"SGW"
"Lukić (FUL)",2,3,"MUN",332,1,"SGW"
"Lukić (FUL)",3,1,"CHE",332,1,"SGW"
"Lukić (FUL)",4,6,"LEE",332,1,"SGW"
"Lukić (FUL)",5,1,"BRE",332,1,"SGW"
"Lukić (FUL)",6,4,"AVL",332,1,"SGW"
"Lukić (FUL)",7,1,"BOU",332,1,"SGW"
"Lukić (FUL)",8,0,"ARS",332,1,"SGW"
"Lukić (FUL)",9,9,"NEW",332,1,"SGW"
"Lukić (FUL)",10,0,"WOL",332,1,"SGW"
"Lukić (FUL)",11,0,"EVE",332,1,"SGW"
"Lukić (FUL)",12,0,"SUN",332,1,"SGW"
"Lukić (FUL)",13,1,"TOT",332,1,"SGW"
"Lukić (FUL)",14,1,"MCI",332,1,"SGW"
"Lukić (FUL)",15,1,"CRY",332,1,"SGW"
"Lukić (FUL)",16,1,"BUR",332,1,"SGW"
"Lukić (FUL)",17,5,"NFO",332,1,"SGW"
"Lukić (FUL)",18,3,"WHU",332,1,"SGW"
"Lukić (FUL)",19,6,"CRY",332,1,"SGW"
"Lukić (FUL)",20,2,"LIV",332,1,"SGW"
"Lukić (FUL)",21,1,"CHE",332,1,"SGW"
"Lukić (FUL)",22,2,"LEE",332,1,"SGW"
"Lukić (FUL)",23,0,"BHA",332,1,"SGW"
"M.Bizot (AVL)",1,7,"NEW",33,1,"SGW"
"M.Bizot (AVL)",2,0,"BRE",33,1,"SGW"
"M.Bizot (AVL)",3,0,"CRY",33,1,"SGW"
"M.Bizot (AVL)",4,0,"EVE",33,1,"SGW"
"M.Bizot (AVL)",5,0,"SUN",33,1,"SGW"
"M.Bizot (AVL)",6,0,"FUL",33,1,"SGW"
"M.Bizot (AVL)",7,0,"BUR",33,1,"SGW"
"M.Bizot (AVL)",8,0,"TOT",33,1,"SGW"
"M.Bizot (AVL)",9,0,"MCI",33,1,"SGW"
"M.Bizot (AVL)",10,0,"LIV",33,1,"SGW"
"M.Bizot (AVL)",11,0,"BOU",33,1,"SGW"
"M.Bizot (AVL)",12,0,"LEE",33,1,"SGW"
"M.Bizot (AVL)",13,0,"WOL",33,1,"SGW"
"M.Bizot (AVL)",14,1,"BHA",33,1,"SGW"
"M.Bizot (AVL)",15,0,"ARS",33,1,"SGW"
"M.Bizot (AVL)",16,1,"WHU",33,1,"SGW"
"M.Bizot (AVL)",17,0,"MUN",33,1,"SGW"
"M.Bizot (AVL)",18,0,"CHE",33,1,"SGW"
"M.Bizot (AVL)",19,0,"ARS",33,1,"SGW"
"M.Bizot (AVL)",20,0,"NFO",33,1,"SGW"
"M.Bizot (AVL)",21,2,"CRY",33,1,"SGW"
"M.Bizot (AVL)",22,0,"EVE",33,1,"SGW"
"M.Bizot (AVL)",23,0,"NEW",33,1,"SGW"
"M.Fernandes (WHU)",1,NA,NA,708,NA,"BGW"
"M.Fernandes (WHU)",2,NA,NA,708,NA,"BGW"
"M.Fernandes (WHU)",3,3,"NFO",708,1,"SGW"
"M.Fernandes (WHU)",4,2,"TOT",708,1,"SGW"
"M.Fernandes (WHU)",5,2,"CRY",708,1,"SGW"
"M.Fernandes (WHU)",6,2,"EVE",708,1,"SGW"
"M.Fernandes (WHU)",7,4,"ARS",708,1,"SGW"
"M.Fernandes (WHU)",8,1,"BRE",708,1,"SGW"
"M.Fernandes (WHU)",9,6,"LEE",708,1,"SGW"
"M.Fernandes (WHU)",10,7,"NEW",708,1,"SGW"
"M.Fernandes (WHU)",11,1,"BUR",708,1,"SGW"
"M.Fernandes (WHU)",12,4,"BOU",708,1,"SGW"
"M.Fernandes (WHU)",13,2,"LIV",708,1,"SGW"
"M.Fernandes (WHU)",14,4,"MUN",708,1,"SGW"
"M.Fernandes (WHU)",15,5,"BHA",708,1,"SGW"
"M.Fernandes (WHU)",16,9,"AVL",708,1,"SGW"
"M.Fernandes (WHU)",17,2,"MCI",708,1,"SGW"
"M.Fernandes (WHU)",18,2,"FUL",708,1,"SGW"
"M.Fernandes (WHU)",19,3,"BHA",708,1,"SGW"
"M.Fernandes (WHU)",20,2,"WOL",708,1,"SGW"
"M.Fernandes (WHU)",21,2,"NFO",708,1,"SGW"
"M.Fernandes (WHU)",22,9,"TOT",708,1,"SGW"
"M.Fernandes (WHU)",23,8,"SUN",708,1,"SGW"
"M.França (CRY)",1,0,"CHE",279,1,"SGW"
"M.França (CRY)",2,0,"NFO",279,1,"SGW"
"M.França (CRY)",3,0,"AVL",279,1,"SGW"
"M.França (CRY)",4,0,"SUN",279,1,"SGW"
"M.França (CRY)",5,0,"WHU",279,1,"SGW"
"M.França (CRY)",6,0,"LIV",279,1,"SGW"
"M.França (CRY)",7,0,"EVE",279,1,"SGW"
"M.França (CRY)",8,0,"BOU",279,1,"SGW"
"M.França (CRY)",9,0,"ARS",279,1,"SGW"
"M.França (CRY)",10,0,"BRE",279,1,"SGW"
"M.França (CRY)",11,0,"BHA",279,1,"SGW"
"M.França (CRY)",12,0,"WOL",279,1,"SGW"
"M.França (CRY)",13,0,"MUN",279,1,"SGW"
"M.França (CRY)",14,0,"BUR",279,1,"SGW"
"M.França (CRY)",15,0,"FUL",279,1,"SGW"
"M.França (CRY)",16,0,"MCI",279,1,"SGW"
"M.França (CRY)",17,0,"LEE",279,1,"SGW"
"M.França (CRY)",18,0,"TOT",279,1,"SGW"
"M.França (CRY)",19,0,"FUL",279,1,"SGW"
"M.França (CRY)",20,0,"NEW",279,1,"SGW"
"M.França (CRY)",21,0,"AVL",279,1,"SGW"
"M.França (CRY)",22,0,"SUN",279,1,"SGW"
"M.França (CRY)",23,0,"CHE",279,1,"SGW"
"M.Salah (LIV)",1,8,"BOU",381,1,"SGW"
"M.Salah (LIV)",2,5,"NEW",381,1,"SGW"
"M.Salah (LIV)",3,3,"ARS",381,1,"SGW"
"M.Salah (LIV)",4,9,"BUR",381,1,"SGW"
"M.Salah (LIV)",5,5,"EVE",381,1,"SGW"
"M.Salah (LIV)",6,2,"CRY",381,1,"SGW"
"M.Salah (LIV)",7,2,"CHE",381,1,"SGW"
"M.Salah (LIV)",8,2,"MUN",381,1,"SGW"
"M.Salah (LIV)",9,6,"BRE",381,1,"SGW"
"M.Salah (LIV)",10,10,"AVL",381,1,"SGW"
"M.Salah (LIV)",11,2,"MCI",381,1,"SGW"
"M.Salah (LIV)",12,2,"NFO",381,1,"SGW"
"M.Salah (LIV)",13,0,"WHU",381,1,"SGW"
"M.Salah (LIV)",14,1,"SUN",381,1,"SGW"
"M.Salah (LIV)",15,0,"LEE",381,1,"SGW"
"M.Salah (LIV)",16,7,"BHA",381,1,"SGW"
"M.Salah (LIV)",17,0,"TOT",381,1,"SGW"
"M.Salah (LIV)",18,0,"WOL",381,1,"SGW"
"M.Salah (LIV)",19,0,"LEE",381,1,"SGW"
"M.Salah (LIV)",20,0,"FUL",381,1,"SGW"
"M.Salah (LIV)",21,0,"ARS",381,1,"SGW"
"M.Salah (LIV)",22,0,"BUR",381,1,"SGW"
"M.Salah (LIV)",23,5,"BOU",381,1,"SGW"
"M.Sarr (CHE)",1,0,"CRY",231,1,"SGW"
"M.Sarr (CHE)",2,0,"WHU",231,1,"SGW"
"M.Sarr (CHE)",3,0,"FUL",231,1,"SGW"
"M.Sarr (CHE)",4,0,"BRE",231,1,"SGW"
"M.Sarr (CHE)",5,0,"MUN",231,1,"SGW"
"M.Sarr (CHE)",6,0,"BHA",231,1,"SGW"
"M.Sarr (CHE)",7,0,"LIV",231,1,"SGW"
"M.Sarr (CHE)",8,0,"NFO",231,1,"SGW"
"M.Sarr (CHE)",9,0,"SUN",231,1,"SGW"
"M.Sarr (CHE)",10,0,"TOT",231,1,"SGW"
"M.Sarr (CHE)",11,0,"WOL",231,1,"SGW"
"M.Sarr (CHE)",12,0,"BUR",231,1,"SGW"
"M.Sarr (CHE)",13,0,"ARS",231,1,"SGW"
"M.Sarr (CHE)",14,0,"LEE",231,1,"SGW"
"M.Sarr (CHE)",15,0,"BOU",231,1,"SGW"
"M.Sarr (CHE)",16,0,"EVE",231,1,"SGW"
"M.Sarr (CHE)",17,0,"NEW",231,1,"SGW"
"M.Sarr (CHE)",18,0,"AVL",231,1,"SGW"
"M.Sarr (CHE)",19,0,"BOU",231,1,"SGW"
"M.Sarr (CHE)",20,0,"MCI",231,1,"SGW"
"M.Sarr (CHE)",21,0,"FUL",231,1,"SGW"
"M.Sarr (CHE)",22,0,"BRE",231,1,"SGW"
"M.Sarr (CHE)",23,0,"CRY",231,1,"SGW"
"Maatsen (AVL)",1,0,"NEW",39,1,"SGW"
"Maatsen (AVL)",2,1,"BRE",39,1,"SGW"
"Maatsen (AVL)",3,1,"CRY",39,1,"SGW"
"Maatsen (AVL)",4,0,"EVE",39,1,"SGW"
"Maatsen (AVL)",5,0,"SUN",39,1,"SGW"
"Maatsen (AVL)",6,0,"FUL",39,1,"SGW"
"Maatsen (AVL)",7,1,"BUR",39,1,"SGW"
"Maatsen (AVL)",8,1,"TOT",39,1,"SGW"
"Maatsen (AVL)",9,1,"MCI",39,1,"SGW"
"Maatsen (AVL)",10,1,"LIV",39,1,"SGW"
"Maatsen (AVL)",11,0,"BOU",39,1,"SGW"
"Maatsen (AVL)",12,1,"LEE",39,1,"SGW"
"Maatsen (AVL)",13,0,"WOL",39,1,"SGW"
"Maatsen (AVL)",14,1,"BHA",39,1,"SGW"
"Maatsen (AVL)",15,2,"ARS",39,1,"SGW"
"Maatsen (AVL)",16,1,"WHU",39,1,"SGW"
"Maatsen (AVL)",17,2,"MUN",39,1,"SGW"
"Maatsen (AVL)",18,2,"CHE",39,1,"SGW"
"Maatsen (AVL)",19,0,"ARS",39,1,"SGW"
"Maatsen (AVL)",20,2,"NFO",39,1,"SGW"
"Maatsen (AVL)",21,1,"CRY",39,1,"SGW"
"Maatsen (AVL)",22,2,"EVE",39,1,"SGW"
"Maatsen (AVL)",23,5,"NEW",39,1,"SGW"
"Mac Allister (LIV)",1,5,"BOU",386,1,"SGW"
"Mac Allister (LIV)",2,0,"NEW",386,1,"SGW"
"Mac Allister (LIV)",3,3,"ARS",386,1,"SGW"
"Mac Allister (LIV)",4,1,"BUR",386,1,"SGW"
"Mac Allister (LIV)",5,2,"EVE",386,1,"SGW"
"Mac Allister (LIV)",6,2,"CRY",386,1,"SGW"
"Mac Allister (LIV)",7,2,"CHE",386,1,"SGW"
"Mac Allister (LIV)",8,2,"MUN",386,1,"SGW"
"Mac Allister (LIV)",9,1,"BRE",386,1,"SGW"
"Mac Allister (LIV)",10,6,"AVL",386,1,"SGW"
"Mac Allister (LIV)",11,1,"MCI",386,1,"SGW"
"Mac Allister (LIV)",12,2,"NFO",386,1,"SGW"
"Mac Allister (LIV)",13,3,"WHU",386,1,"SGW"
"Mac Allister (LIV)",14,2,"SUN",386,1,"SGW"
"Mac Allister (LIV)",15,1,"LEE",386,1,"SGW"
"Mac Allister (LIV)",16,3,"BHA",386,1,"SGW"
"Mac Allister (LIV)",17,1,"TOT",386,1,"SGW"
"Mac Allister (LIV)",18,2,"WOL",386,1,"SGW"
"Mac Allister (LIV)",19,1,"LEE",386,1,"SGW"
"Mac Allister (LIV)",20,2,"FUL",386,1,"SGW"
"Mac Allister (LIV)",21,2,"ARS",386,1,"SGW"
"Mac Allister (LIV)",22,1,"BUR",386,1,"SGW"
"Mac Allister (LIV)",23,1,"BOU",386,1,"SGW"
"Maddison (TOT)",1,0,"BUR",581,1,"SGW"
"Maddison (TOT)",2,0,"MCI",581,1,"SGW"
"Maddison (TOT)",3,0,"BOU",581,1,"SGW"
"Maddison (TOT)",4,0,"WHU",581,1,"SGW"
"Maddison (TOT)",5,0,"BHA",581,1,"SGW"
"Maddison (TOT)",6,0,"WOL",581,1,"SGW"
"Maddison (TOT)",7,0,"LEE",581,1,"SGW"
"Maddison (TOT)",8,0,"AVL",581,1,"SGW"
"Maddison (TOT)",9,0,"EVE",581,1,"SGW"
"Maddison (TOT)",10,0,"CHE",581,1,"SGW"
"Maddison (TOT)",11,0,"MUN",581,1,"SGW"
"Maddison (TOT)",12,0,"ARS",581,1,"SGW"
"Maddison (TOT)",13,0,"FUL",581,1,"SGW"
"Maddison (TOT)",14,0,"NEW",581,1,"SGW"
"Maddison (TOT)",15,0,"BRE",581,1,"SGW"
"Maddison (TOT)",16,0,"NFO",581,1,"SGW"
"Maddison (TOT)",17,0,"LIV",581,1,"SGW"
"Maddison (TOT)",18,0,"CRY",581,1,"SGW"
"Maddison (TOT)",19,0,"BRE",581,1,"SGW"
"Maddison (TOT)",20,0,"SUN",581,1,"SGW"
"Maddison (TOT)",21,0,"BOU",581,1,"SGW"
"Maddison (TOT)",22,0,"WHU",581,1,"SGW"
"Maddison (TOT)",23,0,"BUR",581,1,"SGW"
"Madueke (ARS)",1,1,"MUN",18,1,"SGW"
"Madueke (ARS)",2,3,"LEE",18,1,"SGW"
"Madueke (ARS)",3,2,"LIV",18,1,"SGW"
"Madueke (ARS)",4,3,"NFO",18,1,"SGW"
"Madueke (ARS)",5,1,"MCI",18,1,"SGW"
"Madueke (ARS)",6,0,"NEW",18,1,"SGW"
"Madueke (ARS)",7,0,"WHU",18,1,"SGW"
"Madueke (ARS)",8,0,"FUL",18,1,"SGW"
"Madueke (ARS)",9,0,"CRY",18,1,"SGW"
"Madueke (ARS)",10,0,"BUR",18,1,"SGW"
"Madueke (ARS)",11,0,"SUN",18,1,"SGW"
"Madueke (ARS)",12,1,"TOT",18,1,"SGW"
"Madueke (ARS)",13,1,"CHE",18,1,"SGW"
"Madueke (ARS)",14,3,"BRE",18,1,"SGW"
"Madueke (ARS)",15,1,"AVL",18,1,"SGW"
"Madueke (ARS)",16,0,"WOL",18,1,"SGW"
"Madueke (ARS)",17,0,"EVE",18,1,"SGW"
"Madueke (ARS)",18,0,"BHA",18,1,"SGW"
"Madueke (ARS)",19,1,"AVL",18,1,"SGW"
"Madueke (ARS)",20,2,"BOU",18,1,"SGW"
"Madueke (ARS)",21,1,"LIV",18,1,"SGW"
"Madueke (ARS)",22,1,"NFO",18,1,"SGW"
"Madueke (ARS)",23,1,"MUN",18,1,"SGW"
"Maghoma (BRE)",1,0,"NFO",132,1,"SGW"
"Maghoma (BRE)",2,0,"AVL",132,1,"SGW"
"Maghoma (BRE)",3,0,"SUN",132,1,"SGW"
"Maghoma (BRE)",4,0,"CHE",132,1,"SGW"
"Maghoma (BRE)",5,0,"FUL",132,1,"SGW"
"Maghoma (BRE)",6,0,"MUN",132,1,"SGW"
"Maghoma (BRE)",7,0,"MCI",132,1,"SGW"
"Maghoma (BRE)",8,0,"WHU",132,1,"SGW"
"Maghoma (BRE)",9,0,"LIV",132,1,"SGW"
"Maghoma (BRE)",10,0,"CRY",132,1,"SGW"
"Maghoma (BRE)",11,0,"NEW",132,1,"SGW"
"Maghoma (BRE)",12,0,"BHA",132,1,"SGW"
"Maghoma (BRE)",13,0,"BUR",132,1,"SGW"
"Maghoma (BRE)",14,0,"ARS",132,1,"SGW"
"Maghoma (BRE)",15,0,"TOT",132,1,"SGW"
"Maghoma (BRE)",16,0,"LEE",132,1,"SGW"
"Maghoma (BRE)",17,0,"WOL",132,1,"SGW"
"Maghoma (BRE)",18,0,"BOU",132,1,"SGW"
"Maghoma (BRE)",19,0,"TOT",132,1,"SGW"
"Maghoma (BRE)",20,0,"EVE",132,1,"SGW"
"Maghoma (BRE)",21,0,"SUN",132,1,"SGW"
"Maghoma (BRE)",22,0,"CHE",132,1,"SGW"
"Maghoma (BRE)",23,0,"NFO",132,1,"SGW"
"Maguire (MUN)",1,1,"ARS",442,1,"SGW"
"Maguire (MUN)",2,1,"FUL",442,1,"SGW"
"Maguire (MUN)",3,0,"BUR",442,1,"SGW"
"Maguire (MUN)",4,1,"MCI",442,1,"SGW"
"Maguire (MUN)",5,11,"CHE",442,1,"SGW"
"Maguire (MUN)",6,1,"BRE",442,1,"SGW"
"Maguire (MUN)",7,1,"SUN",442,1,"SGW"
"Maguire (MUN)",8,11,"LIV",442,1,"SGW"
"Maguire (MUN)",9,0,"BHA",442,1,"SGW"
"Maguire (MUN)",10,0,"NFO",442,1,"SGW"
"Maguire (MUN)",11,6,"TOT",442,1,"SGW"
"Maguire (MUN)",12,0,"EVE",442,1,"SGW"
"Maguire (MUN)",13,0,"CRY",442,1,"SGW"
"Maguire (MUN)",14,0,"WHU",442,1,"SGW"
"Maguire (MUN)",15,0,"WOL",442,1,"SGW"
"Maguire (MUN)",16,0,"BOU",442,1,"SGW"
"Maguire (MUN)",17,0,"AVL",442,1,"SGW"
"Maguire (MUN)",18,0,"NEW",442,1,"SGW"
"Maguire (MUN)",19,0,"WOL",442,1,"SGW"
"Maguire (MUN)",20,0,"LEE",442,1,"SGW"
"Maguire (MUN)",21,0,"BUR",442,1,"SGW"
"Maguire (MUN)",22,6,"MCI",442,1,"SGW"
"Maguire (MUN)",23,3,"ARS",442,1,"SGW"
"Mainoo (MUN)",1,0,"ARS",458,1,"SGW"
"Mainoo (MUN)",2,0,"FUL",458,1,"SGW"
"Mainoo (MUN)",3,1,"BUR",458,1,"SGW"
"Mainoo (MUN)",4,1,"MCI",458,1,"SGW"
"Mainoo (MUN)",5,1,"CHE",458,1,"SGW"
"Mainoo (MUN)",6,1,"BRE",458,1,"SGW"
"Mainoo (MUN)",7,1,"SUN",458,1,"SGW"
"Mainoo (MUN)",8,1,"LIV",458,1,"SGW"
"Mainoo (MUN)",9,1,"BHA",458,1,"SGW"
"Mainoo (MUN)",10,0,"NFO",458,1,"SGW"
"Mainoo (MUN)",11,0,"TOT",458,1,"SGW"
"Mainoo (MUN)",12,1,"EVE",458,1,"SGW"
"Mainoo (MUN)",13,1,"CRY",458,1,"SGW"
"Mainoo (MUN)",14,0,"WHU",458,1,"SGW"
"Mainoo (MUN)",15,1,"WOL",458,1,"SGW"
"Mainoo (MUN)",16,1,"BOU",458,1,"SGW"
"Mainoo (MUN)",17,0,"AVL",458,1,"SGW"
"Mainoo (MUN)",18,0,"NEW",458,1,"SGW"
"Mainoo (MUN)",19,0,"WOL",458,1,"SGW"
"Mainoo (MUN)",20,0,"LEE",458,1,"SGW"
"Mainoo (MUN)",21,1,"BUR",458,1,"SGW"
"Mainoo (MUN)",22,3,"MCI",458,1,"SGW"
"Mainoo (MUN)",23,5,"ARS",458,1,"SGW"
"Malacia (MUN)",1,0,"ARS",448,1,"SGW"
"Malacia (MUN)",2,0,"FUL",448,1,"SGW"
"Malacia (MUN)",3,0,"BUR",448,1,"SGW"
"Malacia (MUN)",4,0,"MCI",448,1,"SGW"
"Malacia (MUN)",5,0,"CHE",448,1,"SGW"
"Malacia (MUN)",6,0,"BRE",448,1,"SGW"
"Malacia (MUN)",7,0,"SUN",448,1,"SGW"
"Malacia (MUN)",8,0,"LIV",448,1,"SGW"
"Malacia (MUN)",9,0,"BHA",448,1,"SGW"
"Malacia (MUN)",10,0,"NFO",448,1,"SGW"
"Malacia (MUN)",11,0,"TOT",448,1,"SGW"
"Malacia (MUN)",12,0,"EVE",448,1,"SGW"
"Malacia (MUN)",13,0,"CRY",448,1,"SGW"
"Malacia (MUN)",14,0,"WHU",448,1,"SGW"
"Malacia (MUN)",15,0,"WOL",448,1,"SGW"
"Malacia (MUN)",16,0,"BOU",448,1,"SGW"
"Malacia (MUN)",17,0,"AVL",448,1,"SGW"
"Malacia (MUN)",18,1,"NEW",448,1,"SGW"
"Malacia (MUN)",19,0,"WOL",448,1,"SGW"
"Malacia (MUN)",20,0,"LEE",448,1,"SGW"
"Malacia (MUN)",21,0,"BUR",448,1,"SGW"
"Malacia (MUN)",22,0,"MCI",448,1,"SGW"
"Malacia (MUN)",23,0,"ARS",448,1,"SGW"
"Malen (AVL)",1,1,"NEW",53,1,"SGW"
"Malen (AVL)",2,1,"BRE",53,1,"SGW"
"Malen (AVL)",3,2,"CRY",53,1,"SGW"
"Malen (AVL)",4,1,"EVE",53,1,"SGW"
"Malen (AVL)",5,1,"SUN",53,1,"SGW"
"Malen (AVL)",6,1,"FUL",53,1,"SGW"
"Malen (AVL)",7,15,"BUR",53,1,"SGW"
"Malen (AVL)",8,2,"TOT",53,1,"SGW"
"Malen (AVL)",9,1,"MCI",53,1,"SGW"
"Malen (AVL)",10,1,"LIV",53,1,"SGW"
"Malen (AVL)",11,6,"BOU",53,1,"SGW"
"Malen (AVL)",12,4,"LEE",53,1,"SGW"
"Malen (AVL)",13,3,"WOL",53,1,"SGW"
"Malen (AVL)",14,6,"BHA",53,1,"SGW"
"Malen (AVL)",15,1,"ARS",53,1,"SGW"
"Malen (AVL)",16,1,"WHU",53,1,"SGW"
"Malen (AVL)",17,1,"MUN",53,1,"SGW"
"Malen (AVL)",18,1,"CHE",53,1,"SGW"
"Malen (AVL)",19,4,"ARS",53,1,"SGW"
"Malen (AVL)",20,1,"NFO",53,1,"SGW"
"Malen (AVL)",21,1,"CRY",53,1,"SGW"
"Malen (AVL)",22,0,"EVE",53,1,"SGW"
"Malen (AVL)",23,0,"NEW",53,1,"SGW"
"Mamardashvili (LIV)",1,0,"BOU",367,1,"SGW"
"Mamardashvili (LIV)",2,0,"NEW",367,1,"SGW"
"Mamardashvili (LIV)",3,0,"ARS",367,1,"SGW"
"Mamardashvili (LIV)",4,0,"BUR",367,1,"SGW"
"Mamardashvili (LIV)",5,0,"EVE",367,1,"SGW"
"Mamardashvili (LIV)",6,0,"CRY",367,1,"SGW"
"Mamardashvili (LIV)",7,2,"CHE",367,1,"SGW"
"Mamardashvili (LIV)",8,1,"MUN",367,1,"SGW"
"Mamardashvili (LIV)",9,2,"BRE",367,1,"SGW"
"Mamardashvili (LIV)",10,7,"AVL",367,1,"SGW"
"Mamardashvili (LIV)",11,7,"MCI",367,1,"SGW"
"Mamardashvili (LIV)",12,0,"NFO",367,1,"SGW"
"Mamardashvili (LIV)",13,0,"WHU",367,1,"SGW"
"Mamardashvili (LIV)",14,0,"SUN",367,1,"SGW"
"Mamardashvili (LIV)",15,0,"LEE",367,1,"SGW"
"Mamardashvili (LIV)",16,0,"BHA",367,1,"SGW"
"Mamardashvili (LIV)",17,0,"TOT",367,1,"SGW"
"Mamardashvili (LIV)",18,0,"WOL",367,1,"SGW"
"Mamardashvili (LIV)",19,0,"LEE",367,1,"SGW"
"Mamardashvili (LIV)",20,0,"FUL",367,1,"SGW"
"Mamardashvili (LIV)",21,0,"ARS",367,1,"SGW"
"Mamardashvili (LIV)",22,0,"BUR",367,1,"SGW"
"Mamardashvili (LIV)",23,0,"BOU",367,1,"SGW"
"Mané (WOL)",1,NA,NA,749,NA,"BGW"
"Mané (WOL)",2,NA,NA,749,NA,"BGW"
"Mané (WOL)",3,NA,NA,749,NA,"BGW"
"Mané (WOL)",4,NA,NA,749,NA,"BGW"
"Mané (WOL)",5,NA,NA,749,NA,"BGW"
"Mané (WOL)",6,NA,NA,749,NA,"BGW"
"Mané (WOL)",7,NA,NA,749,NA,"BGW"
"Mané (WOL)",8,NA,NA,749,NA,"BGW"
"Mané (WOL)",9,NA,NA,749,NA,"BGW"
"Mané (WOL)",10,NA,NA,749,NA,"BGW"
"Mané (WOL)",11,1,"CHE",749,1,"SGW"
"Mané (WOL)",12,0,"CRY",749,1,"SGW"
"Mané (WOL)",13,1,"AVL",749,1,"SGW"
"Mané (WOL)",14,1,"NFO",749,1,"SGW"
"Mané (WOL)",15,1,"MUN",749,1,"SGW"
"Mané (WOL)",16,4,"ARS",749,1,"SGW"
"Mané (WOL)",17,1,"BRE",749,1,"SGW"
"Mané (WOL)",18,2,"LIV",749,1,"SGW"
"Mané (WOL)",19,2,"MUN",749,1,"SGW"
"Mané (WOL)",20,12,"WHU",749,1,"SGW"
"Mané (WOL)",21,9,"EVE",749,1,"SGW"
"Mané (WOL)",22,2,"NEW",749,1,"SGW"
"Mané (WOL)",23,2,"MCI",749,1,"SGW"
"Marc Guiu (CHE)",1,0,"WHU",252,1,"SGW"
"Marc Guiu (CHE)",2,1,"BUR",252,1,"SGW"
"Marc Guiu (CHE)",3,1,"BRE",252,1,"SGW"
"Marc Guiu (CHE)",4,0,"BRE",252,1,"SGW"
"Marc Guiu (CHE)",5,0,"MUN",252,1,"SGW"
"Marc Guiu (CHE)",6,0,"BHA",252,1,"SGW"
"Marc Guiu (CHE)",7,1,"LIV",252,1,"SGW"
"Marc Guiu (CHE)",8,1,"NFO",252,1,"SGW"
"Marc Guiu (CHE)",9,2,"SUN",252,1,"SGW"
"Marc Guiu (CHE)",10,0,"TOT",252,1,"SGW"
"Marc Guiu (CHE)",11,1,"WOL",252,1,"SGW"
"Marc Guiu (CHE)",12,4,"BUR",252,1,"SGW"
"Marc Guiu (CHE)",13,0,"ARS",252,1,"SGW"
"Marc Guiu (CHE)",14,1,"LEE",252,1,"SGW"
"Marc Guiu (CHE)",15,0,"BOU",252,1,"SGW"
"Marc Guiu (CHE)",16,0,"EVE",252,1,"SGW"
"Marc Guiu (CHE)",17,0,"NEW",252,1,"SGW"
"Marc Guiu (CHE)",18,0,"AVL",252,1,"SGW"
"Marc Guiu (CHE)",19,0,"BOU",252,1,"SGW"
"Marc Guiu (CHE)",20,0,"MCI",252,1,"SGW"
"Marc Guiu (CHE)",21,0,"FUL",252,1,"SGW"
"Marc Guiu (CHE)",22,0,"BRE",252,1,"SGW"
"Marc Guiu (CHE)",23,0,"CRY",252,1,"SGW"
"March (BHA)",1,0,"FUL",159,1,"SGW"
"March (BHA)",2,0,"EVE",159,1,"SGW"
"March (BHA)",3,0,"MCI",159,1,"SGW"
"March (BHA)",4,0,"BOU",159,1,"SGW"
"March (BHA)",5,0,"TOT",159,1,"SGW"
"March (BHA)",6,0,"CHE",159,1,"SGW"
"March (BHA)",7,0,"WOL",159,1,"SGW"
"March (BHA)",8,0,"NEW",159,1,"SGW"
"March (BHA)",9,0,"MUN",159,1,"SGW"
"March (BHA)",10,0,"LEE",159,1,"SGW"
"March (BHA)",11,0,"CRY",159,1,"SGW"
"March (BHA)",12,0,"BRE",159,1,"SGW"
"March (BHA)",13,0,"NFO",159,1,"SGW"
"March (BHA)",14,0,"AVL",159,1,"SGW"
"March (BHA)",15,0,"WHU",159,1,"SGW"
"March (BHA)",16,0,"LIV",159,1,"SGW"
"March (BHA)",17,0,"SUN",159,1,"SGW"
"March (BHA)",18,0,"ARS",159,1,"SGW"
"March (BHA)",19,0,"WHU",159,1,"SGW"
"March (BHA)",20,0,"BUR",159,1,"SGW"
"March (BHA)",21,0,"MCI",159,1,"SGW"
"March (BHA)",22,0,"BOU",159,1,"SGW"
"March (BHA)",23,0,"FUL",159,1,"SGW"
"Marmoush (MCI)",1,1,"WOL",413,1,"SGW"
"Marmoush (MCI)",2,1,"TOT",413,1,"SGW"
"Marmoush (MCI)",3,7,"BHA",413,1,"SGW"
"Marmoush (MCI)",4,0,"MUN",413,1,"SGW"
"Marmoush (MCI)",5,0,"ARS",413,1,"SGW"
"Marmoush (MCI)",6,0,"BUR",413,1,"SGW"
"Marmoush (MCI)",7,0,"BRE",413,1,"SGW"
"Marmoush (MCI)",8,0,"EVE",413,1,"SGW"
"Marmoush (MCI)",9,1,"AVL",413,1,"SGW"
"Marmoush (MCI)",10,1,"BOU",413,1,"SGW"
"Marmoush (MCI)",11,1,"LIV",413,1,"SGW"
"Marmoush (MCI)",12,1,"NEW",413,1,"SGW"
"Marmoush (MCI)",13,1,"LEE",413,1,"SGW"
"Marmoush (MCI)",14,0,"FUL",413,1,"SGW"
"Marmoush (MCI)",15,1,"SUN",413,1,"SGW"
"Marmoush (MCI)",16,1,"CRY",413,1,"SGW"
"Marmoush (MCI)",17,0,"WHU",413,1,"SGW"
"Marmoush (MCI)",18,0,"NFO",413,1,"SGW"
"Marmoush (MCI)",19,0,"SUN",413,1,"SGW"
"Marmoush (MCI)",20,0,"CHE",413,1,"SGW"
"Marmoush (MCI)",21,0,"BHA",413,1,"SGW"
"Marmoush (MCI)",22,0,"MUN",413,1,"SGW"
"Marmoush (MCI)",23,10,"WOL",413,1,"SGW"
"Marschall (AVL)",1,0,"NEW",35,1,"SGW"
"Marschall (AVL)",2,0,"BRE",35,1,"SGW"
"Marschall (AVL)",3,0,"CRY",35,1,"SGW"
"Marschall (AVL)",4,0,"EVE",35,1,"SGW"
"Marschall (AVL)",5,0,"SUN",35,1,"SGW"
"Marschall (AVL)",6,0,"FUL",35,1,"SGW"
"Marschall (AVL)",7,0,"BUR",35,1,"SGW"
"Marschall (AVL)",8,0,"TOT",35,1,"SGW"
"Marschall (AVL)",9,0,"MCI",35,1,"SGW"
"Marschall (AVL)",10,0,"LIV",35,1,"SGW"
"Marschall (AVL)",11,0,"BOU",35,1,"SGW"
"Marschall (AVL)",12,0,"LEE",35,1,"SGW"
"Marschall (AVL)",13,0,"WOL",35,1,"SGW"
"Marschall (AVL)",14,0,"BHA",35,1,"SGW"
"Marschall (AVL)",15,0,"ARS",35,1,"SGW"
"Marschall (AVL)",16,0,"WHU",35,1,"SGW"
"Marschall (AVL)",17,0,"MUN",35,1,"SGW"
"Marschall (AVL)",18,0,"CHE",35,1,"SGW"
"Marschall (AVL)",19,0,"ARS",35,1,"SGW"
"Marschall (AVL)",20,0,"NFO",35,1,"SGW"
"Marschall (AVL)",21,0,"CRY",35,1,"SGW"
"Marschall (AVL)",22,0,"EVE",35,1,"SGW"
"Marschall (AVL)",23,0,"NEW",35,1,"SGW"
"Marsh (CRY)",1,0,"CHE",286,1,"SGW"
"Marsh (CRY)",2,0,"NFO",286,1,"SGW"
"Marsh (CRY)",3,0,"AVL",286,1,"SGW"
"Marsh (CRY)",4,0,"SUN",286,1,"SGW"
"Marsh (CRY)",5,0,"WHU",286,1,"SGW"
"Marsh (CRY)",6,0,"LIV",286,1,"SGW"
"Marsh (CRY)",7,0,"EVE",286,1,"SGW"
"Marsh (CRY)",8,0,"BOU",286,1,"SGW"
"Marsh (CRY)",9,0,"ARS",286,1,"SGW"
"Marsh (CRY)",10,0,"BRE",286,1,"SGW"
"Marsh (CRY)",11,0,"BHA",286,1,"SGW"
"Marsh (CRY)",12,0,"WOL",286,1,"SGW"
"Marsh (CRY)",13,0,"MUN",286,1,"SGW"
"Marsh (CRY)",14,0,"BUR",286,1,"SGW"
"Marsh (CRY)",15,0,"FUL",286,1,"SGW"
"Marsh (CRY)",16,0,"MCI",286,1,"SGW"
"Marsh (CRY)",17,0,"LEE",286,1,"SGW"
"Marsh (CRY)",18,0,"TOT",286,1,"SGW"
"Marsh (CRY)",19,0,"FUL",286,1,"SGW"
"Marsh (CRY)",20,0,"NEW",286,1,"SGW"
"Marsh (CRY)",21,0,"AVL",286,1,"SGW"
"Marsh (CRY)",22,0,"SUN",286,1,"SGW"
"Marsh (CRY)",23,0,"CHE",286,1,"SGW"
"Marshall (WHU)",1,0,"SUN",626,1,"SGW"
"Marshall (WHU)",2,0,"CHE",626,1,"SGW"
"Marshall (WHU)",3,0,"NFO",626,1,"SGW"
"Marshall (WHU)",4,0,"TOT",626,1,"SGW"
"Marshall (WHU)",5,0,"CRY",626,1,"SGW"
"Marshall (WHU)",6,0,"EVE",626,1,"SGW"
"Marshall (WHU)",7,1,"ARS",626,1,"SGW"
"Marshall (WHU)",8,1,"BRE",626,1,"SGW"
"Marshall (WHU)",9,0,"LEE",626,1,"SGW"
"Marshall (WHU)",10,0,"NEW",626,1,"SGW"
"Marshall (WHU)",11,0,"BUR",626,1,"SGW"
"Marshall (WHU)",12,0,"BOU",626,1,"SGW"
"Marshall (WHU)",13,0,"LIV",626,1,"SGW"
"Marshall (WHU)",14,0,"MUN",626,1,"SGW"
"Marshall (WHU)",15,0,"BHA",626,1,"SGW"
"Marshall (WHU)",16,0,"AVL",626,1,"SGW"
"Marshall (WHU)",17,0,"MCI",626,1,"SGW"
"Marshall (WHU)",18,0,"FUL",626,1,"SGW"
"Marshall (WHU)",19,0,"BHA",626,1,"SGW"
"Marshall (WHU)",20,0,"WOL",626,1,"SGW"
"Marshall (WHU)",21,0,"NFO",626,1,"SGW"
"Marshall (WHU)",22,0,"TOT",626,1,"SGW"
"Marshall (WHU)",23,0,"SUN",626,1,"SGW"
"Martinelli (ARS)",1,1,"MUN",19,1,"SGW"
"Martinelli (ARS)",2,0,"LEE",19,1,"SGW"
"Martinelli (ARS)",3,3,"LIV",19,1,"SGW"
"Martinelli (ARS)",4,1,"NFO",19,1,"SGW"
"Martinelli (ARS)",5,7,"MCI",19,1,"SGW"
"Martinelli (ARS)",6,1,"NEW",19,1,"SGW"
"Martinelli (ARS)",7,1,"WHU",19,1,"SGW"
"Martinelli (ARS)",8,1,"FUL",19,1,"SGW"
"Martinelli (ARS)",9,1,"CRY",19,1,"SGW"
"Martinelli (ARS)",10,0,"BUR",19,1,"SGW"
"Martinelli (ARS)",11,0,"SUN",19,1,"SGW"
"Martinelli (ARS)",12,0,"TOT",19,1,"SGW"
"Martinelli (ARS)",13,1,"CHE",19,1,"SGW"
"Martinelli (ARS)",14,3,"BRE",19,1,"SGW"
"Martinelli (ARS)",15,1,"AVL",19,1,"SGW"
"Martinelli (ARS)",16,1,"WOL",19,1,"SGW"
"Martinelli (ARS)",17,0,"EVE",19,1,"SGW"
"Martinelli (ARS)",18,1,"BHA",19,1,"SGW"
"Martinelli (ARS)",19,0,"AVL",19,1,"SGW"
"Martinelli (ARS)",20,5,"BOU",19,1,"SGW"
"Martinelli (ARS)",21,0,"LIV",19,1,"SGW"
"Martinelli (ARS)",22,1,"NFO",19,1,"SGW"
"Martinelli (ARS)",23,0,"MUN",19,1,"SGW"
"Martinez (AVL)",1,0,"NEW",32,1,"SGW"
"Martinez (AVL)",2,2,"BRE",32,1,"SGW"
"Martinez (AVL)",3,0,"CRY",32,1,"SGW"
"Martinez (AVL)",4,6,"EVE",32,1,"SGW"
"Martinez (AVL)",5,3,"SUN",32,1,"SGW"
"Martinez (AVL)",6,3,"FUL",32,1,"SGW"
"Martinez (AVL)",7,1,"BUR",32,1,"SGW"
"Martinez (AVL)",8,2,"TOT",32,1,"SGW"
"Martinez (AVL)",9,8,"MCI",32,1,"SGW"
"Martinez (AVL)",10,1,"LIV",32,1,"SGW"
"Martinez (AVL)",11,14,"BOU",32,1,"SGW"
"Martinez (AVL)",12,3,"LEE",32,1,"SGW"
"Martinez (AVL)",13,7,"WOL",32,1,"SGW"
"Martinez (AVL)",14,0,"BHA",32,1,"SGW"
"Martinez (AVL)",15,4,"ARS",32,1,"SGW"
"Martinez (AVL)",16,0,"WHU",32,1,"SGW"
"Martinez (AVL)",17,3,"MUN",32,1,"SGW"
"Martinez (AVL)",18,2,"CHE",32,1,"SGW"
"Martinez (AVL)",19,1,"ARS",32,1,"SGW"
"Martinez (AVL)",20,3,"NFO",32,1,"SGW"
"Martinez (AVL)",21,1,"CRY",32,1,"SGW"
"Martinez (AVL)",22,2,"EVE",32,1,"SGW"
"Martinez (AVL)",23,10,"NEW",32,1,"SGW"
"Martinez (MUN)",1,0,"ARS",437,1,"SGW"
"Martinez (MUN)",2,0,"FUL",437,1,"SGW"
"Martinez (MUN)",3,0,"BUR",437,1,"SGW"
"Martinez (MUN)",4,0,"MCI",437,1,"SGW"
"Martinez (MUN)",5,0,"CHE",437,1,"SGW"
"Martinez (MUN)",6,0,"BRE",437,1,"SGW"
"Martinez (MUN)",7,0,"SUN",437,1,"SGW"
"Martinez (MUN)",8,0,"LIV",437,1,"SGW"
"Martinez (MUN)",9,0,"BHA",437,1,"SGW"
"Martinez (MUN)",10,0,"NFO",437,1,"SGW"
"Martinez (MUN)",11,0,"TOT",437,1,"SGW"
"Martinez (MUN)",12,0,"EVE",437,1,"SGW"
"Martinez (MUN)",13,1,"CRY",437,1,"SGW"
"Martinez (MUN)",14,1,"WHU",437,1,"SGW"
"Martinez (MUN)",15,1,"WOL",437,1,"SGW"
"Martinez (MUN)",16,1,"BOU",437,1,"SGW"
"Martinez (MUN)",17,1,"AVL",437,1,"SGW"
"Martinez (MUN)",18,10,"NEW",437,1,"SGW"
"Martinez (MUN)",19,2,"WOL",437,1,"SGW"
"Martinez (MUN)",20,4,"LEE",437,1,"SGW"
"Martinez (MUN)",21,1,"BUR",437,1,"SGW"
"Martinez (MUN)",22,8,"MCI",437,1,"SGW"
"Martinez (MUN)",23,-1,"ARS",437,1,"SGW"
"Masuaku (SUN)",1,0,"WHU",678,1,"SGW"
"Masuaku (SUN)",2,0,"BUR",678,1,"SGW"
"Masuaku (SUN)",3,0,"BRE",678,1,"SGW"
"Masuaku (SUN)",4,0,"CRY",678,1,"SGW"
"Masuaku (SUN)",5,1,"AVL",678,1,"SGW"
"Masuaku (SUN)",6,0,"NFO",678,1,"SGW"
"Masuaku (SUN)",7,0,"MUN",678,1,"SGW"
"Masuaku (SUN)",8,0,"WOL",678,1,"SGW"
"Masuaku (SUN)",9,0,"CHE",678,1,"SGW"
"Masuaku (SUN)",10,0,"EVE",678,1,"SGW"
"Masuaku (SUN)",11,0,"ARS",678,1,"SGW"
"Masuaku (SUN)",12,0,"FUL",678,1,"SGW"
"Masuaku (SUN)",13,0,"BOU",678,1,"SGW"
"Masuaku (SUN)",14,0,"LIV",678,1,"SGW"
"Masuaku (SUN)",15,0,"MCI",678,1,"SGW"
"Masuaku (SUN)",16,0,"NEW",678,1,"SGW"
"Masuaku (SUN)",17,0,"BHA",678,1,"SGW"
"Masuaku (SUN)",18,0,"LEE",678,1,"SGW"
"Masuaku (SUN)",19,0,"MCI",678,1,"SGW"
"Masuaku (SUN)",20,0,"TOT",678,1,"SGW"
"Masuaku (SUN)",21,0,"BRE",678,1,"SGW"
"Masuaku (SUN)",22,0,"CRY",678,1,"SGW"
"Masuaku (SUN)",23,0,"WHU",678,1,"SGW"
"Mateo Joseph (LEE)",1,0,"EVE",364,1,"SGW"
"Mateo Joseph (LEE)",2,0,"ARS",364,1,"SGW"
"Mateo Joseph (LEE)",3,0,"NEW",364,1,"SGW"
"Mateo Joseph (LEE)",4,0,"FUL",364,1,"SGW"
"Mateo Joseph (LEE)",5,0,"WOL",364,1,"SGW"
"Mateo Joseph (LEE)",6,0,"BOU",364,1,"SGW"
"Mateo Joseph (LEE)",7,0,"TOT",364,1,"SGW"
"Mateo Joseph (LEE)",8,0,"BUR",364,1,"SGW"
"Mateo Joseph (LEE)",9,0,"WHU",364,1,"SGW"
"Mateo Joseph (LEE)",10,0,"BHA",364,1,"SGW"
"Mateo Joseph (LEE)",11,0,"NFO",364,1,"SGW"
"Mateo Joseph (LEE)",12,0,"AVL",364,1,"SGW"
"Mateo Joseph (LEE)",13,0,"MCI",364,1,"SGW"
"Mateo Joseph (LEE)",14,0,"CHE",364,1,"SGW"
"Mateo Joseph (LEE)",15,0,"LIV",364,1,"SGW"
"Mateo Joseph (LEE)",16,0,"BRE",364,1,"SGW"
"Mateo Joseph (LEE)",17,0,"CRY",364,1,"SGW"
"Mateo Joseph (LEE)",18,0,"SUN",364,1,"SGW"
"Mateo Joseph (LEE)",19,0,"LIV",364,1,"SGW"
"Mateo Joseph (LEE)",20,0,"MUN",364,1,"SGW"
"Mateo Joseph (LEE)",21,0,"NEW",364,1,"SGW"
"Mateo Joseph (LEE)",22,0,"FUL",364,1,"SGW"
"Mateo Joseph (LEE)",23,0,"EVE",364,1,"SGW"
"Mateta (CRY)",1,1,"CHE",283,1,"SGW"
"Mateta (CRY)",2,2,"NFO",283,1,"SGW"
"Mateta (CRY)",3,5,"AVL",283,1,"SGW"
"Mateta (CRY)",4,2,"SUN",283,1,"SGW"
"Mateta (CRY)",5,6,"WHU",283,1,"SGW"
"Mateta (CRY)",6,2,"LIV",283,1,"SGW"
"Mateta (CRY)",7,2,"EVE",283,1,"SGW"
"Mateta (CRY)",8,17,"BOU",283,1,"SGW"
"Mateta (CRY)",9,2,"ARS",283,1,"SGW"
"Mateta (CRY)",10,9,"BRE",283,1,"SGW"
"Mateta (CRY)",11,2,"BHA",283,1,"SGW"
"Mateta (CRY)",12,1,"WOL",283,1,"SGW"
"Mateta (CRY)",13,6,"MUN",283,1,"SGW"
"Mateta (CRY)",14,2,"BUR",283,1,"SGW"
"Mateta (CRY)",15,2,"FUL",283,1,"SGW"
"Mateta (CRY)",16,2,"MCI",283,1,"SGW"
"Mateta (CRY)",17,2,"LEE",283,1,"SGW"
"Mateta (CRY)",18,2,"TOT",283,1,"SGW"
"Mateta (CRY)",19,9,"FUL",283,1,"SGW"
"Mateta (CRY)",20,2,"NEW",283,1,"SGW"
"Mateta (CRY)",21,2,"AVL",283,1,"SGW"
"Mateta (CRY)",22,2,"SUN",283,1,"SGW"
"Mateta (CRY)",23,2,"CHE",283,1,"SGW"
"Matete (SUN)",1,0,"WHU",558,1,"SGW"
"Matete (SUN)",2,0,"BUR",558,1,"SGW"
"Matete (SUN)",3,0,"BRE",558,1,"SGW"
"Matete (SUN)",4,0,"CRY",558,1,"SGW"
"Matete (SUN)",5,0,"AVL",558,1,"SGW"
"Matete (SUN)",6,0,"NFO",558,1,"SGW"
"Matete (SUN)",7,0,"MUN",558,1,"SGW"
"Matete (SUN)",8,0,"WOL",558,1,"SGW"
"Matete (SUN)",9,0,"CHE",558,1,"SGW"
"Matete (SUN)",10,0,"EVE",558,1,"SGW"
"Matete (SUN)",11,0,"ARS",558,1,"SGW"
"Matete (SUN)",12,0,"FUL",558,1,"SGW"
"Matete (SUN)",13,0,"BOU",558,1,"SGW"
"Matete (SUN)",14,0,"LIV",558,1,"SGW"
"Matete (SUN)",15,0,"MCI",558,1,"SGW"
"Matete (SUN)",16,0,"NEW",558,1,"SGW"
"Matete (SUN)",17,0,"BHA",558,1,"SGW"
"Matete (SUN)",18,0,"LEE",558,1,"SGW"
"Matete (SUN)",19,0,"MCI",558,1,"SGW"
"Matete (SUN)",20,0,"TOT",558,1,"SGW"
"Matete (SUN)",21,0,"BRE",558,1,"SGW"
"Matete (SUN)",22,0,"CRY",558,1,"SGW"
"Matete (SUN)",23,0,"WHU",558,1,"SGW"
"Matheus N. (MCI)",1,1,"WOL",407,1,"SGW"
"Matheus N. (MCI)",2,0,"TOT",407,1,"SGW"
"Matheus N. (MCI)",3,2,"BHA",407,1,"SGW"
"Matheus N. (MCI)",4,0,"MUN",407,1,"SGW"
"Matheus N. (MCI)",5,1,"ARS",407,1,"SGW"
"Matheus N. (MCI)",6,12,"BUR",407,1,"SGW"
"Matheus N. (MCI)",7,5,"BRE",407,1,"SGW"
"Matheus N. (MCI)",8,7,"EVE",407,1,"SGW"
"Matheus N. (MCI)",9,2,"AVL",407,1,"SGW"
"Matheus N. (MCI)",10,2,"BOU",407,1,"SGW"
"Matheus N. (MCI)",11,13,"LIV",407,1,"SGW"
"Matheus N. (MCI)",12,1,"NEW",407,1,"SGW"
"Matheus N. (MCI)",13,3,"LEE",407,1,"SGW"
"Matheus N. (MCI)",14,2,"FUL",407,1,"SGW"
"Matheus N. (MCI)",15,6,"SUN",407,1,"SGW"
"Matheus N. (MCI)",16,11,"CRY",407,1,"SGW"
"Matheus N. (MCI)",17,8,"WHU",407,1,"SGW"
"Matheus N. (MCI)",18,4,"NFO",407,1,"SGW"
"Matheus N. (MCI)",19,11,"SUN",407,1,"SGW"
"Matheus N. (MCI)",20,1,"CHE",407,1,"SGW"
"Matheus N. (MCI)",21,2,"BHA",407,1,"SGW"
"Matheus N. (MCI)",22,0,"MUN",407,1,"SGW"
"Matheus N. (MCI)",23,11,"WOL",407,1,"SGW"
"Matthews (CRY)",1,0,"CHE",255,1,"SGW"
"Matthews (CRY)",2,0,"NFO",255,1,"SGW"
"Matthews (CRY)",3,0,"AVL",255,1,"SGW"
"Matthews (CRY)",4,0,"SUN",255,1,"SGW"
"Matthews (CRY)",5,0,"WHU",255,1,"SGW"
"Matthews (CRY)",6,0,"LIV",255,1,"SGW"
"Matthews (CRY)",7,0,"EVE",255,1,"SGW"
"Matthews (CRY)",8,0,"BOU",255,1,"SGW"
"Matthews (CRY)",9,0,"ARS",255,1,"SGW"
"Matthews (CRY)",10,0,"BRE",255,1,"SGW"
"Matthews (CRY)",11,0,"BHA",255,1,"SGW"
"Matthews (CRY)",12,0,"WOL",255,1,"SGW"
"Matthews (CRY)",13,0,"MUN",255,1,"SGW"
"Matthews (CRY)",14,0,"BUR",255,1,"SGW"
"Matthews (CRY)",15,0,"FUL",255,1,"SGW"
"Matthews (CRY)",16,0,"MCI",255,1,"SGW"
"Matthews (CRY)",17,0,"LEE",255,1,"SGW"
"Matthews (CRY)",18,0,"TOT",255,1,"SGW"
"Matthews (CRY)",19,0,"FUL",255,1,"SGW"
"Matthews (CRY)",20,0,"NEW",255,1,"SGW"
"Matthews (CRY)",21,0,"AVL",255,1,"SGW"
"Matthews (CRY)",22,0,"SUN",255,1,"SGW"
"Matthews (CRY)",23,0,"CHE",255,1,"SGW"
"Mavropanos (WHU)",1,0,"SUN",606,1,"SGW"
"Mavropanos (WHU)",2,0,"CHE",606,1,"SGW"
"Mavropanos (WHU)",3,6,"NFO",606,1,"SGW"
"Mavropanos (WHU)",4,3,"TOT",606,1,"SGW"
"Mavropanos (WHU)",5,3,"CRY",606,1,"SGW"
"Mavropanos (WHU)",6,1,"EVE",606,1,"SGW"
"Mavropanos (WHU)",7,3,"ARS",606,1,"SGW"
"Mavropanos (WHU)",8,1,"BRE",606,1,"SGW"
"Mavropanos (WHU)",9,0,"LEE",606,1,"SGW"
"Mavropanos (WHU)",10,0,"NEW",606,1,"SGW"
"Mavropanos (WHU)",11,0,"BUR",606,1,"SGW"
"Mavropanos (WHU)",12,0,"BOU",606,1,"SGW"
"Mavropanos (WHU)",13,3,"LIV",606,1,"SGW"
"Mavropanos (WHU)",14,4,"MUN",606,1,"SGW"
"Mavropanos (WHU)",15,4,"BHA",606,1,"SGW"
"Mavropanos (WHU)",16,1,"AVL",606,1,"SGW"
"Mavropanos (WHU)",17,1,"MCI",606,1,"SGW"
"Mavropanos (WHU)",18,0,"FUL",606,1,"SGW"
"Mavropanos (WHU)",19,1,"BHA",606,1,"SGW"
"Mavropanos (WHU)",20,1,"WOL",606,1,"SGW"
"Mavropanos (WHU)",21,2,"NFO",606,1,"SGW"
"Mavropanos (WHU)",22,4,"TOT",606,1,"SGW"
"Mavropanos (WHU)",23,2,"SUN",606,1,"SGW"
"Mayenda (SUN)",1,8,"WHU",561,1,"SGW"
"Mayenda (SUN)",2,2,"BUR",561,1,"SGW"
"Mayenda (SUN)",3,2,"BRE",561,1,"SGW"
"Mayenda (SUN)",4,0,"CRY",561,1,"SGW"
"Mayenda (SUN)",5,1,"AVL",561,1,"SGW"
"Mayenda (SUN)",6,0,"NFO",561,1,"SGW"
"Mayenda (SUN)",7,1,"MUN",561,1,"SGW"
"Mayenda (SUN)",8,1,"WOL",561,1,"SGW"
"Mayenda (SUN)",9,0,"CHE",561,1,"SGW"
"Mayenda (SUN)",10,0,"EVE",561,1,"SGW"
"Mayenda (SUN)",11,1,"ARS",561,1,"SGW"
"Mayenda (SUN)",12,1,"FUL",561,1,"SGW"
"Mayenda (SUN)",13,0,"BOU",561,1,"SGW"
"Mayenda (SUN)",14,0,"LIV",561,1,"SGW"
"Mayenda (SUN)",15,0,"MCI",561,1,"SGW"
"Mayenda (SUN)",16,0,"NEW",561,1,"SGW"
"Mayenda (SUN)",17,0,"BHA",561,1,"SGW"
"Mayenda (SUN)",18,1,"LEE",561,1,"SGW"
"Mayenda (SUN)",19,2,"MCI",561,1,"SGW"
"Mayenda (SUN)",20,2,"TOT",561,1,"SGW"
"Mayenda (SUN)",21,1,"BRE",561,1,"SGW"
"Mayenda (SUN)",22,1,"CRY",561,1,"SGW"
"Mayenda (SUN)",23,2,"WHU",561,1,"SGW"
"Mayers (WHU)",1,NA,NA,747,NA,"BGW"
"Mayers (WHU)",2,NA,NA,747,NA,"BGW"
"Mayers (WHU)",3,NA,NA,747,NA,"BGW"
"Mayers (WHU)",4,NA,NA,747,NA,"BGW"
"Mayers (WHU)",5,NA,NA,747,NA,"BGW"
"Mayers (WHU)",6,NA,NA,747,NA,"BGW"
"Mayers (WHU)",7,NA,NA,747,NA,"BGW"
"Mayers (WHU)",8,NA,NA,747,NA,"BGW"
"Mayers (WHU)",9,NA,NA,747,NA,"BGW"
"Mayers (WHU)",10,0,"NEW",747,1,"SGW"
"Mayers (WHU)",11,0,"BUR",747,1,"SGW"
"Mayers (WHU)",12,0,"BOU",747,1,"SGW"
"Mayers (WHU)",13,0,"LIV",747,1,"SGW"
"Mayers (WHU)",14,0,"MUN",747,1,"SGW"
"Mayers (WHU)",15,1,"BHA",747,1,"SGW"
"Mayers (WHU)",16,0,"AVL",747,1,"SGW"
"Mayers (WHU)",17,1,"MCI",747,1,"SGW"
"Mayers (WHU)",18,0,"FUL",747,1,"SGW"
"Mayers (WHU)",19,1,"BHA",747,1,"SGW"
"Mayers (WHU)",20,1,"WOL",747,1,"SGW"
"Mayers (WHU)",21,1,"NFO",747,1,"SGW"
"Mayers (WHU)",22,0,"TOT",747,1,"SGW"
"Mayers (WHU)",23,0,"SUN",747,1,"SGW"
"Mazilu (BHA)",1,0,"FUL",176,1,"SGW"
"Mazilu (BHA)",2,0,"EVE",176,1,"SGW"
"Mazilu (BHA)",3,0,"MCI",176,1,"SGW"
"Mazilu (BHA)",4,0,"BOU",176,1,"SGW"
"Mazilu (BHA)",5,0,"TOT",176,1,"SGW"
"Mazilu (BHA)",6,0,"CHE",176,1,"SGW"
"Mazilu (BHA)",7,0,"WOL",176,1,"SGW"
"Mazilu (BHA)",8,0,"NEW",176,1,"SGW"
"Mazilu (BHA)",9,0,"MUN",176,1,"SGW"
"Mazilu (BHA)",10,0,"LEE",176,1,"SGW"
"Mazilu (BHA)",11,0,"CRY",176,1,"SGW"
"Mazilu (BHA)",12,0,"BRE",176,1,"SGW"
"Mazilu (BHA)",13,0,"NFO",176,1,"SGW"
"Mazilu (BHA)",14,0,"AVL",176,1,"SGW"
"Mazilu (BHA)",15,0,"WHU",176,1,"SGW"
"Mazilu (BHA)",16,0,"LIV",176,1,"SGW"
"Mazilu (BHA)",17,0,"SUN",176,1,"SGW"
"Mazilu (BHA)",18,0,"ARS",176,1,"SGW"
"Mazilu (BHA)",19,0,"WHU",176,1,"SGW"
"Mazilu (BHA)",20,0,"BUR",176,1,"SGW"
"Mazilu (BHA)",21,0,"MCI",176,1,"SGW"
"Mazilu (BHA)",22,0,"BOU",176,1,"SGW"
"Mazilu (BHA)",23,0,"FUL",176,1,"SGW"
"Mazraoui (MUN)",1,0,"ARS",438,1,"SGW"
"Mazraoui (MUN)",2,0,"FUL",438,1,"SGW"
"Mazraoui (MUN)",3,1,"BUR",438,1,"SGW"
"Mazraoui (MUN)",4,1,"MCI",438,1,"SGW"
"Mazraoui (MUN)",5,7,"CHE",438,1,"SGW"
"Mazraoui (MUN)",6,0,"BRE",438,1,"SGW"
"Mazraoui (MUN)",7,0,"SUN",438,1,"SGW"
"Mazraoui (MUN)",8,0,"LIV",438,1,"SGW"
"Mazraoui (MUN)",9,0,"BHA",438,1,"SGW"
"Mazraoui (MUN)",10,0,"NFO",438,1,"SGW"
"Mazraoui (MUN)",11,1,"TOT",438,1,"SGW"
"Mazraoui (MUN)",12,1,"EVE",438,1,"SGW"
"Mazraoui (MUN)",13,1,"CRY",438,1,"SGW"
"Mazraoui (MUN)",14,3,"WHU",438,1,"SGW"
"Mazraoui (MUN)",15,2,"WOL",438,1,"SGW"
"Mazraoui (MUN)",16,0,"BOU",438,1,"SGW"
"Mazraoui (MUN)",17,0,"AVL",438,1,"SGW"
"Mazraoui (MUN)",18,0,"NEW",438,1,"SGW"
"Mazraoui (MUN)",19,0,"WOL",438,1,"SGW"
"Mazraoui (MUN)",20,0,"LEE",438,1,"SGW"
"Mazraoui (MUN)",21,0,"BUR",438,1,"SGW"
"Mazraoui (MUN)",22,0,"MCI",438,1,"SGW"
"Mazraoui (MUN)",23,1,"ARS",438,1,"SGW"
"Mbeumo (MUN)",1,2,"ARS",119,1,"SGW"
"Mbeumo (MUN)",2,2,"FUL",119,1,"SGW"
"Mbeumo (MUN)",3,10,"BUR",119,1,"SGW"
"Mbeumo (MUN)",4,2,"MCI",119,1,"SGW"
"Mbeumo (MUN)",5,3,"CHE",119,1,"SGW"
"Mbeumo (MUN)",6,2,"BRE",119,1,"SGW"
"Mbeumo (MUN)",7,6,"SUN",119,1,"SGW"
"Mbeumo (MUN)",8,9,"LIV",119,1,"SGW"
"Mbeumo (MUN)",9,15,"BHA",119,1,"SGW"
"Mbeumo (MUN)",10,2,"NFO",119,1,"SGW"
"Mbeumo (MUN)",11,7,"TOT",119,1,"SGW"
"Mbeumo (MUN)",12,1,"EVE",119,1,"SGW"
"Mbeumo (MUN)",13,1,"CRY",119,1,"SGW"
"Mbeumo (MUN)",14,2,"WHU",119,1,"SGW"
"Mbeumo (MUN)",15,8,"WOL",119,1,"SGW"
"Mbeumo (MUN)",16,2,"BOU",119,1,"SGW"
"Mbeumo (MUN)",17,0,"AVL",119,1,"SGW"
"Mbeumo (MUN)",18,0,"NEW",119,1,"SGW"
"Mbeumo (MUN)",19,0,"WOL",119,1,"SGW"
"Mbeumo (MUN)",20,0,"LEE",119,1,"SGW"
"Mbeumo (MUN)",21,0,"BUR",119,1,"SGW"
"Mbeumo (MUN)",22,9,"MCI",119,1,"SGW"
"Mbeumo (MUN)",23,10,"ARS",119,1,"SGW"
"McAidoo (MCI)",1,NA,NA,742,NA,"BGW"
"McAidoo (MCI)",2,NA,NA,742,NA,"BGW"
"McAidoo (MCI)",3,NA,NA,742,NA,"BGW"
"McAidoo (MCI)",4,NA,NA,742,NA,"BGW"
"McAidoo (MCI)",5,NA,NA,742,NA,"BGW"
"McAidoo (MCI)",6,0,"BUR",742,1,"SGW"
"McAidoo (MCI)",7,0,"BRE",742,1,"SGW"
"McAidoo (MCI)",8,0,"EVE",742,1,"SGW"
"McAidoo (MCI)",9,0,"AVL",742,1,"SGW"
"McAidoo (MCI)",10,0,"BOU",742,1,"SGW"
"McAidoo (MCI)",11,0,"LIV",742,1,"SGW"
"McAidoo (MCI)",12,0,"NEW",742,1,"SGW"
"McAidoo (MCI)",13,0,"LEE",742,1,"SGW"
"McAidoo (MCI)",14,0,"FUL",742,1,"SGW"
"McAidoo (MCI)",15,0,"SUN",742,1,"SGW"
"McAidoo (MCI)",16,0,"CRY",742,1,"SGW"
"McAidoo (MCI)",17,0,"WHU",742,1,"SGW"
"McAidoo (MCI)",18,0,"NFO",742,1,"SGW"
"McAidoo (MCI)",19,0,"SUN",742,1,"SGW"
"McAidoo (MCI)",20,0,"CHE",742,1,"SGW"
"McAidoo (MCI)",21,0,"BHA",742,1,"SGW"
"McAidoo (MCI)",22,0,"MUN",742,1,"SGW"
"McAidoo (MCI)",23,0,"WOL",742,1,"SGW"
"McAtee (NFO)",1,0,"WOL",426,1,"SGW"
"McAtee (NFO)",2,1,"CRY",426,1,"SGW"
"McAtee (NFO)",3,1,"WHU",426,1,"SGW"
"McAtee (NFO)",4,1,"ARS",426,1,"SGW"
"McAtee (NFO)",5,0,"BUR",426,1,"SGW"
"McAtee (NFO)",6,1,"SUN",426,1,"SGW"
"McAtee (NFO)",7,0,"NEW",426,1,"SGW"
"McAtee (NFO)",8,0,"CHE",426,1,"SGW"
"McAtee (NFO)",9,0,"BOU",426,1,"SGW"
"McAtee (NFO)",10,0,"MUN",426,1,"SGW"
"McAtee (NFO)",11,0,"LEE",426,1,"SGW"
"McAtee (NFO)",12,0,"LIV",426,1,"SGW"
"McAtee (NFO)",13,1,"BHA",426,1,"SGW"
"McAtee (NFO)",14,0,"WOL",426,1,"SGW"
"McAtee (NFO)",15,0,"EVE",426,1,"SGW"
"McAtee (NFO)",16,0,"TOT",426,1,"SGW"
"McAtee (NFO)",17,1,"FUL",426,1,"SGW"
"McAtee (NFO)",18,0,"MCI",426,1,"SGW"
"McAtee (NFO)",19,0,"EVE",426,1,"SGW"
"McAtee (NFO)",20,0,"AVL",426,1,"SGW"
"McAtee (NFO)",21,0,"WHU",426,1,"SGW"
"McAtee (NFO)",22,0,"ARS",426,1,"SGW"
"McAtee (NFO)",23,0,"BRE",426,1,"SGW"
"McConnell (LIV)",1,0,"BOU",394,1,"SGW"
"McConnell (LIV)",2,0,"NEW",394,1,"SGW"
"McConnell (LIV)",3,0,"ARS",394,1,"SGW"
"McConnell (LIV)",4,0,"BUR",394,1,"SGW"
"McConnell (LIV)",5,0,"EVE",394,1,"SGW"
"McConnell (LIV)",6,0,"CRY",394,1,"SGW"
"McConnell (LIV)",7,0,"CHE",394,1,"SGW"
"McConnell (LIV)",8,0,"MUN",394,1,"SGW"
"McConnell (LIV)",9,0,"BRE",394,1,"SGW"
"McConnell (LIV)",10,0,"AVL",394,1,"SGW"
"McConnell (LIV)",11,0,"MCI",394,1,"SGW"
"McConnell (LIV)",12,0,"NFO",394,1,"SGW"
"McConnell (LIV)",13,0,"WHU",394,1,"SGW"
"McConnell (LIV)",14,0,"SUN",394,1,"SGW"
"McConnell (LIV)",15,0,"LEE",394,1,"SGW"
"McConnell (LIV)",16,0,"BHA",394,1,"SGW"
"McConnell (LIV)",17,0,"TOT",394,1,"SGW"
"McConnell (LIV)",18,0,"WOL",394,1,"SGW"
"McConnell (LIV)",19,0,"LEE",394,1,"SGW"
"McConnell (LIV)",20,0,"FUL",394,1,"SGW"
"McConnell (LIV)",21,0,"ARS",394,1,"SGW"
"McConnell (LIV)",22,0,"BUR",394,1,"SGW"
"McConnell (LIV)",23,0,"BOU",394,1,"SGW"
"McGill (BHA)",1,0,"FUL",140,1,"SGW"
"McGill (BHA)",2,0,"EVE",140,1,"SGW"
"McGill (BHA)",3,0,"MCI",140,1,"SGW"
"McGill (BHA)",4,0,"BOU",140,1,"SGW"
"McGill (BHA)",5,0,"TOT",140,1,"SGW"
"McGill (BHA)",6,0,"CHE",140,1,"SGW"
"McGill (BHA)",7,0,"WOL",140,1,"SGW"
"McGill (BHA)",8,0,"NEW",140,1,"SGW"
"McGill (BHA)",9,0,"MUN",140,1,"SGW"
"McGill (BHA)",10,0,"LEE",140,1,"SGW"
"McGill (BHA)",11,0,"CRY",140,1,"SGW"
"McGill (BHA)",12,0,"BRE",140,1,"SGW"
"McGill (BHA)",13,0,"NFO",140,1,"SGW"
"McGill (BHA)",14,0,"AVL",140,1,"SGW"
"McGill (BHA)",15,0,"WHU",140,1,"SGW"
"McGill (BHA)",16,0,"LIV",140,1,"SGW"
"McGill (BHA)",17,0,"SUN",140,1,"SGW"
"McGill (BHA)",18,0,"ARS",140,1,"SGW"
"McGill (BHA)",19,0,"WHU",140,1,"SGW"
"McGill (BHA)",20,0,"BUR",140,1,"SGW"
"McGill (BHA)",21,0,"MCI",140,1,"SGW"
"McGill (BHA)",22,0,"BOU",140,1,"SGW"
"McGill (BHA)",23,0,"FUL",140,1,"SGW"
"McGinn (AVL)",1,3,"NEW",54,1,"SGW"
"McGinn (AVL)",2,2,"BRE",54,1,"SGW"
"McGinn (AVL)",3,2,"CRY",54,1,"SGW"
"McGinn (AVL)",4,3,"EVE",54,1,"SGW"
"McGinn (AVL)",5,2,"SUN",54,1,"SGW"
"McGinn (AVL)",6,6,"FUL",54,1,"SGW"
"McGinn (AVL)",7,3,"BUR",54,1,"SGW"
"McGinn (AVL)",8,2,"TOT",54,1,"SGW"
"McGinn (AVL)",9,3,"MCI",54,1,"SGW"
"McGinn (AVL)",10,1,"LIV",54,1,"SGW"
"McGinn (AVL)",11,3,"BOU",54,1,"SGW"
"McGinn (AVL)",12,1,"LEE",54,1,"SGW"
"McGinn (AVL)",13,9,"WOL",54,1,"SGW"
"McGinn (AVL)",14,1,"BHA",54,1,"SGW"
"McGinn (AVL)",15,2,"ARS",54,1,"SGW"
"McGinn (AVL)",16,2,"WHU",54,1,"SGW"
"McGinn (AVL)",17,5,"MUN",54,1,"SGW"
"McGinn (AVL)",18,1,"CHE",54,1,"SGW"
"McGinn (AVL)",19,1,"ARS",54,1,"SGW"
"McGinn (AVL)",20,15,"NFO",54,1,"SGW"
"McGinn (AVL)",21,3,"CRY",54,1,"SGW"
"McGinn (AVL)",22,1,"EVE",54,1,"SGW"
"McGinn (AVL)",23,0,"NEW",54,1,"SGW"
"McKenna (BOU)",1,0,"LIV",69,1,"SGW"
"McKenna (BOU)",2,0,"WOL",69,1,"SGW"
"McKenna (BOU)",3,0,"TOT",69,1,"SGW"
"McKenna (BOU)",4,0,"BHA",69,1,"SGW"
"McKenna (BOU)",5,0,"NEW",69,1,"SGW"
"McKenna (BOU)",6,0,"LEE",69,1,"SGW"
"McKenna (BOU)",7,0,"FUL",69,1,"SGW"
"McKenna (BOU)",8,0,"CRY",69,1,"SGW"
"McKenna (BOU)",9,0,"NFO",69,1,"SGW"
"McKenna (BOU)",10,0,"MCI",69,1,"SGW"
"McKenna (BOU)",11,0,"AVL",69,1,"SGW"
"McKenna (BOU)",12,0,"WHU",69,1,"SGW"
"McKenna (BOU)",13,0,"SUN",69,1,"SGW"
"McKenna (BOU)",14,0,"EVE",69,1,"SGW"
"McKenna (BOU)",15,0,"CHE",69,1,"SGW"
"McKenna (BOU)",16,0,"MUN",69,1,"SGW"
"McKenna (BOU)",17,0,"BUR",69,1,"SGW"
"McKenna (BOU)",18,0,"BRE",69,1,"SGW"
"McKenna (BOU)",19,0,"CHE",69,1,"SGW"
"McKenna (BOU)",20,0,"ARS",69,1,"SGW"
"McKenna (BOU)",21,0,"TOT",69,1,"SGW"
"McKenna (BOU)",22,0,"BHA",69,1,"SGW"
"McKenna (BOU)",23,0,"LIV",69,1,"SGW"
"McNally (FUL)",1,NA,NA,786,NA,"BGW"
"McNally (FUL)",2,NA,NA,786,NA,"BGW"
"McNally (FUL)",3,NA,NA,786,NA,"BGW"
"McNally (FUL)",4,NA,NA,786,NA,"BGW"
"McNally (FUL)",5,NA,NA,786,NA,"BGW"
"McNally (FUL)",6,NA,NA,786,NA,"BGW"
"McNally (FUL)",7,NA,NA,786,NA,"BGW"
"McNally (FUL)",8,NA,NA,786,NA,"BGW"
"McNally (FUL)",9,NA,NA,786,NA,"BGW"
"McNally (FUL)",10,NA,NA,786,NA,"BGW"
"McNally (FUL)",11,NA,NA,786,NA,"BGW"
"McNally (FUL)",12,NA,NA,786,NA,"BGW"
"McNally (FUL)",13,NA,NA,786,NA,"BGW"
"McNally (FUL)",14,NA,NA,786,NA,"BGW"
"McNally (FUL)",15,NA,NA,786,NA,"BGW"
"McNally (FUL)",16,NA,NA,786,NA,"BGW"
"McNally (FUL)",17,NA,NA,786,NA,"BGW"
"McNally (FUL)",18,NA,NA,786,NA,"BGW"
"McNally (FUL)",19,NA,NA,786,NA,"BGW"
"McNally (FUL)",20,0,"LIV",786,1,"SGW"
"McNally (FUL)",21,0,"CHE",786,1,"SGW"
"McNally (FUL)",22,0,"LEE",786,1,"SGW"
"McNally (FUL)",23,0,"BHA",786,1,"SGW"
"McNeil (EVE)",1,0,"LEE",300,1,"SGW"
"McNeil (EVE)",2,1,"BHA",300,1,"SGW"
"McNeil (EVE)",3,0,"WOL",300,1,"SGW"
"McNeil (EVE)",4,0,"AVL",300,1,"SGW"
"McNeil (EVE)",5,0,"LIV",300,1,"SGW"
"McNeil (EVE)",6,0,"WHU",300,1,"SGW"
"McNeil (EVE)",7,0,"CRY",300,1,"SGW"
"McNeil (EVE)",8,1,"MCI",300,1,"SGW"
"McNeil (EVE)",9,0,"TOT",300,1,"SGW"
"McNeil (EVE)",10,1,"SUN",300,1,"SGW"
"McNeil (EVE)",11,0,"FUL",300,1,"SGW"
"McNeil (EVE)",12,1,"MUN",300,1,"SGW"
"McNeil (EVE)",13,1,"NEW",300,1,"SGW"
"McNeil (EVE)",14,1,"BOU",300,1,"SGW"
"McNeil (EVE)",15,1,"NFO",300,1,"SGW"
"McNeil (EVE)",16,0,"CHE",300,1,"SGW"
"McNeil (EVE)",17,2,"ARS",300,1,"SGW"
"McNeil (EVE)",18,5,"BUR",300,1,"SGW"
"McNeil (EVE)",19,6,"NFO",300,1,"SGW"
"McNeil (EVE)",20,1,"BRE",300,1,"SGW"
"McNeil (EVE)",21,2,"WOL",300,1,"SGW"
"McNeil (EVE)",22,5,"AVL",300,1,"SGW"
"McNeil (EVE)",23,1,"LEE",300,1,"SGW"
"Mee (MUN)",1,0,"ARS",435,1,"SGW"
"Mee (MUN)",2,0,"FUL",435,1,"SGW"
"Mee (MUN)",3,0,"BUR",435,1,"SGW"
"Mee (MUN)",4,0,"MCI",435,1,"SGW"
"Mee (MUN)",5,0,"CHE",435,1,"SGW"
"Mee (MUN)",6,0,"BRE",435,1,"SGW"
"Mee (MUN)",7,0,"SUN",435,1,"SGW"
"Mee (MUN)",8,0,"LIV",435,1,"SGW"
"Mee (MUN)",9,0,"BHA",435,1,"SGW"
"Mee (MUN)",10,0,"NFO",435,1,"SGW"
"Mee (MUN)",11,0,"TOT",435,1,"SGW"
"Mee (MUN)",12,0,"EVE",435,1,"SGW"
"Mee (MUN)",13,0,"CRY",435,1,"SGW"
"Mee (MUN)",14,0,"WHU",435,1,"SGW"
"Mee (MUN)",15,0,"WOL",435,1,"SGW"
"Mee (MUN)",16,0,"BOU",435,1,"SGW"
"Mee (MUN)",17,0,"AVL",435,1,"SGW"
"Mee (MUN)",18,0,"NEW",435,1,"SGW"
"Mee (MUN)",19,0,"WOL",435,1,"SGW"
"Mee (MUN)",20,0,"LEE",435,1,"SGW"
"Mee (MUN)",21,0,"BUR",435,1,"SGW"
"Mee (MUN)",22,0,"MCI",435,1,"SGW"
"Mee (MUN)",23,0,"ARS",435,1,"SGW"
"Meghoma (BRE)",1,0,"NFO",118,1,"SGW"
"Meghoma (BRE)",2,0,"AVL",118,1,"SGW"
"Meghoma (BRE)",3,0,"SUN",118,1,"SGW"
"Meghoma (BRE)",4,0,"CHE",118,1,"SGW"
"Meghoma (BRE)",5,0,"FUL",118,1,"SGW"
"Meghoma (BRE)",6,0,"MUN",118,1,"SGW"
"Meghoma (BRE)",7,0,"MCI",118,1,"SGW"
"Meghoma (BRE)",8,0,"WHU",118,1,"SGW"
"Meghoma (BRE)",9,0,"LIV",118,1,"SGW"
"Meghoma (BRE)",10,0,"CRY",118,1,"SGW"
"Meghoma (BRE)",11,0,"NEW",118,1,"SGW"
"Meghoma (BRE)",12,0,"BHA",118,1,"SGW"
"Meghoma (BRE)",13,0,"BUR",118,1,"SGW"
"Meghoma (BRE)",14,0,"ARS",118,1,"SGW"
"Meghoma (BRE)",15,0,"TOT",118,1,"SGW"
"Meghoma (BRE)",16,0,"LEE",118,1,"SGW"
"Meghoma (BRE)",17,0,"WOL",118,1,"SGW"
"Meghoma (BRE)",18,0,"BOU",118,1,"SGW"
"Meghoma (BRE)",19,0,"TOT",118,1,"SGW"
"Meghoma (BRE)",20,0,"EVE",118,1,"SGW"
"Meghoma (BRE)",21,0,"SUN",118,1,"SGW"
"Meghoma (BRE)",22,0,"CHE",118,1,"SGW"
"Meghoma (BRE)",23,0,"NFO",118,1,"SGW"
"Mepham (BOU)",1,0,"LIV",79,1,"SGW"
"Mepham (BOU)",2,0,"WOL",79,1,"SGW"
"Mepham (BOU)",3,0,"TOT",79,1,"SGW"
"Mepham (BOU)",4,0,"BHA",79,1,"SGW"
"Mepham (BOU)",5,0,"NEW",79,1,"SGW"
"Mepham (BOU)",6,0,"LEE",79,1,"SGW"
"Mepham (BOU)",7,0,"FUL",79,1,"SGW"
"Mepham (BOU)",8,0,"CRY",79,1,"SGW"
"Mepham (BOU)",9,0,"NFO",79,1,"SGW"
"Mepham (BOU)",10,0,"MCI",79,1,"SGW"
"Mepham (BOU)",11,0,"AVL",79,1,"SGW"
"Mepham (BOU)",12,0,"WHU",79,1,"SGW"
"Mepham (BOU)",13,0,"SUN",79,1,"SGW"
"Mepham (BOU)",14,0,"EVE",79,1,"SGW"
"Mepham (BOU)",15,0,"CHE",79,1,"SGW"
"Mepham (BOU)",16,0,"MUN",79,1,"SGW"
"Mepham (BOU)",17,0,"BUR",79,1,"SGW"
"Mepham (BOU)",18,0,"BRE",79,1,"SGW"
"Mepham (BOU)",19,0,"CHE",79,1,"SGW"
"Mepham (BOU)",20,0,"ARS",79,1,"SGW"
"Mepham (BOU)",21,0,"TOT",79,1,"SGW"
"Mepham (BOU)",22,0,"BHA",79,1,"SGW"
"Mepham (BOU)",23,0,"LIV",79,1,"SGW"
"Merino (ARS)",1,1,"MUN",22,1,"SGW"
"Merino (ARS)",2,0,"LEE",22,1,"SGW"
"Merino (ARS)",3,3,"LIV",22,1,"SGW"
"Merino (ARS)",4,3,"NFO",22,1,"SGW"
"Merino (ARS)",5,1,"MCI",22,1,"SGW"
"Merino (ARS)",6,6,"NEW",22,1,"SGW"
"Merino (ARS)",7,1,"WHU",22,1,"SGW"
"Merino (ARS)",8,1,"FUL",22,1,"SGW"
"Merino (ARS)",9,1,"CRY",22,1,"SGW"
"Merino (ARS)",10,1,"BUR",22,1,"SGW"
"Merino (ARS)",11,5,"SUN",22,1,"SGW"
"Merino (ARS)",12,5,"TOT",22,1,"SGW"
"Merino (ARS)",13,9,"CHE",22,1,"SGW"
"Merino (ARS)",14,13,"BRE",22,1,"SGW"
"Merino (ARS)",15,1,"AVL",22,1,"SGW"
"Merino (ARS)",16,1,"WOL",22,1,"SGW"
"Merino (ARS)",17,1,"EVE",22,1,"SGW"
"Merino (ARS)",18,2,"BHA",22,1,"SGW"
"Merino (ARS)",19,2,"AVL",22,1,"SGW"
"Merino (ARS)",20,1,"BOU",22,1,"SGW"
"Merino (ARS)",21,0,"LIV",22,1,"SGW"
"Merino (ARS)",22,1,"NFO",22,1,"SGW"
"Merino (ARS)",23,7,"MUN",22,1,"SGW"
"Merrick (CHE)",1,NA,NA,789,NA,"BGW"
"Merrick (CHE)",2,NA,NA,789,NA,"BGW"
"Merrick (CHE)",3,NA,NA,789,NA,"BGW"
"Merrick (CHE)",4,NA,NA,789,NA,"BGW"
"Merrick (CHE)",5,NA,NA,789,NA,"BGW"
"Merrick (CHE)",6,NA,NA,789,NA,"BGW"
"Merrick (CHE)",7,NA,NA,789,NA,"BGW"
"Merrick (CHE)",8,NA,NA,789,NA,"BGW"
"Merrick (CHE)",9,NA,NA,789,NA,"BGW"
"Merrick (CHE)",10,NA,NA,789,NA,"BGW"
"Merrick (CHE)",11,NA,NA,789,NA,"BGW"
"Merrick (CHE)",12,NA,NA,789,NA,"BGW"
"Merrick (CHE)",13,NA,NA,789,NA,"BGW"
"Merrick (CHE)",14,NA,NA,789,NA,"BGW"
"Merrick (CHE)",15,NA,NA,789,NA,"BGW"
"Merrick (CHE)",16,NA,NA,789,NA,"BGW"
"Merrick (CHE)",17,NA,NA,789,NA,"BGW"
"Merrick (CHE)",18,NA,NA,789,NA,"BGW"
"Merrick (CHE)",19,NA,NA,789,NA,"BGW"
"Merrick (CHE)",20,0,"MCI",789,1,"SGW"
"Merrick (CHE)",21,0,"FUL",789,1,"SGW"
"Merrick (CHE)",22,0,"BRE",789,1,"SGW"
"Merrick (CHE)",23,0,"CRY",789,1,"SGW"
"Meslier (LEE)",1,0,"EVE",339,1,"SGW"
"Meslier (LEE)",2,0,"ARS",339,1,"SGW"
"Meslier (LEE)",3,0,"NEW",339,1,"SGW"
"Meslier (LEE)",4,0,"FUL",339,1,"SGW"
"Meslier (LEE)",5,0,"WOL",339,1,"SGW"
"Meslier (LEE)",6,0,"BOU",339,1,"SGW"
"Meslier (LEE)",7,0,"TOT",339,1,"SGW"
"Meslier (LEE)",8,0,"BUR",339,1,"SGW"
"Meslier (LEE)",9,0,"WHU",339,1,"SGW"
"Meslier (LEE)",10,0,"BHA",339,1,"SGW"
"Meslier (LEE)",11,0,"NFO",339,1,"SGW"
"Meslier (LEE)",12,0,"AVL",339,1,"SGW"
"Meslier (LEE)",13,0,"MCI",339,1,"SGW"
"Meslier (LEE)",14,0,"CHE",339,1,"SGW"
"Meslier (LEE)",15,0,"LIV",339,1,"SGW"
"Meslier (LEE)",16,0,"BRE",339,1,"SGW"
"Meslier (LEE)",17,0,"CRY",339,1,"SGW"
"Meslier (LEE)",18,0,"SUN",339,1,"SGW"
"Meslier (LEE)",19,0,"LIV",339,1,"SGW"
"Meslier (LEE)",20,0,"MUN",339,1,"SGW"
"Meslier (LEE)",21,0,"NEW",339,1,"SGW"
"Meslier (LEE)",22,0,"FUL",339,1,"SGW"
"Meslier (LEE)",23,0,"EVE",339,1,"SGW"
"Metcalfe (EVE)",1,0,"LEE",309,1,"SGW"
"Metcalfe (EVE)",2,0,"BHA",309,1,"SGW"
"Metcalfe (EVE)",3,0,"WOL",309,1,"SGW"
"Metcalfe (EVE)",4,0,"AVL",309,1,"SGW"
"Metcalfe (EVE)",5,0,"LIV",309,1,"SGW"
"Metcalfe (EVE)",6,0,"WHU",309,1,"SGW"
"Metcalfe (EVE)",7,0,"CRY",309,1,"SGW"
"Metcalfe (EVE)",8,0,"MCI",309,1,"SGW"
"Metcalfe (EVE)",9,0,"TOT",309,1,"SGW"
"Metcalfe (EVE)",10,0,"SUN",309,1,"SGW"
"Metcalfe (EVE)",11,0,"FUL",309,1,"SGW"
"Metcalfe (EVE)",12,0,"MUN",309,1,"SGW"
"Metcalfe (EVE)",13,0,"NEW",309,1,"SGW"
"Metcalfe (EVE)",14,0,"BOU",309,1,"SGW"
"Metcalfe (EVE)",15,0,"NFO",309,1,"SGW"
"Metcalfe (EVE)",16,0,"CHE",309,1,"SGW"
"Metcalfe (EVE)",17,0,"ARS",309,1,"SGW"
"Metcalfe (EVE)",18,0,"BUR",309,1,"SGW"
"Metcalfe (EVE)",19,0,"NFO",309,1,"SGW"
"Metcalfe (EVE)",20,0,"BRE",309,1,"SGW"
"Metcalfe (EVE)",21,0,"WOL",309,1,"SGW"
"Metcalfe (EVE)",22,0,"AVL",309,1,"SGW"
"Metcalfe (EVE)",23,0,"LEE",309,1,"SGW"
"Meupiyou (WOL)",1,0,"MCI",639,1,"SGW"
"Meupiyou (WOL)",2,0,"BOU",639,1,"SGW"
"Meupiyou (WOL)",3,0,"EVE",639,1,"SGW"
"Meupiyou (WOL)",4,0,"NEW",639,1,"SGW"
"Meupiyou (WOL)",5,0,"LEE",639,1,"SGW"
"Meupiyou (WOL)",6,0,"TOT",639,1,"SGW"
"Meupiyou (WOL)",7,0,"BHA",639,1,"SGW"
"Meupiyou (WOL)",8,0,"SUN",639,1,"SGW"
"Meupiyou (WOL)",9,0,"BUR",639,1,"SGW"
"Meupiyou (WOL)",10,0,"FUL",639,1,"SGW"
"Meupiyou (WOL)",11,0,"CHE",639,1,"SGW"
"Meupiyou (WOL)",12,0,"CRY",639,1,"SGW"
"Meupiyou (WOL)",13,0,"AVL",639,1,"SGW"
"Meupiyou (WOL)",14,0,"NFO",639,1,"SGW"
"Meupiyou (WOL)",15,0,"MUN",639,1,"SGW"
"Meupiyou (WOL)",16,0,"ARS",639,1,"SGW"
"Meupiyou (WOL)",17,0,"BRE",639,1,"SGW"
"Meupiyou (WOL)",18,0,"LIV",639,1,"SGW"
"Meupiyou (WOL)",19,0,"MUN",639,1,"SGW"
"Meupiyou (WOL)",20,0,"WHU",639,1,"SGW"
"Meupiyou (WOL)",21,0,"EVE",639,1,"SGW"
"Meupiyou (WOL)",22,0,"NEW",639,1,"SGW"
"Meupiyou (WOL)",23,0,"MCI",639,1,"SGW"
"Mfuni (MCI)",1,NA,NA,740,NA,"BGW"
"Mfuni (MCI)",2,NA,NA,740,NA,"BGW"
"Mfuni (MCI)",3,NA,NA,740,NA,"BGW"
"Mfuni (MCI)",4,0,"MUN",740,1,"SGW"
"Mfuni (MCI)",5,0,"ARS",740,1,"SGW"
"Mfuni (MCI)",6,0,"BUR",740,1,"SGW"
"Mfuni (MCI)",7,0,"BRE",740,1,"SGW"
"Mfuni (MCI)",8,0,"EVE",740,1,"SGW"
"Mfuni (MCI)",9,0,"AVL",740,1,"SGW"
"Mfuni (MCI)",10,0,"BOU",740,1,"SGW"
"Mfuni (MCI)",11,0,"LIV",740,1,"SGW"
"Mfuni (MCI)",12,0,"NEW",740,1,"SGW"
"Mfuni (MCI)",13,0,"LEE",740,1,"SGW"
"Mfuni (MCI)",14,0,"FUL",740,1,"SGW"
"Mfuni (MCI)",15,0,"SUN",740,1,"SGW"
"Mfuni (MCI)",16,0,"CRY",740,1,"SGW"
"Mfuni (MCI)",17,0,"WHU",740,1,"SGW"
"Mfuni (MCI)",18,0,"NFO",740,1,"SGW"
"Mfuni (MCI)",19,0,"SUN",740,1,"SGW"
"Mfuni (MCI)",20,0,"CHE",740,1,"SGW"
"Mfuni (MCI)",21,0,"BHA",740,1,"SGW"
"Mfuni (MCI)",22,0,"MUN",740,1,"SGW"
"Mfuni (MCI)",23,0,"WOL",740,1,"SGW"
"Milambo (BRE)",1,1,"NFO",122,1,"SGW"
"Milambo (BRE)",2,0,"AVL",122,1,"SGW"
"Milambo (BRE)",3,0,"SUN",122,1,"SGW"
"Milambo (BRE)",4,0,"CHE",122,1,"SGW"
"Milambo (BRE)",5,0,"FUL",122,1,"SGW"
"Milambo (BRE)",6,0,"MUN",122,1,"SGW"
"Milambo (BRE)",7,0,"MCI",122,1,"SGW"
"Milambo (BRE)",8,0,"WHU",122,1,"SGW"
"Milambo (BRE)",9,0,"LIV",122,1,"SGW"
"Milambo (BRE)",10,0,"CRY",122,1,"SGW"
"Milambo (BRE)",11,0,"NEW",122,1,"SGW"
"Milambo (BRE)",12,0,"BHA",122,1,"SGW"
"Milambo (BRE)",13,0,"BUR",122,1,"SGW"
"Milambo (BRE)",14,0,"ARS",122,1,"SGW"
"Milambo (BRE)",15,0,"TOT",122,1,"SGW"
"Milambo (BRE)",16,0,"LEE",122,1,"SGW"
"Milambo (BRE)",17,0,"WOL",122,1,"SGW"
"Milambo (BRE)",18,0,"BOU",122,1,"SGW"
"Milambo (BRE)",19,0,"TOT",122,1,"SGW"
"Milambo (BRE)",20,0,"EVE",122,1,"SGW"
"Milambo (BRE)",21,0,"SUN",122,1,"SGW"
"Milambo (BRE)",22,0,"CHE",122,1,"SGW"
"Milambo (BRE)",23,0,"NFO",122,1,"SGW"
"Milenković (NFO)",1,2,"BRE",505,1,"SGW"
"Milenković (NFO)",2,2,"CRY",505,1,"SGW"
"Milenković (NFO)",3,1,"WHU",505,1,"SGW"
"Milenković (NFO)",4,1,"ARS",505,1,"SGW"
"Milenković (NFO)",5,2,"BUR",505,1,"SGW"
"Milenković (NFO)",6,1,"SUN",505,1,"SGW"
"Milenković (NFO)",7,3,"NEW",505,1,"SGW"
"Milenković (NFO)",8,1,"CHE",505,1,"SGW"
"Milenković (NFO)",9,1,"BOU",505,1,"SGW"
"Milenković (NFO)",10,1,"MUN",505,1,"SGW"
"Milenković (NFO)",11,4,"LEE",505,1,"SGW"
"Milenković (NFO)",12,8,"LIV",505,1,"SGW"
"Milenković (NFO)",13,1,"BHA",505,1,"SGW"
"Milenković (NFO)",14,6,"WOL",505,1,"SGW"
"Milenković (NFO)",15,0,"EVE",505,1,"SGW"
"Milenković (NFO)",16,8,"TOT",505,1,"SGW"
"Milenković (NFO)",17,1,"FUL",505,1,"SGW"
"Milenković (NFO)",18,3,"MCI",505,1,"SGW"
"Milenković (NFO)",19,1,"EVE",505,1,"SGW"
"Milenković (NFO)",20,3,"AVL",505,1,"SGW"
"Milenković (NFO)",21,2,"WHU",505,1,"SGW"
"Milenković (NFO)",22,6,"ARS",505,1,"SGW"
"Milenković (NFO)",23,8,"BRE",505,1,"SGW"
"Milner (BHA)",1,1,"FUL",170,1,"SGW"
"Milner (BHA)",2,0,"EVE",170,1,"SGW"
"Milner (BHA)",3,6,"MCI",170,1,"SGW"
"Milner (BHA)",4,1,"BOU",170,1,"SGW"
"Milner (BHA)",5,1,"TOT",170,1,"SGW"
"Milner (BHA)",6,0,"CHE",170,1,"SGW"
"Milner (BHA)",7,1,"WOL",170,1,"SGW"
"Milner (BHA)",8,1,"NEW",170,1,"SGW"
"Milner (BHA)",9,4,"MUN",170,1,"SGW"
"Milner (BHA)",10,0,"LEE",170,1,"SGW"
"Milner (BHA)",11,0,"CRY",170,1,"SGW"
"Milner (BHA)",12,0,"BRE",170,1,"SGW"
"Milner (BHA)",13,0,"NFO",170,1,"SGW"
"Milner (BHA)",14,0,"AVL",170,1,"SGW"
"Milner (BHA)",15,0,"WHU",170,1,"SGW"
"Milner (BHA)",16,1,"LIV",170,1,"SGW"
"Milner (BHA)",17,1,"SUN",170,1,"SGW"
"Milner (BHA)",18,0,"ARS",170,1,"SGW"
"Milner (BHA)",19,1,"WHU",170,1,"SGW"
"Milner (BHA)",20,1,"BUR",170,1,"SGW"
"Milner (BHA)",21,1,"MCI",170,1,"SGW"
"Milner (BHA)",22,0,"BOU",170,1,"SGW"
"Milner (BHA)",23,1,"FUL",170,1,"SGW"
"Milosavljević (BOU)",1,NA,NA,721,NA,"BGW"
"Milosavljević (BOU)",2,NA,NA,721,NA,"BGW"
"Milosavljević (BOU)",3,NA,NA,721,NA,"BGW"
"Milosavljević (BOU)",4,4,"BHA",721,1,"SGW"
"Milosavljević (BOU)",5,0,"NEW",721,1,"SGW"
"Milosavljević (BOU)",6,0,"LEE",721,1,"SGW"
"Milosavljević (BOU)",7,1,"FUL",721,1,"SGW"
"Milosavljević (BOU)",8,0,"CRY",721,1,"SGW"
"Milosavljević (BOU)",9,6,"NFO",721,1,"SGW"
"Milosavljević (BOU)",10,0,"MCI",721,1,"SGW"
"Milosavljević (BOU)",11,2,"AVL",721,1,"SGW"
"Milosavljević (BOU)",12,0,"WHU",721,1,"SGW"
"Milosavljević (BOU)",13,0,"SUN",721,1,"SGW"
"Milosavljević (BOU)",14,4,"EVE",721,1,"SGW"
"Milosavljević (BOU)",15,0,"CHE",721,1,"SGW"
"Milosavljević (BOU)",16,0,"MUN",721,1,"SGW"
"Milosavljević (BOU)",17,0,"BUR",721,1,"SGW"
"Milosavljević (BOU)",18,0,"BRE",721,1,"SGW"
"Milosavljević (BOU)",19,0,"CHE",721,1,"SGW"
"Milosavljević (BOU)",20,0,"ARS",721,1,"SGW"
"Milosavljević (BOU)",21,1,"TOT",721,1,"SGW"
"Milosavljević (BOU)",22,1,"BHA",721,1,"SGW"
"Milosavljević (BOU)",23,0,"LIV",721,1,"SGW"
"Min-hyeok (TOT)",1,0,"BUR",594,1,"SGW"
"Min-hyeok (TOT)",2,0,"MCI",594,1,"SGW"
"Min-hyeok (TOT)",3,0,"BOU",594,1,"SGW"
"Min-hyeok (TOT)",4,0,"WHU",594,1,"SGW"
"Min-hyeok (TOT)",5,0,"BHA",594,1,"SGW"
"Min-hyeok (TOT)",6,0,"WOL",594,1,"SGW"
"Min-hyeok (TOT)",7,0,"LEE",594,1,"SGW"
"Min-hyeok (TOT)",8,0,"AVL",594,1,"SGW"
"Min-hyeok (TOT)",9,0,"EVE",594,1,"SGW"
"Min-hyeok (TOT)",10,0,"CHE",594,1,"SGW"
"Min-hyeok (TOT)",11,0,"MUN",594,1,"SGW"
"Min-hyeok (TOT)",12,0,"ARS",594,1,"SGW"
"Min-hyeok (TOT)",13,0,"FUL",594,1,"SGW"
"Min-hyeok (TOT)",14,0,"NEW",594,1,"SGW"
"Min-hyeok (TOT)",15,0,"BRE",594,1,"SGW"
"Min-hyeok (TOT)",16,0,"NFO",594,1,"SGW"
"Min-hyeok (TOT)",17,0,"LIV",594,1,"SGW"
"Min-hyeok (TOT)",18,0,"CRY",594,1,"SGW"
"Min-hyeok (TOT)",19,0,"BRE",594,1,"SGW"
"Min-hyeok (TOT)",20,0,"SUN",594,1,"SGW"
"Min-hyeok (TOT)",21,0,"BOU",594,1,"SGW"
"Min-hyeok (TOT)",22,0,"WHU",594,1,"SGW"
"Min-hyeok (TOT)",23,0,"BUR",594,1,"SGW"
"Mings (AVL)",1,6,"NEW",40,1,"SGW"
"Mings (AVL)",2,2,"BRE",40,1,"SGW"
"Mings (AVL)",3,1,"CRY",40,1,"SGW"
"Mings (AVL)",4,9,"EVE",40,1,"SGW"
"Mings (AVL)",5,4,"SUN",40,1,"SGW"
"Mings (AVL)",6,1,"FUL",40,1,"SGW"
"Mings (AVL)",7,0,"BUR",40,1,"SGW"
"Mings (AVL)",8,0,"TOT",40,1,"SGW"
"Mings (AVL)",9,0,"MCI",40,1,"SGW"
"Mings (AVL)",10,1,"LIV",40,1,"SGW"
"Mings (AVL)",11,0,"BOU",40,1,"SGW"
"Mings (AVL)",12,0,"LEE",40,1,"SGW"
"Mings (AVL)",13,0,"WOL",40,1,"SGW"
"Mings (AVL)",14,0,"BHA",40,1,"SGW"
"Mings (AVL)",15,0,"ARS",40,1,"SGW"
"Mings (AVL)",16,0,"WHU",40,1,"SGW"
"Mings (AVL)",17,0,"MUN",40,1,"SGW"
"Mings (AVL)",18,0,"CHE",40,1,"SGW"
"Mings (AVL)",19,0,"ARS",40,1,"SGW"
"Mings (AVL)",20,0,"NFO",40,1,"SGW"
"Mings (AVL)",21,0,"CRY",40,1,"SGW"
"Mings (AVL)",22,0,"EVE",40,1,"SGW"
"Mings (AVL)",23,1,"NEW",40,1,"SGW"
"Minteh (BHA)",1,3,"FUL",160,1,"SGW"
"Minteh (BHA)",2,2,"EVE",160,1,"SGW"
"Minteh (BHA)",3,4,"MCI",160,1,"SGW"
"Minteh (BHA)",4,6,"BOU",160,1,"SGW"
"Minteh (BHA)",5,9,"TOT",160,1,"SGW"
"Minteh (BHA)",6,5,"CHE",160,1,"SGW"
"Minteh (BHA)",7,2,"WOL",160,1,"SGW"
"Minteh (BHA)",8,2,"NEW",160,1,"SGW"
"Minteh (BHA)",9,5,"MUN",160,1,"SGW"
"Minteh (BHA)",10,9,"LEE",160,1,"SGW"
"Minteh (BHA)",11,3,"CRY",160,1,"SGW"
"Minteh (BHA)",12,11,"BRE",160,1,"SGW"
"Minteh (BHA)",13,3,"NFO",160,1,"SGW"
"Minteh (BHA)",14,2,"AVL",160,1,"SGW"
"Minteh (BHA)",15,3,"WHU",160,1,"SGW"
"Minteh (BHA)",16,2,"LIV",160,1,"SGW"
"Minteh (BHA)",17,3,"SUN",160,1,"SGW"
"Minteh (BHA)",18,1,"ARS",160,1,"SGW"
"Minteh (BHA)",19,4,"WHU",160,1,"SGW"
"Minteh (BHA)",20,0,"BUR",160,1,"SGW"
"Minteh (BHA)",21,0,"MCI",160,1,"SGW"
"Minteh (BHA)",22,1,"BOU",160,1,"SGW"
"Minteh (BHA)",23,1,"FUL",160,1,"SGW"
"Mitchell (CRY)",1,9,"CHE",258,1,"SGW"
"Mitchell (CRY)",2,1,"NFO",258,1,"SGW"
"Mitchell (CRY)",3,6,"AVL",258,1,"SGW"
"Mitchell (CRY)",4,6,"SUN",258,1,"SGW"
"Mitchell (CRY)",5,8,"WHU",258,1,"SGW"
"Mitchell (CRY)",6,4,"LIV",258,1,"SGW"
"Mitchell (CRY)",7,1,"EVE",258,1,"SGW"
"Mitchell (CRY)",8,1,"BOU",258,1,"SGW"
"Mitchell (CRY)",9,2,"ARS",258,1,"SGW"
"Mitchell (CRY)",10,6,"BRE",258,1,"SGW"
"Mitchell (CRY)",11,11,"BHA",258,1,"SGW"
"Mitchell (CRY)",12,6,"WOL",258,1,"SGW"
"Mitchell (CRY)",13,1,"MUN",258,1,"SGW"
"Mitchell (CRY)",14,6,"BUR",258,1,"SGW"
"Mitchell (CRY)",15,2,"FUL",258,1,"SGW"
"Mitchell (CRY)",16,1,"MCI",258,1,"SGW"
"Mitchell (CRY)",17,0,"LEE",258,1,"SGW"
"Mitchell (CRY)",18,2,"TOT",258,1,"SGW"
"Mitchell (CRY)",19,4,"FUL",258,1,"SGW"
"Mitchell (CRY)",20,2,"NEW",258,1,"SGW"
"Mitchell (CRY)",21,5,"AVL",258,1,"SGW"
"Mitchell (CRY)",22,0,"SUN",258,1,"SGW"
"Mitchell (CRY)",23,1,"CHE",258,1,"SGW"
"Mitoma (BHA)",1,2,"FUL",157,1,"SGW"
"Mitoma (BHA)",2,2,"EVE",157,1,"SGW"
"Mitoma (BHA)",3,5,"MCI",157,1,"SGW"
"Mitoma (BHA)",4,7,"BOU",157,1,"SGW"
"Mitoma (BHA)",5,2,"TOT",157,1,"SGW"
"Mitoma (BHA)",6,2,"CHE",157,1,"SGW"
"Mitoma (BHA)",7,0,"WOL",157,1,"SGW"
"Mitoma (BHA)",8,0,"NEW",157,1,"SGW"
"Mitoma (BHA)",9,0,"MUN",157,1,"SGW"
"Mitoma (BHA)",10,0,"LEE",157,1,"SGW"
"Mitoma (BHA)",11,0,"CRY",157,1,"SGW"
"Mitoma (BHA)",12,0,"BRE",157,1,"SGW"
"Mitoma (BHA)",13,0,"NFO",157,1,"SGW"
"Mitoma (BHA)",14,0,"AVL",157,1,"SGW"
"Mitoma (BHA)",15,0,"WHU",157,1,"SGW"
"Mitoma (BHA)",16,1,"LIV",157,1,"SGW"
"Mitoma (BHA)",17,1,"SUN",157,1,"SGW"
"Mitoma (BHA)",18,0,"ARS",157,1,"SGW"
"Mitoma (BHA)",19,1,"WHU",157,1,"SGW"
"Mitoma (BHA)",20,3,"BUR",157,1,"SGW"
"Mitoma (BHA)",21,8,"MCI",157,1,"SGW"
"Mitoma (BHA)",22,2,"BOU",157,1,"SGW"
"Mitoma (BHA)",23,2,"FUL",157,1,"SGW"
"Mohamadou Kanté (WHU)",1,NA,NA,758,NA,"BGW"
"Mohamadou Kanté (WHU)",2,NA,NA,758,NA,"BGW"
"Mohamadou Kanté (WHU)",3,NA,NA,758,NA,"BGW"
"Mohamadou Kanté (WHU)",4,NA,NA,758,NA,"BGW"
"Mohamadou Kanté (WHU)",5,NA,NA,758,NA,"BGW"
"Mohamadou Kanté (WHU)",6,NA,NA,758,NA,"BGW"
"Mohamadou Kanté (WHU)",7,NA,NA,758,NA,"BGW"
"Mohamadou Kanté (WHU)",8,NA,NA,758,NA,"BGW"
"Mohamadou Kanté (WHU)",9,NA,NA,758,NA,"BGW"
"Mohamadou Kanté (WHU)",10,NA,NA,758,NA,"BGW"
"Mohamadou Kanté (WHU)",11,NA,NA,758,NA,"BGW"
"Mohamadou Kanté (WHU)",12,NA,NA,758,NA,"BGW"
"Mohamadou Kanté (WHU)",13,NA,NA,758,NA,"BGW"
"Mohamadou Kanté (WHU)",14,1,"MUN",758,1,"SGW"
"Mohamadou Kanté (WHU)",15,0,"BHA",758,1,"SGW"
"Mohamadou Kanté (WHU)",16,1,"AVL",758,1,"SGW"
"Mohamadou Kanté (WHU)",17,0,"MCI",758,1,"SGW"
"Mohamadou Kanté (WHU)",18,0,"FUL",758,1,"SGW"
"Mohamadou Kanté (WHU)",19,1,"BHA",758,1,"SGW"
"Mohamadou Kanté (WHU)",20,0,"WOL",758,1,"SGW"
"Mohamadou Kanté (WHU)",21,0,"NFO",758,1,"SGW"
"Mohamadou Kanté (WHU)",22,0,"TOT",758,1,"SGW"
"Mohamadou Kanté (WHU)",23,0,"SUN",758,1,"SGW"
"Møller Wolfe (WOL)",1,1,"MCI",682,1,"SGW"
"Møller Wolfe (WOL)",2,1,"BOU",682,1,"SGW"
"Møller Wolfe (WOL)",3,4,"EVE",682,1,"SGW"
"Møller Wolfe (WOL)",4,0,"NEW",682,1,"SGW"
"Møller Wolfe (WOL)",5,0,"LEE",682,1,"SGW"
"Møller Wolfe (WOL)",6,0,"TOT",682,1,"SGW"
"Møller Wolfe (WOL)",7,1,"BHA",682,1,"SGW"
"Møller Wolfe (WOL)",8,0,"SUN",682,1,"SGW"
"Møller Wolfe (WOL)",9,1,"BUR",682,1,"SGW"
"Møller Wolfe (WOL)",10,0,"FUL",682,1,"SGW"
"Møller Wolfe (WOL)",11,0,"CHE",682,1,"SGW"
"Møller Wolfe (WOL)",12,1,"CRY",682,1,"SGW"
"Møller Wolfe (WOL)",13,1,"AVL",682,1,"SGW"
"Møller Wolfe (WOL)",14,2,"NFO",682,1,"SGW"
"Møller Wolfe (WOL)",15,3,"MUN",682,1,"SGW"
"Møller Wolfe (WOL)",16,1,"ARS",682,1,"SGW"
"Møller Wolfe (WOL)",17,1,"BRE",682,1,"SGW"
"Møller Wolfe (WOL)",18,1,"LIV",682,1,"SGW"
"Møller Wolfe (WOL)",19,1,"MUN",682,1,"SGW"
"Møller Wolfe (WOL)",20,1,"WHU",682,1,"SGW"
"Møller Wolfe (WOL)",21,0,"EVE",682,1,"SGW"
"Møller Wolfe (WOL)",22,0,"NEW",682,1,"SGW"
"Møller Wolfe (WOL)",23,0,"MCI",682,1,"SGW"
"Moore (SUN)",1,0,"WHU",529,1,"SGW"
"Moore (SUN)",2,0,"BUR",529,1,"SGW"
"Moore (SUN)",3,0,"BRE",529,1,"SGW"
"Moore (SUN)",4,0,"CRY",529,1,"SGW"
"Moore (SUN)",5,0,"AVL",529,1,"SGW"
"Moore (SUN)",6,0,"NFO",529,1,"SGW"
"Moore (SUN)",7,0,"MUN",529,1,"SGW"
"Moore (SUN)",8,0,"WOL",529,1,"SGW"
"Moore (SUN)",9,0,"CHE",529,1,"SGW"
"Moore (SUN)",10,0,"EVE",529,1,"SGW"
"Moore (SUN)",11,0,"ARS",529,1,"SGW"
"Moore (SUN)",12,0,"FUL",529,1,"SGW"
"Moore (SUN)",13,0,"BOU",529,1,"SGW"
"Moore (SUN)",14,0,"LIV",529,1,"SGW"
"Moore (SUN)",15,0,"MCI",529,1,"SGW"
"Moore (SUN)",16,0,"NEW",529,1,"SGW"
"Moore (SUN)",17,0,"BHA",529,1,"SGW"
"Moore (SUN)",18,0,"LEE",529,1,"SGW"
"Moore (SUN)",19,0,"MCI",529,1,"SGW"
"Moore (SUN)",20,0,"TOT",529,1,"SGW"
"Moore (SUN)",21,0,"BRE",529,1,"SGW"
"Moore (SUN)",22,0,"CRY",529,1,"SGW"
"Moore (SUN)",23,0,"WHU",529,1,"SGW"
"Moore (TOT)",1,0,"BUR",592,1,"SGW"
"Moore (TOT)",2,0,"MCI",592,1,"SGW"
"Moore (TOT)",3,0,"BOU",592,1,"SGW"
"Moore (TOT)",4,0,"WHU",592,1,"SGW"
"Moore (TOT)",5,0,"BHA",592,1,"SGW"
"Moore (TOT)",6,0,"WOL",592,1,"SGW"
"Moore (TOT)",7,0,"LEE",592,1,"SGW"
"Moore (TOT)",8,0,"AVL",592,1,"SGW"
"Moore (TOT)",9,0,"EVE",592,1,"SGW"
"Moore (TOT)",10,0,"CHE",592,1,"SGW"
"Moore (TOT)",11,0,"MUN",592,1,"SGW"
"Moore (TOT)",12,0,"ARS",592,1,"SGW"
"Moore (TOT)",13,0,"FUL",592,1,"SGW"
"Moore (TOT)",14,0,"NEW",592,1,"SGW"
"Moore (TOT)",15,0,"BRE",592,1,"SGW"
"Moore (TOT)",16,0,"NFO",592,1,"SGW"
"Moore (TOT)",17,0,"LIV",592,1,"SGW"
"Moore (TOT)",18,0,"CRY",592,1,"SGW"
"Moore (TOT)",19,0,"BRE",592,1,"SGW"
"Moore (TOT)",20,0,"SUN",592,1,"SGW"
"Moore (TOT)",21,0,"BOU",592,1,"SGW"
"Moore (TOT)",22,0,"WHU",592,1,"SGW"
"Moore (TOT)",23,0,"BUR",592,1,"SGW"
"Moorhouse (MUN)",1,0,"ARS",464,1,"SGW"
"Moorhouse (MUN)",2,0,"FUL",464,1,"SGW"
"Moorhouse (MUN)",3,0,"BUR",464,1,"SGW"
"Moorhouse (MUN)",4,0,"MCI",464,1,"SGW"
"Moorhouse (MUN)",5,0,"CHE",464,1,"SGW"
"Moorhouse (MUN)",6,0,"BRE",464,1,"SGW"
"Moorhouse (MUN)",7,0,"SUN",464,1,"SGW"
"Moorhouse (MUN)",8,0,"LIV",464,1,"SGW"
"Moorhouse (MUN)",9,0,"BHA",464,1,"SGW"
"Moorhouse (MUN)",10,0,"NFO",464,1,"SGW"
"Moorhouse (MUN)",11,0,"TOT",464,1,"SGW"
"Moorhouse (MUN)",12,0,"EVE",464,1,"SGW"
"Moorhouse (MUN)",13,0,"CRY",464,1,"SGW"
"Moorhouse (MUN)",14,0,"WHU",464,1,"SGW"
"Moorhouse (MUN)",15,0,"WOL",464,1,"SGW"
"Moorhouse (MUN)",16,0,"BOU",464,1,"SGW"
"Moorhouse (MUN)",17,0,"AVL",464,1,"SGW"
"Moorhouse (MUN)",18,0,"NEW",464,1,"SGW"
"Moorhouse (MUN)",19,0,"WOL",464,1,"SGW"
"Moorhouse (MUN)",20,0,"LEE",464,1,"SGW"
"Moorhouse (MUN)",21,0,"BUR",464,1,"SGW"
"Moorhouse (MUN)",22,0,"MCI",464,1,"SGW"
"Moorhouse (MUN)",23,0,"ARS",464,1,"SGW"
"Moran (BHA)",1,0,"FUL",177,1,"SGW"
"Moran (BHA)",2,0,"EVE",177,1,"SGW"
"Moran (BHA)",3,0,"MCI",177,1,"SGW"
"Moran (BHA)",4,0,"BOU",177,1,"SGW"
"Moran (BHA)",5,0,"TOT",177,1,"SGW"
"Moran (BHA)",6,0,"CHE",177,1,"SGW"
"Moran (BHA)",7,0,"WOL",177,1,"SGW"
"Moran (BHA)",8,0,"NEW",177,1,"SGW"
"Moran (BHA)",9,0,"MUN",177,1,"SGW"
"Moran (BHA)",10,0,"LEE",177,1,"SGW"
"Moran (BHA)",11,0,"CRY",177,1,"SGW"
"Moran (BHA)",12,0,"BRE",177,1,"SGW"
"Moran (BHA)",13,0,"NFO",177,1,"SGW"
"Moran (BHA)",14,0,"AVL",177,1,"SGW"
"Moran (BHA)",15,0,"WHU",177,1,"SGW"
"Moran (BHA)",16,0,"LIV",177,1,"SGW"
"Moran (BHA)",17,0,"SUN",177,1,"SGW"
"Moran (BHA)",18,0,"ARS",177,1,"SGW"
"Moran (BHA)",19,0,"WHU",177,1,"SGW"
"Moran (BHA)",20,0,"BUR",177,1,"SGW"
"Moran (BHA)",21,0,"MCI",177,1,"SGW"
"Moran (BHA)",22,0,"BOU",177,1,"SGW"
"Moran (BHA)",23,0,"FUL",177,1,"SGW"
"Morato (NFO)",1,0,"BRE",511,1,"SGW"
"Morato (NFO)",2,0,"CRY",511,1,"SGW"
"Morato (NFO)",3,0,"WHU",511,1,"SGW"
"Morato (NFO)",4,1,"ARS",511,1,"SGW"
"Morato (NFO)",5,1,"BUR",511,1,"SGW"
"Morato (NFO)",6,2,"SUN",511,1,"SGW"
"Morato (NFO)",7,3,"NEW",511,1,"SGW"
"Morato (NFO)",8,0,"CHE",511,1,"SGW"
"Morato (NFO)",9,0,"BOU",511,1,"SGW"
"Morato (NFO)",10,0,"MUN",511,1,"SGW"
"Morato (NFO)",11,1,"LEE",511,1,"SGW"
"Morato (NFO)",12,0,"LIV",511,1,"SGW"
"Morato (NFO)",13,3,"BHA",511,1,"SGW"
"Morato (NFO)",14,7,"WOL",511,1,"SGW"
"Morato (NFO)",15,2,"EVE",511,1,"SGW"
"Morato (NFO)",16,0,"TOT",511,1,"SGW"
"Morato (NFO)",17,0,"FUL",511,1,"SGW"
"Morato (NFO)",18,0,"MCI",511,1,"SGW"
"Morato (NFO)",19,0,"EVE",511,1,"SGW"
"Morato (NFO)",20,0,"AVL",511,1,"SGW"
"Morato (NFO)",21,1,"WHU",511,1,"SGW"
"Morato (NFO)",22,0,"ARS",511,1,"SGW"
"Morato (NFO)",23,1,"BRE",511,1,"SGW"
"Morgan (BRE)",1,0,"NFO",137,1,"SGW"
"Morgan (BRE)",2,0,"AVL",137,1,"SGW"
"Morgan (BRE)",3,0,"SUN",137,1,"SGW"
"Morgan (BRE)",4,0,"CHE",137,1,"SGW"
"Morgan (BRE)",5,0,"FUL",137,1,"SGW"
"Morgan (BRE)",6,0,"MUN",137,1,"SGW"
"Morgan (BRE)",7,0,"MCI",137,1,"SGW"
"Morgan (BRE)",8,0,"WHU",137,1,"SGW"
"Morgan (BRE)",9,0,"LIV",137,1,"SGW"
"Morgan (BRE)",10,0,"CRY",137,1,"SGW"
"Morgan (BRE)",11,0,"NEW",137,1,"SGW"
"Morgan (BRE)",12,0,"BHA",137,1,"SGW"
"Morgan (BRE)",13,0,"BUR",137,1,"SGW"
"Morgan (BRE)",14,0,"ARS",137,1,"SGW"
"Morgan (BRE)",15,0,"TOT",137,1,"SGW"
"Morgan (BRE)",16,0,"LEE",137,1,"SGW"
"Morgan (BRE)",17,0,"WOL",137,1,"SGW"
"Morgan (BRE)",18,0,"BOU",137,1,"SGW"
"Morgan (BRE)",19,0,"TOT",137,1,"SGW"
"Morgan (BRE)",20,0,"EVE",137,1,"SGW"
"Morgan (BRE)",21,0,"SUN",137,1,"SGW"
"Morgan (BRE)",22,0,"CHE",137,1,"SGW"
"Morgan (BRE)",23,0,"NFO",137,1,"SGW"
"Morrison (LIV)",1,NA,NA,746,NA,"BGW"
"Morrison (LIV)",2,NA,NA,746,NA,"BGW"
"Morrison (LIV)",3,NA,NA,746,NA,"BGW"
"Morrison (LIV)",4,NA,NA,746,NA,"BGW"
"Morrison (LIV)",5,NA,NA,746,NA,"BGW"
"Morrison (LIV)",6,NA,NA,746,NA,"BGW"
"Morrison (LIV)",7,NA,NA,746,NA,"BGW"
"Morrison (LIV)",8,NA,NA,746,NA,"BGW"
"Morrison (LIV)",9,0,"BRE",746,1,"SGW"
"Morrison (LIV)",10,0,"AVL",746,1,"SGW"
"Morrison (LIV)",11,0,"MCI",746,1,"SGW"
"Morrison (LIV)",12,0,"NFO",746,1,"SGW"
"Morrison (LIV)",13,0,"WHU",746,1,"SGW"
"Morrison (LIV)",14,0,"SUN",746,1,"SGW"
"Morrison (LIV)",15,0,"LEE",746,1,"SGW"
"Morrison (LIV)",16,0,"BHA",746,1,"SGW"
"Morrison (LIV)",17,0,"TOT",746,1,"SGW"
"Morrison (LIV)",18,0,"WOL",746,1,"SGW"
"Morrison (LIV)",19,0,"LEE",746,1,"SGW"
"Morrison (LIV)",20,0,"FUL",746,1,"SGW"
"Morrison (LIV)",21,0,"ARS",746,1,"SGW"
"Morrison (LIV)",22,0,"BUR",746,1,"SGW"
"Morrison (LIV)",23,0,"BOU",746,1,"SGW"
"Morton (LIV)",1,0,"BOU",395,1,"SGW"
"Morton (LIV)",2,0,"NEW",395,1,"SGW"
"Morton (LIV)",3,0,"ARS",395,1,"SGW"
"Morton (LIV)",4,0,"BUR",395,1,"SGW"
"Morton (LIV)",5,0,"EVE",395,1,"SGW"
"Morton (LIV)",6,0,"CRY",395,1,"SGW"
"Morton (LIV)",7,0,"CHE",395,1,"SGW"
"Morton (LIV)",8,0,"MUN",395,1,"SGW"
"Morton (LIV)",9,0,"BRE",395,1,"SGW"
"Morton (LIV)",10,0,"AVL",395,1,"SGW"
"Morton (LIV)",11,0,"MCI",395,1,"SGW"
"Morton (LIV)",12,0,"NFO",395,1,"SGW"
"Morton (LIV)",13,0,"WHU",395,1,"SGW"
"Morton (LIV)",14,0,"SUN",395,1,"SGW"
"Morton (LIV)",15,0,"LEE",395,1,"SGW"
"Morton (LIV)",16,0,"BHA",395,1,"SGW"
"Morton (LIV)",17,0,"TOT",395,1,"SGW"
"Morton (LIV)",18,0,"WOL",395,1,"SGW"
"Morton (LIV)",19,0,"LEE",395,1,"SGW"
"Morton (LIV)",20,0,"FUL",395,1,"SGW"
"Morton (LIV)",21,0,"ARS",395,1,"SGW"
"Morton (LIV)",22,0,"BUR",395,1,"SGW"
"Morton (LIV)",23,0,"BOU",395,1,"SGW"
"Mosquera (ARS)",1,0,"MUN",662,1,"SGW"
"Mosquera (ARS)",2,1,"LEE",662,1,"SGW"
"Mosquera (ARS)",3,2,"LIV",662,1,"SGW"
"Mosquera (ARS)",4,7,"NFO",662,1,"SGW"
"Mosquera (ARS)",5,1,"MCI",662,1,"SGW"
"Mosquera (ARS)",6,1,"NEW",662,1,"SGW"
"Mosquera (ARS)",7,0,"WHU",662,1,"SGW"
"Mosquera (ARS)",8,0,"FUL",662,1,"SGW"
"Mosquera (ARS)",9,1,"CRY",662,1,"SGW"
"Mosquera (ARS)",10,0,"BUR",662,1,"SGW"
"Mosquera (ARS)",11,1,"SUN",662,1,"SGW"
"Mosquera (ARS)",12,1,"TOT",662,1,"SGW"
"Mosquera (ARS)",13,1,"CHE",662,1,"SGW"
"Mosquera (ARS)",14,1,"BRE",662,1,"SGW"
"Mosquera (ARS)",15,0,"AVL",662,1,"SGW"
"Mosquera (ARS)",16,0,"WOL",662,1,"SGW"
"Mosquera (ARS)",17,0,"EVE",662,1,"SGW"
"Mosquera (ARS)",18,0,"BHA",662,1,"SGW"
"Mosquera (ARS)",19,0,"AVL",662,1,"SGW"
"Mosquera (ARS)",20,0,"BOU",662,1,"SGW"
"Mosquera (ARS)",21,0,"LIV",662,1,"SGW"
"Mosquera (ARS)",22,0,"NFO",662,1,"SGW"
"Mosquera (ARS)",23,0,"MUN",662,1,"SGW"
"Mosquera (WOL)",1,0,"MCI",634,1,"SGW"
"Mosquera (WOL)",2,0,"BOU",634,1,"SGW"
"Mosquera (WOL)",3,0,"EVE",634,1,"SGW"
"Mosquera (WOL)",4,2,"NEW",634,1,"SGW"
"Mosquera (WOL)",5,1,"LEE",634,1,"SGW"
"Mosquera (WOL)",6,0,"TOT",634,1,"SGW"
"Mosquera (WOL)",7,1,"BHA",634,1,"SGW"
"Mosquera (WOL)",8,0,"SUN",634,1,"SGW"
"Mosquera (WOL)",9,0,"BUR",634,1,"SGW"
"Mosquera (WOL)",10,-3,"FUL",634,1,"SGW"
"Mosquera (WOL)",11,0,"CHE",634,1,"SGW"
"Mosquera (WOL)",12,0,"CRY",634,1,"SGW"
"Mosquera (WOL)",13,1,"AVL",634,1,"SGW"
"Mosquera (WOL)",14,1,"NFO",634,1,"SGW"
"Mosquera (WOL)",15,-1,"MUN",634,1,"SGW"
"Mosquera (WOL)",16,0,"ARS",634,1,"SGW"
"Mosquera (WOL)",17,0,"BRE",634,1,"SGW"
"Mosquera (WOL)",18,3,"LIV",634,1,"SGW"
"Mosquera (WOL)",19,4,"MUN",634,1,"SGW"
"Mosquera (WOL)",20,6,"WHU",634,1,"SGW"
"Mosquera (WOL)",21,3,"EVE",634,1,"SGW"
"Mosquera (WOL)",22,8,"NEW",634,1,"SGW"
"Mosquera (WOL)",23,0,"MCI",634,1,"SGW"
"Mount (MUN)",1,2,"ARS",455,1,"SGW"
"Mount (MUN)",2,3,"FUL",455,1,"SGW"
"Mount (MUN)",3,1,"BUR",455,1,"SGW"
"Mount (MUN)",4,0,"MCI",455,1,"SGW"
"Mount (MUN)",5,1,"CHE",455,1,"SGW"
"Mount (MUN)",6,1,"BRE",455,1,"SGW"
"Mount (MUN)",7,10,"SUN",455,1,"SGW"
"Mount (MUN)",8,3,"LIV",455,1,"SGW"
"Mount (MUN)",9,0,"BHA",455,1,"SGW"
"Mount (MUN)",10,0,"NFO",455,1,"SGW"
"Mount (MUN)",11,1,"TOT",455,1,"SGW"
"Mount (MUN)",12,1,"EVE",455,1,"SGW"
"Mount (MUN)",13,8,"CRY",455,1,"SGW"
"Mount (MUN)",14,1,"WHU",455,1,"SGW"
"Mount (MUN)",15,7,"WOL",455,1,"SGW"
"Mount (MUN)",16,2,"BOU",455,1,"SGW"
"Mount (MUN)",17,2,"AVL",455,1,"SGW"
"Mount (MUN)",18,1,"NEW",455,1,"SGW"
"Mount (MUN)",19,0,"WOL",455,1,"SGW"
"Mount (MUN)",20,0,"LEE",455,1,"SGW"
"Mount (MUN)",21,1,"BUR",455,1,"SGW"
"Mount (MUN)",22,1,"MCI",455,1,"SGW"
"Mount (MUN)",23,0,"ARS",455,1,"SGW"
"Mudryk (CHE)",1,0,"CRY",245,1,"SGW"
"Mudryk (CHE)",2,0,"WHU",245,1,"SGW"
"Mudryk (CHE)",3,0,"FUL",245,1,"SGW"
"Mudryk (CHE)",4,0,"BRE",245,1,"SGW"
"Mudryk (CHE)",5,0,"MUN",245,1,"SGW"
"Mudryk (CHE)",6,0,"BHA",245,1,"SGW"
"Mudryk (CHE)",7,0,"LIV",245,1,"SGW"
"Mudryk (CHE)",8,0,"NFO",245,1,"SGW"
"Mudryk (CHE)",9,0,"SUN",245,1,"SGW"
"Mudryk (CHE)",10,0,"TOT",245,1,"SGW"
"Mudryk (CHE)",11,0,"WOL",245,1,"SGW"
"Mudryk (CHE)",12,0,"BUR",245,1,"SGW"
"Mudryk (CHE)",13,0,"ARS",245,1,"SGW"
"Mudryk (CHE)",14,0,"LEE",245,1,"SGW"
"Mudryk (CHE)",15,0,"BOU",245,1,"SGW"
"Mudryk (CHE)",16,0,"EVE",245,1,"SGW"
"Mudryk (CHE)",17,0,"NEW",245,1,"SGW"
"Mudryk (CHE)",18,0,"AVL",245,1,"SGW"
"Mudryk (CHE)",19,0,"BOU",245,1,"SGW"
"Mudryk (CHE)",20,0,"MCI",245,1,"SGW"
"Mudryk (CHE)",21,0,"FUL",245,1,"SGW"
"Mudryk (CHE)",22,0,"BRE",245,1,"SGW"
"Mudryk (CHE)",23,0,"CRY",245,1,"SGW"
"Mukasa (MCI)",1,NA,NA,739,NA,"BGW"
"Mukasa (MCI)",2,NA,NA,739,NA,"BGW"
"Mukasa (MCI)",3,NA,NA,739,NA,"BGW"
"Mukasa (MCI)",4,0,"MUN",739,1,"SGW"
"Mukasa (MCI)",5,0,"ARS",739,1,"SGW"
"Mukasa (MCI)",6,0,"BUR",739,1,"SGW"
"Mukasa (MCI)",7,0,"BRE",739,1,"SGW"
"Mukasa (MCI)",8,0,"EVE",739,1,"SGW"
"Mukasa (MCI)",9,0,"AVL",739,1,"SGW"
"Mukasa (MCI)",10,0,"BOU",739,1,"SGW"
"Mukasa (MCI)",11,0,"LIV",739,1,"SGW"
"Mukasa (MCI)",12,0,"NEW",739,1,"SGW"
"Mukasa (MCI)",13,0,"LEE",739,1,"SGW"
"Mukasa (MCI)",14,0,"FUL",739,1,"SGW"
"Mukasa (MCI)",15,0,"SUN",739,1,"SGW"
"Mukasa (MCI)",16,0,"CRY",739,1,"SGW"
"Mukasa (MCI)",17,1,"WHU",739,1,"SGW"
"Mukasa (MCI)",18,0,"NFO",739,1,"SGW"
"Mukasa (MCI)",19,0,"SUN",739,1,"SGW"
"Mukasa (MCI)",20,0,"CHE",739,1,"SGW"
"Mukasa (MCI)",21,0,"BHA",739,1,"SGW"
"Mukasa (MCI)",22,1,"MUN",739,1,"SGW"
"Mukasa (MCI)",23,0,"WOL",739,1,"SGW"
"Mukiele (SUN)",1,NA,NA,694,NA,"BGW"
"Mukiele (SUN)",2,0,"BUR",694,1,"SGW"
"Mukiele (SUN)",3,4,"BRE",694,1,"SGW"
"Mukiele (SUN)",4,10,"CRY",694,1,"SGW"
"Mukiele (SUN)",5,4,"AVL",694,1,"SGW"
"Mukiele (SUN)",6,6,"NFO",694,1,"SGW"
"Mukiele (SUN)",7,3,"MUN",694,1,"SGW"
"Mukiele (SUN)",8,17,"WOL",694,1,"SGW"
"Mukiele (SUN)",9,2,"CHE",694,1,"SGW"
"Mukiele (SUN)",10,1,"EVE",694,1,"SGW"
"Mukiele (SUN)",11,4,"ARS",694,1,"SGW"
"Mukiele (SUN)",12,4,"FUL",694,1,"SGW"
"Mukiele (SUN)",13,0,"BOU",694,1,"SGW"
"Mukiele (SUN)",14,0,"LIV",694,1,"SGW"
"Mukiele (SUN)",15,1,"MCI",694,1,"SGW"
"Mukiele (SUN)",16,8,"NEW",694,1,"SGW"
"Mukiele (SUN)",17,6,"BHA",694,1,"SGW"
"Mukiele (SUN)",18,4,"LEE",694,1,"SGW"
"Mukiele (SUN)",19,11,"MCI",694,1,"SGW"
"Mukiele (SUN)",20,4,"TOT",694,1,"SGW"
"Mukiele (SUN)",21,3,"BRE",694,1,"SGW"
"Mukiele (SUN)",22,6,"CRY",694,1,"SGW"
"Mukiele (SUN)",23,4,"WHU",694,1,"SGW"
"Mundle (SUN)",1,0,"WHU",548,1,"SGW"
"Mundle (SUN)",2,0,"BUR",548,1,"SGW"
"Mundle (SUN)",3,0,"BRE",548,1,"SGW"
"Mundle (SUN)",4,0,"CRY",548,1,"SGW"
"Mundle (SUN)",5,0,"AVL",548,1,"SGW"
"Mundle (SUN)",6,0,"NFO",548,1,"SGW"
"Mundle (SUN)",7,0,"MUN",548,1,"SGW"
"Mundle (SUN)",8,0,"WOL",548,1,"SGW"
"Mundle (SUN)",9,0,"CHE",548,1,"SGW"
"Mundle (SUN)",10,0,"EVE",548,1,"SGW"
"Mundle (SUN)",11,0,"ARS",548,1,"SGW"
"Mundle (SUN)",12,0,"FUL",548,1,"SGW"
"Mundle (SUN)",13,0,"BOU",548,1,"SGW"
"Mundle (SUN)",14,0,"LIV",548,1,"SGW"
"Mundle (SUN)",15,1,"MCI",548,1,"SGW"
"Mundle (SUN)",16,1,"NEW",548,1,"SGW"
"Mundle (SUN)",17,1,"BHA",548,1,"SGW"
"Mundle (SUN)",18,1,"LEE",548,1,"SGW"
"Mundle (SUN)",19,1,"MCI",548,1,"SGW"
"Mundle (SUN)",20,1,"TOT",548,1,"SGW"
"Mundle (SUN)",21,1,"BRE",548,1,"SGW"
"Mundle (SUN)",22,2,"CRY",548,1,"SGW"
"Mundle (SUN)",23,1,"WHU",548,1,"SGW"
"Munetsi (WOL)",1,2,"MCI",648,1,"SGW"
"Munetsi (WOL)",2,2,"BOU",648,1,"SGW"
"Munetsi (WOL)",3,5,"EVE",648,1,"SGW"
"Munetsi (WOL)",4,0,"NEW",648,1,"SGW"
"Munetsi (WOL)",5,1,"LEE",648,1,"SGW"
"Munetsi (WOL)",6,4,"TOT",648,1,"SGW"
"Munetsi (WOL)",7,5,"BHA",648,1,"SGW"
"Munetsi (WOL)",8,4,"SUN",648,1,"SGW"
"Munetsi (WOL)",9,8,"BUR",648,1,"SGW"
"Munetsi (WOL)",10,4,"FUL",648,1,"SGW"
"Munetsi (WOL)",11,0,"CHE",648,1,"SGW"
"Munetsi (WOL)",12,2,"CRY",648,1,"SGW"
"Munetsi (WOL)",13,0,"AVL",648,1,"SGW"
"Munetsi (WOL)",14,1,"NFO",648,1,"SGW"
"Munetsi (WOL)",15,0,"MUN",648,1,"SGW"
"Munetsi (WOL)",16,0,"ARS",648,1,"SGW"
"Munetsi (WOL)",17,0,"BRE",648,1,"SGW"
"Munetsi (WOL)",18,0,"LIV",648,1,"SGW"
"Munetsi (WOL)",19,0,"MUN",648,1,"SGW"
"Munetsi (WOL)",20,0,"WHU",648,1,"SGW"
"Munetsi (WOL)",21,0,"EVE",648,1,"SGW"
"Munetsi (WOL)",22,0,"NEW",648,1,"SGW"
"Munetsi (WOL)",23,0,"MCI",648,1,"SGW"
"Muniz (FUL)",1,7,"BHA",338,1,"SGW"
"Muniz (FUL)",2,0,"MUN",338,1,"SGW"
"Muniz (FUL)",3,1,"CHE",338,1,"SGW"
"Muniz (FUL)",4,2,"LEE",338,1,"SGW"
"Muniz (FUL)",5,5,"BRE",338,1,"SGW"
"Muniz (FUL)",6,0,"AVL",338,1,"SGW"
"Muniz (FUL)",7,0,"BOU",338,1,"SGW"
"Muniz (FUL)",8,0,"ARS",338,1,"SGW"
"Muniz (FUL)",9,0,"NEW",338,1,"SGW"
"Muniz (FUL)",10,1,"WOL",338,1,"SGW"
"Muniz (FUL)",11,1,"EVE",338,1,"SGW"
"Muniz (FUL)",12,0,"SUN",338,1,"SGW"
"Muniz (FUL)",13,0,"TOT",338,1,"SGW"
"Muniz (FUL)",14,0,"MCI",338,1,"SGW"
"Muniz (FUL)",15,0,"CRY",338,1,"SGW"
"Muniz (FUL)",16,0,"BUR",338,1,"SGW"
"Muniz (FUL)",17,0,"NFO",338,1,"SGW"
"Muniz (FUL)",18,0,"WHU",338,1,"SGW"
"Muniz (FUL)",19,0,"CRY",338,1,"SGW"
"Muniz (FUL)",20,0,"LIV",338,1,"SGW"
"Muniz (FUL)",21,0,"CHE",338,1,"SGW"
"Muniz (FUL)",22,0,"LEE",338,1,"SGW"
"Muniz (FUL)",23,0,"BHA",338,1,"SGW"
"Muñoz (CRY)",1,5,"CHE",256,1,"SGW"
"Muñoz (CRY)",2,5,"NFO",256,1,"SGW"
"Muñoz (CRY)",3,9,"AVL",256,1,"SGW"
"Muñoz (CRY)",4,5,"SUN",256,1,"SGW"
"Muñoz (CRY)",5,2,"WHU",256,1,"SGW"
"Muñoz (CRY)",6,2,"LIV",256,1,"SGW"
"Muñoz (CRY)",7,8,"EVE",256,1,"SGW"
"Muñoz (CRY)",8,10,"BOU",256,1,"SGW"
"Muñoz (CRY)",9,2,"ARS",256,1,"SGW"
"Muñoz (CRY)",10,6,"BRE",256,1,"SGW"
"Muñoz (CRY)",11,6,"BHA",256,1,"SGW"
"Muñoz (CRY)",12,14,"WOL",256,1,"SGW"
"Muñoz (CRY)",13,1,"MUN",256,1,"SGW"
"Muñoz (CRY)",14,14,"BUR",256,1,"SGW"
"Muñoz (CRY)",15,0,"FUL",256,1,"SGW"
"Muñoz (CRY)",16,0,"MCI",256,1,"SGW"
"Muñoz (CRY)",17,0,"LEE",256,1,"SGW"
"Muñoz (CRY)",18,0,"TOT",256,1,"SGW"
"Muñoz (CRY)",19,0,"FUL",256,1,"SGW"
"Muñoz (CRY)",20,0,"NEW",256,1,"SGW"
"Muñoz (CRY)",21,0,"AVL",256,1,"SGW"
"Muñoz (CRY)",22,0,"SUN",256,1,"SGW"
"Muñoz (CRY)",23,1,"CHE",256,1,"SGW"
"Murillo (NFO)",1,2,"BRE",506,1,"SGW"
"Murillo (NFO)",2,1,"CRY",506,1,"SGW"
"Murillo (NFO)",3,1,"WHU",506,1,"SGW"
"Murillo (NFO)",4,3,"ARS",506,1,"SGW"
"Murillo (NFO)",5,0,"BUR",506,1,"SGW"
"Murillo (NFO)",6,0,"SUN",506,1,"SGW"
"Murillo (NFO)",7,0,"NEW",506,1,"SGW"
"Murillo (NFO)",8,1,"CHE",506,1,"SGW"
"Murillo (NFO)",9,1,"BOU",506,1,"SGW"
"Murillo (NFO)",10,3,"MUN",506,1,"SGW"
"Murillo (NFO)",11,1,"LEE",506,1,"SGW"
"Murillo (NFO)",12,17,"LIV",506,1,"SGW"
"Murillo (NFO)",13,0,"BHA",506,1,"SGW"
"Murillo (NFO)",14,0,"WOL",506,1,"SGW"
"Murillo (NFO)",15,0,"EVE",506,1,"SGW"
"Murillo (NFO)",16,6,"TOT",506,1,"SGW"
"Murillo (NFO)",17,1,"FUL",506,1,"SGW"
"Murillo (NFO)",18,3,"MCI",506,1,"SGW"
"Murillo (NFO)",19,1,"EVE",506,1,"SGW"
"Murillo (NFO)",20,3,"AVL",506,1,"SGW"
"Murillo (NFO)",21,2,"WHU",506,1,"SGW"
"Murillo (NFO)",22,8,"ARS",506,1,"SGW"
"Murillo (NFO)",23,8,"BRE",506,1,"SGW"
"Mykolenko (EVE)",1,0,"LEE",292,1,"SGW"
"Mykolenko (EVE)",2,0,"BHA",292,1,"SGW"
"Mykolenko (EVE)",3,1,"WOL",292,1,"SGW"
"Mykolenko (EVE)",4,0,"AVL",292,1,"SGW"
"Mykolenko (EVE)",5,1,"LIV",292,1,"SGW"
"Mykolenko (EVE)",6,1,"WHU",292,1,"SGW"
"Mykolenko (EVE)",7,4,"CRY",292,1,"SGW"
"Mykolenko (EVE)",8,1,"MCI",292,1,"SGW"
"Mykolenko (EVE)",9,1,"TOT",292,1,"SGW"
"Mykolenko (EVE)",10,2,"SUN",292,1,"SGW"
"Mykolenko (EVE)",11,6,"FUL",292,1,"SGW"
"Mykolenko (EVE)",12,9,"MUN",292,1,"SGW"
"Mykolenko (EVE)",13,2,"NEW",292,1,"SGW"
"Mykolenko (EVE)",14,5,"BOU",292,1,"SGW"
"Mykolenko (EVE)",15,5,"NFO",292,1,"SGW"
"Mykolenko (EVE)",16,1,"CHE",292,1,"SGW"
"Mykolenko (EVE)",17,1,"ARS",292,1,"SGW"
"Mykolenko (EVE)",18,6,"BUR",292,1,"SGW"
"Mykolenko (EVE)",19,8,"NFO",292,1,"SGW"
"Mykolenko (EVE)",20,0,"BRE",292,1,"SGW"
"Mykolenko (EVE)",21,2,"WOL",292,1,"SGW"
"Mykolenko (EVE)",22,6,"AVL",292,1,"SGW"
"Mykolenko (EVE)",23,2,"LEE",292,1,"SGW"
"N.Aguerd (WHU)",1,1,"SUN",607,1,"SGW"
"N.Aguerd (WHU)",2,2,"CHE",607,1,"SGW"
"N.Aguerd (WHU)",3,0,"NFO",607,1,"SGW"
"N.Aguerd (WHU)",4,0,"TOT",607,1,"SGW"
"N.Aguerd (WHU)",5,0,"CRY",607,1,"SGW"
"N.Aguerd (WHU)",6,0,"EVE",607,1,"SGW"
"N.Aguerd (WHU)",7,0,"ARS",607,1,"SGW"
"N.Aguerd (WHU)",8,0,"BRE",607,1,"SGW"
"N.Aguerd (WHU)",9,0,"LEE",607,1,"SGW"
"N.Aguerd (WHU)",10,0,"NEW",607,1,"SGW"
"N.Aguerd (WHU)",11,0,"BUR",607,1,"SGW"
"N.Aguerd (WHU)",12,0,"BOU",607,1,"SGW"
"N.Aguerd (WHU)",13,0,"LIV",607,1,"SGW"
"N.Aguerd (WHU)",14,0,"MUN",607,1,"SGW"
"N.Aguerd (WHU)",15,0,"BHA",607,1,"SGW"
"N.Aguerd (WHU)",16,0,"AVL",607,1,"SGW"
"N.Aguerd (WHU)",17,0,"MCI",607,1,"SGW"
"N.Aguerd (WHU)",18,0,"FUL",607,1,"SGW"
"N.Aguerd (WHU)",19,0,"BHA",607,1,"SGW"
"N.Aguerd (WHU)",20,0,"WOL",607,1,"SGW"
"N.Aguerd (WHU)",21,0,"NFO",607,1,"SGW"
"N.Aguerd (WHU)",22,0,"TOT",607,1,"SGW"
"N.Aguerd (WHU)",23,0,"SUN",607,1,"SGW"
"N.Gonzalez (MCI)",1,3,"WOL",423,1,"SGW"
"N.Gonzalez (MCI)",2,1,"TOT",423,1,"SGW"
"N.Gonzalez (MCI)",3,0,"BHA",423,1,"SGW"
"N.Gonzalez (MCI)",4,1,"MUN",423,1,"SGW"
"N.Gonzalez (MCI)",5,1,"ARS",423,1,"SGW"
"N.Gonzalez (MCI)",6,2,"BUR",423,1,"SGW"
"N.Gonzalez (MCI)",7,3,"BRE",423,1,"SGW"
"N.Gonzalez (MCI)",8,5,"EVE",423,1,"SGW"
"N.Gonzalez (MCI)",9,0,"AVL",423,1,"SGW"
"N.Gonzalez (MCI)",10,4,"BOU",423,1,"SGW"
"N.Gonzalez (MCI)",11,8,"LIV",423,1,"SGW"
"N.Gonzalez (MCI)",12,2,"NEW",423,1,"SGW"
"N.Gonzalez (MCI)",13,4,"LEE",423,1,"SGW"
"N.Gonzalez (MCI)",14,2,"FUL",423,1,"SGW"
"N.Gonzalez (MCI)",15,3,"SUN",423,1,"SGW"
"N.Gonzalez (MCI)",16,5,"CRY",423,1,"SGW"
"N.Gonzalez (MCI)",17,2,"WHU",423,1,"SGW"
"N.Gonzalez (MCI)",18,4,"NFO",423,1,"SGW"
"N.Gonzalez (MCI)",19,1,"SUN",423,1,"SGW"
"N.Gonzalez (MCI)",20,0,"CHE",423,1,"SGW"
"N.Gonzalez (MCI)",21,4,"BHA",423,1,"SGW"
"N.Gonzalez (MCI)",22,0,"MUN",423,1,"SGW"
"N.Gonzalez (MCI)",23,0,"WOL",423,1,"SGW"
"N.Jackson (CHE)",1,0,"CRY",251,1,"SGW"
"N.Jackson (CHE)",2,0,"WHU",251,1,"SGW"
"N.Jackson (CHE)",3,0,"FUL",251,1,"SGW"
"N.Jackson (CHE)",4,0,"BRE",251,1,"SGW"
"N.Jackson (CHE)",5,0,"MUN",251,1,"SGW"
"N.Jackson (CHE)",6,0,"BHA",251,1,"SGW"
"N.Jackson (CHE)",7,0,"LIV",251,1,"SGW"
"N.Jackson (CHE)",8,0,"NFO",251,1,"SGW"
"N.Jackson (CHE)",9,0,"SUN",251,1,"SGW"
"N.Jackson (CHE)",10,0,"TOT",251,1,"SGW"
"N.Jackson (CHE)",11,0,"WOL",251,1,"SGW"
"N.Jackson (CHE)",12,0,"BUR",251,1,"SGW"
"N.Jackson (CHE)",13,0,"ARS",251,1,"SGW"
"N.Jackson (CHE)",14,0,"LEE",251,1,"SGW"
"N.Jackson (CHE)",15,0,"BOU",251,1,"SGW"
"N.Jackson (CHE)",16,0,"EVE",251,1,"SGW"
"N.Jackson (CHE)",17,0,"NEW",251,1,"SGW"
"N.Jackson (CHE)",18,0,"AVL",251,1,"SGW"
"N.Jackson (CHE)",19,0,"BOU",251,1,"SGW"
"N.Jackson (CHE)",20,0,"MCI",251,1,"SGW"
"N.Jackson (CHE)",21,0,"FUL",251,1,"SGW"
"N.Jackson (CHE)",22,0,"BRE",251,1,"SGW"
"N.Jackson (CHE)",23,0,"CRY",251,1,"SGW"
"N.Williams (NFO)",1,1,"BRE",508,1,"SGW"
"N.Williams (NFO)",2,2,"CRY",508,1,"SGW"
"N.Williams (NFO)",3,1,"WHU",508,1,"SGW"
"N.Williams (NFO)",4,0,"ARS",508,1,"SGW"
"N.Williams (NFO)",5,10,"BUR",508,1,"SGW"
"N.Williams (NFO)",6,1,"SUN",508,1,"SGW"
"N.Williams (NFO)",7,0,"NEW",508,1,"SGW"
"N.Williams (NFO)",8,1,"CHE",508,1,"SGW"
"N.Williams (NFO)",9,1,"BOU",508,1,"SGW"
"N.Williams (NFO)",10,1,"MUN",508,1,"SGW"
"N.Williams (NFO)",11,2,"LEE",508,1,"SGW"
"N.Williams (NFO)",12,13,"LIV",508,1,"SGW"
"N.Williams (NFO)",13,1,"BHA",508,1,"SGW"
"N.Williams (NFO)",14,8,"WOL",508,1,"SGW"
"N.Williams (NFO)",15,1,"EVE",508,1,"SGW"
"N.Williams (NFO)",16,7,"TOT",508,1,"SGW"
"N.Williams (NFO)",17,2,"FUL",508,1,"SGW"
"N.Williams (NFO)",18,1,"MCI",508,1,"SGW"
"N.Williams (NFO)",19,1,"EVE",508,1,"SGW"
"N.Williams (NFO)",20,1,"AVL",508,1,"SGW"
"N.Williams (NFO)",21,4,"WHU",508,1,"SGW"
"N.Williams (NFO)",22,6,"ARS",508,1,"SGW"
"N.Williams (NFO)",23,8,"BRE",508,1,"SGW"
"Nallo (LIV)",1,0,"BOU",378,1,"SGW"
"Nallo (LIV)",2,0,"NEW",378,1,"SGW"
"Nallo (LIV)",3,0,"ARS",378,1,"SGW"
"Nallo (LIV)",4,0,"BUR",378,1,"SGW"
"Nallo (LIV)",5,0,"EVE",378,1,"SGW"
"Nallo (LIV)",6,0,"CRY",378,1,"SGW"
"Nallo (LIV)",7,0,"CHE",378,1,"SGW"
"Nallo (LIV)",8,0,"MUN",378,1,"SGW"
"Nallo (LIV)",9,0,"BRE",378,1,"SGW"
"Nallo (LIV)",10,0,"AVL",378,1,"SGW"
"Nallo (LIV)",11,0,"MCI",378,1,"SGW"
"Nallo (LIV)",12,0,"NFO",378,1,"SGW"
"Nallo (LIV)",13,0,"WHU",378,1,"SGW"
"Nallo (LIV)",14,0,"SUN",378,1,"SGW"
"Nallo (LIV)",15,0,"LEE",378,1,"SGW"
"Nallo (LIV)",16,0,"BHA",378,1,"SGW"
"Nallo (LIV)",17,0,"TOT",378,1,"SGW"
"Nallo (LIV)",18,0,"WOL",378,1,"SGW"
"Nallo (LIV)",19,0,"LEE",378,1,"SGW"
"Nallo (LIV)",20,0,"FUL",378,1,"SGW"
"Nallo (LIV)",21,0,"ARS",378,1,"SGW"
"Nallo (LIV)",22,0,"BUR",378,1,"SGW"
"Nallo (LIV)",23,0,"BOU",378,1,"SGW"
"Ndiaye (EVE)",1,2,"LEE",299,1,"SGW"
"Ndiaye (EVE)",2,8,"BHA",299,1,"SGW"
"Ndiaye (EVE)",3,7,"WOL",299,1,"SGW"
"Ndiaye (EVE)",4,5,"AVL",299,1,"SGW"
"Ndiaye (EVE)",5,6,"LIV",299,1,"SGW"
"Ndiaye (EVE)",6,2,"WHU",299,1,"SGW"
"Ndiaye (EVE)",7,7,"CRY",299,1,"SGW"
"Ndiaye (EVE)",8,4,"MCI",299,1,"SGW"
"Ndiaye (EVE)",9,2,"TOT",299,1,"SGW"
"Ndiaye (EVE)",10,9,"SUN",299,1,"SGW"
"Ndiaye (EVE)",11,3,"FUL",299,1,"SGW"
"Ndiaye (EVE)",12,3,"MUN",299,1,"SGW"
"Ndiaye (EVE)",13,2,"NEW",299,1,"SGW"
"Ndiaye (EVE)",14,3,"BOU",299,1,"SGW"
"Ndiaye (EVE)",15,8,"NFO",299,1,"SGW"
"Ndiaye (EVE)",16,2,"CHE",299,1,"SGW"
"Ndiaye (EVE)",17,0,"ARS",299,1,"SGW"
"Ndiaye (EVE)",18,0,"BUR",299,1,"SGW"
"Ndiaye (EVE)",19,0,"NFO",299,1,"SGW"
"Ndiaye (EVE)",20,0,"BRE",299,1,"SGW"
"Ndiaye (EVE)",21,0,"WOL",299,1,"SGW"
"Ndiaye (EVE)",22,0,"AVL",299,1,"SGW"
"Ndiaye (EVE)",23,2,"LEE",299,1,"SGW"
"Ndoye (NFO)",1,9,"BRE",669,1,"SGW"
"Ndoye (NFO)",2,7,"CRY",669,1,"SGW"
"Ndoye (NFO)",3,1,"WHU",669,1,"SGW"
"Ndoye (NFO)",4,2,"ARS",669,1,"SGW"
"Ndoye (NFO)",5,2,"BUR",669,1,"SGW"
"Ndoye (NFO)",6,1,"SUN",669,1,"SGW"
"Ndoye (NFO)",7,2,"NEW",669,1,"SGW"
"Ndoye (NFO)",8,0,"CHE",669,1,"SGW"
"Ndoye (NFO)",9,2,"BOU",669,1,"SGW"
"Ndoye (NFO)",10,1,"MUN",669,1,"SGW"
"Ndoye (NFO)",11,5,"LEE",669,1,"SGW"
"Ndoye (NFO)",12,3,"LIV",669,1,"SGW"
"Ndoye (NFO)",13,1,"BHA",669,1,"SGW"
"Ndoye (NFO)",14,3,"WOL",669,1,"SGW"
"Ndoye (NFO)",15,1,"EVE",669,1,"SGW"
"Ndoye (NFO)",16,1,"TOT",669,1,"SGW"
"Ndoye (NFO)",17,0,"FUL",669,1,"SGW"
"Ndoye (NFO)",18,0,"MCI",669,1,"SGW"
"Ndoye (NFO)",19,0,"EVE",669,1,"SGW"
"Ndoye (NFO)",20,0,"AVL",669,1,"SGW"
"Ndoye (NFO)",21,0,"WHU",669,1,"SGW"
"Ndoye (NFO)",22,1,"ARS",669,1,"SGW"
"Ndoye (NFO)",23,0,"BRE",669,1,"SGW"
"Neave (NEW)",1,0,"AVL",501,1,"SGW"
"Neave (NEW)",2,0,"LIV",501,1,"SGW"
"Neave (NEW)",3,0,"LEE",501,1,"SGW"
"Neave (NEW)",4,0,"WOL",501,1,"SGW"
"Neave (NEW)",5,0,"BOU",501,1,"SGW"
"Neave (NEW)",6,0,"ARS",501,1,"SGW"
"Neave (NEW)",7,0,"NFO",501,1,"SGW"
"Neave (NEW)",8,0,"BHA",501,1,"SGW"
"Neave (NEW)",9,0,"FUL",501,1,"SGW"
"Neave (NEW)",10,0,"WHU",501,1,"SGW"
"Neave (NEW)",11,0,"BRE",501,1,"SGW"
"Neave (NEW)",12,0,"MCI",501,1,"SGW"
"Neave (NEW)",13,0,"EVE",501,1,"SGW"
"Neave (NEW)",14,0,"TOT",501,1,"SGW"
"Neave (NEW)",15,0,"BUR",501,1,"SGW"
"Neave (NEW)",16,0,"SUN",501,1,"SGW"
"Neave (NEW)",17,0,"CHE",501,1,"SGW"
"Neave (NEW)",18,0,"MUN",501,1,"SGW"
"Neave (NEW)",19,0,"BUR",501,1,"SGW"
"Neave (NEW)",20,0,"CRY",501,1,"SGW"
"Neave (NEW)",21,0,"LEE",501,1,"SGW"
"Neave (NEW)",22,0,"WOL",501,1,"SGW"
"Neave (NEW)",23,0,"AVL",501,1,"SGW"
"Neil (SUN)",1,0,"WHU",549,1,"SGW"
"Neil (SUN)",2,0,"BUR",549,1,"SGW"
"Neil (SUN)",3,0,"BRE",549,1,"SGW"
"Neil (SUN)",4,0,"CRY",549,1,"SGW"
"Neil (SUN)",5,1,"AVL",549,1,"SGW"
"Neil (SUN)",6,0,"NFO",549,1,"SGW"
"Neil (SUN)",7,0,"MUN",549,1,"SGW"
"Neil (SUN)",8,1,"WOL",549,1,"SGW"
"Neil (SUN)",9,0,"CHE",549,1,"SGW"
"Neil (SUN)",10,0,"EVE",549,1,"SGW"
"Neil (SUN)",11,0,"ARS",549,1,"SGW"
"Neil (SUN)",12,0,"FUL",549,1,"SGW"
"Neil (SUN)",13,0,"BOU",549,1,"SGW"
"Neil (SUN)",14,0,"LIV",549,1,"SGW"
"Neil (SUN)",15,0,"MCI",549,1,"SGW"
"Neil (SUN)",16,0,"NEW",549,1,"SGW"
"Neil (SUN)",17,0,"BHA",549,1,"SGW"
"Neil (SUN)",18,0,"LEE",549,1,"SGW"
"Neil (SUN)",19,0,"MCI",549,1,"SGW"
"Neil (SUN)",20,0,"TOT",549,1,"SGW"
"Neil (SUN)",21,1,"BRE",549,1,"SGW"
"Neil (SUN)",22,0,"CRY",549,1,"SGW"
"Neil (SUN)",23,0,"WHU",549,1,"SGW"
"Nelson (BRE)",1,0,"MUN",27,1,"SGW"
"Nelson (BRE)",2,0,"LEE",27,1,"SGW"
"Nelson (BRE)",3,0,"LIV",27,1,"SGW"
"Nelson (BRE)",4,0,"CHE",27,1,"SGW"
"Nelson (BRE)",5,0,"FUL",27,1,"SGW"
"Nelson (BRE)",6,0,"MUN",27,1,"SGW"
"Nelson (BRE)",7,0,"MCI",27,1,"SGW"
"Nelson (BRE)",8,0,"WHU",27,1,"SGW"
"Nelson (BRE)",9,0,"LIV",27,1,"SGW"
"Nelson (BRE)",10,1,"CRY",27,1,"SGW"
"Nelson (BRE)",11,1,"NEW",27,1,"SGW"
"Nelson (BRE)",12,0,"BHA",27,1,"SGW"
"Nelson (BRE)",13,1,"BUR",27,1,"SGW"
"Nelson (BRE)",14,0,"ARS",27,1,"SGW"
"Nelson (BRE)",15,0,"TOT",27,1,"SGW"
"Nelson (BRE)",16,0,"LEE",27,1,"SGW"
"Nelson (BRE)",17,0,"WOL",27,1,"SGW"
"Nelson (BRE)",18,1,"BOU",27,1,"SGW"
"Nelson (BRE)",19,1,"TOT",27,1,"SGW"
"Nelson (BRE)",20,0,"EVE",27,1,"SGW"
"Nelson (BRE)",21,1,"SUN",27,1,"SGW"
"Nelson (BRE)",22,0,"CHE",27,1,"SGW"
"Nelson (BRE)",23,0,"NFO",27,1,"SGW"
"Neto (BOU)",1,0,"LIV",66,1,"SGW"
"Neto (BOU)",2,0,"WOL",66,1,"SGW"
"Neto (BOU)",3,0,"TOT",66,1,"SGW"
"Neto (BOU)",4,0,"BHA",66,1,"SGW"
"Neto (BOU)",5,0,"NEW",66,1,"SGW"
"Neto (BOU)",6,0,"LEE",66,1,"SGW"
"Neto (BOU)",7,0,"FUL",66,1,"SGW"
"Neto (BOU)",8,0,"CRY",66,1,"SGW"
"Neto (BOU)",9,0,"NFO",66,1,"SGW"
"Neto (BOU)",10,0,"MCI",66,1,"SGW"
"Neto (BOU)",11,0,"AVL",66,1,"SGW"
"Neto (BOU)",12,0,"WHU",66,1,"SGW"
"Neto (BOU)",13,0,"SUN",66,1,"SGW"
"Neto (BOU)",14,0,"EVE",66,1,"SGW"
"Neto (BOU)",15,0,"CHE",66,1,"SGW"
"Neto (BOU)",16,0,"MUN",66,1,"SGW"
"Neto (BOU)",17,0,"BUR",66,1,"SGW"
"Neto (BOU)",18,0,"BRE",66,1,"SGW"
"Neto (BOU)",19,0,"CHE",66,1,"SGW"
"Neto (BOU)",20,0,"ARS",66,1,"SGW"
"Neto (BOU)",21,0,"TOT",66,1,"SGW"
"Neto (BOU)",22,0,"BHA",66,1,"SGW"
"Neto (BOU)",23,0,"LIV",66,1,"SGW"
"Neto (CHE)",1,3,"CRY",236,1,"SGW"
"Neto (CHE)",2,7,"WHU",236,1,"SGW"
"Neto (CHE)",3,3,"FUL",236,1,"SGW"
"Neto (CHE)",4,2,"BRE",236,1,"SGW"
"Neto (CHE)",5,1,"MUN",236,1,"SGW"
"Neto (CHE)",6,2,"BHA",236,1,"SGW"
"Neto (CHE)",7,2,"LIV",236,1,"SGW"
"Neto (CHE)",8,12,"NFO",236,1,"SGW"
"Neto (CHE)",9,8,"SUN",236,1,"SGW"
"Neto (CHE)",10,3,"TOT",236,1,"SGW"
"Neto (CHE)",11,9,"WOL",236,1,"SGW"
"Neto (CHE)",12,8,"BUR",236,1,"SGW"
"Neto (CHE)",13,2,"ARS",236,1,"SGW"
"Neto (CHE)",14,6,"LEE",236,1,"SGW"
"Neto (CHE)",15,2,"BOU",236,1,"SGW"
"Neto (CHE)",16,6,"EVE",236,1,"SGW"
"Neto (CHE)",17,2,"NEW",236,1,"SGW"
"Neto (CHE)",18,2,"AVL",236,1,"SGW"
"Neto (CHE)",19,1,"BOU",236,1,"SGW"
"Neto (CHE)",20,2,"MCI",236,1,"SGW"
"Neto (CHE)",21,5,"FUL",236,1,"SGW"
"Neto (CHE)",22,3,"BRE",236,1,"SGW"
"Neto (CHE)",23,3,"CRY",236,1,"SGW"
"Ngumoha (LIV)",1,0,"BOU",686,1,"SGW"
"Ngumoha (LIV)",2,6,"NEW",686,1,"SGW"
"Ngumoha (LIV)",3,0,"ARS",686,1,"SGW"
"Ngumoha (LIV)",4,1,"BUR",686,1,"SGW"
"Ngumoha (LIV)",5,0,"EVE",686,1,"SGW"
"Ngumoha (LIV)",6,1,"CRY",686,1,"SGW"
"Ngumoha (LIV)",7,0,"CHE",686,1,"SGW"
"Ngumoha (LIV)",8,0,"MUN",686,1,"SGW"
"Ngumoha (LIV)",9,1,"BRE",686,1,"SGW"
"Ngumoha (LIV)",10,0,"AVL",686,1,"SGW"
"Ngumoha (LIV)",11,0,"MCI",686,1,"SGW"
"Ngumoha (LIV)",12,1,"NFO",686,1,"SGW"
"Ngumoha (LIV)",13,0,"WHU",686,1,"SGW"
"Ngumoha (LIV)",14,0,"SUN",686,1,"SGW"
"Ngumoha (LIV)",15,0,"LEE",686,1,"SGW"
"Ngumoha (LIV)",16,0,"BHA",686,1,"SGW"
"Ngumoha (LIV)",17,0,"TOT",686,1,"SGW"
"Ngumoha (LIV)",18,0,"WOL",686,1,"SGW"
"Ngumoha (LIV)",19,1,"LEE",686,1,"SGW"
"Ngumoha (LIV)",20,0,"FUL",686,1,"SGW"
"Ngumoha (LIV)",21,0,"ARS",686,1,"SGW"
"Ngumoha (LIV)",22,1,"BUR",686,1,"SGW"
"Ngumoha (LIV)",23,1,"BOU",686,1,"SGW"
"Nichols (ARS)",1,0,"MUN",15,1,"SGW"
"Nichols (ARS)",2,0,"LEE",15,1,"SGW"
"Nichols (ARS)",3,0,"LIV",15,1,"SGW"
"Nichols (ARS)",4,0,"NFO",15,1,"SGW"
"Nichols (ARS)",5,0,"MCI",15,1,"SGW"
"Nichols (ARS)",6,0,"NEW",15,1,"SGW"
"Nichols (ARS)",7,0,"WHU",15,1,"SGW"
"Nichols (ARS)",8,0,"FUL",15,1,"SGW"
"Nichols (ARS)",9,0,"CRY",15,1,"SGW"
"Nichols (ARS)",10,0,"BUR",15,1,"SGW"
"Nichols (ARS)",11,0,"SUN",15,1,"SGW"
"Nichols (ARS)",12,0,"TOT",15,1,"SGW"
"Nichols (ARS)",13,0,"CHE",15,1,"SGW"
"Nichols (ARS)",14,0,"BRE",15,1,"SGW"
"Nichols (ARS)",15,0,"AVL",15,1,"SGW"
"Nichols (ARS)",16,0,"WOL",15,1,"SGW"
"Nichols (ARS)",17,0,"EVE",15,1,"SGW"
"Nichols (ARS)",18,0,"BHA",15,1,"SGW"
"Nichols (ARS)",19,0,"AVL",15,1,"SGW"
"Nichols (ARS)",20,0,"BOU",15,1,"SGW"
"Nichols (ARS)",21,0,"LIV",15,1,"SGW"
"Nichols (ARS)",22,0,"NFO",15,1,"SGW"
"Nichols (ARS)",23,0,"MUN",15,1,"SGW"
"Nketiah (CRY)",1,0,"CHE",284,1,"SGW"
"Nketiah (CRY)",2,0,"NFO",284,1,"SGW"
"Nketiah (CRY)",3,0,"AVL",284,1,"SGW"
"Nketiah (CRY)",4,0,"SUN",284,1,"SGW"
"Nketiah (CRY)",5,1,"WHU",284,1,"SGW"
"Nketiah (CRY)",6,4,"LIV",284,1,"SGW"
"Nketiah (CRY)",7,1,"EVE",284,1,"SGW"
"Nketiah (CRY)",8,1,"BOU",284,1,"SGW"
"Nketiah (CRY)",9,1,"ARS",284,1,"SGW"
"Nketiah (CRY)",10,0,"BRE",284,1,"SGW"
"Nketiah (CRY)",11,0,"BHA",284,1,"SGW"
"Nketiah (CRY)",12,1,"WOL",284,1,"SGW"
"Nketiah (CRY)",13,0,"MUN",284,1,"SGW"
"Nketiah (CRY)",14,1,"BUR",284,1,"SGW"
"Nketiah (CRY)",15,9,"FUL",284,1,"SGW"
"Nketiah (CRY)",16,1,"MCI",284,1,"SGW"
"Nketiah (CRY)",17,2,"LEE",284,1,"SGW"
"Nketiah (CRY)",18,1,"TOT",284,1,"SGW"
"Nketiah (CRY)",19,0,"FUL",284,1,"SGW"
"Nketiah (CRY)",20,0,"NEW",284,1,"SGW"
"Nketiah (CRY)",21,0,"AVL",284,1,"SGW"
"Nketiah (CRY)",22,0,"SUN",284,1,"SGW"
"Nketiah (CRY)",23,0,"CHE",284,1,"SGW"
"Nkunku (CHE)",1,0,"CRY",240,1,"SGW"
"Nkunku (CHE)",2,0,"WHU",240,1,"SGW"
"Nkunku (CHE)",3,0,"FUL",240,1,"SGW"
"Nkunku (CHE)",4,0,"BRE",240,1,"SGW"
"Nkunku (CHE)",5,0,"MUN",240,1,"SGW"
"Nkunku (CHE)",6,0,"BHA",240,1,"SGW"
"Nkunku (CHE)",7,0,"LIV",240,1,"SGW"
"Nkunku (CHE)",8,0,"NFO",240,1,"SGW"
"Nkunku (CHE)",9,0,"SUN",240,1,"SGW"
"Nkunku (CHE)",10,0,"TOT",240,1,"SGW"
"Nkunku (CHE)",11,0,"WOL",240,1,"SGW"
"Nkunku (CHE)",12,0,"BUR",240,1,"SGW"
"Nkunku (CHE)",13,0,"ARS",240,1,"SGW"
"Nkunku (CHE)",14,0,"LEE",240,1,"SGW"
"Nkunku (CHE)",15,0,"BOU",240,1,"SGW"
"Nkunku (CHE)",16,0,"EVE",240,1,"SGW"
"Nkunku (CHE)",17,0,"NEW",240,1,"SGW"
"Nkunku (CHE)",18,0,"AVL",240,1,"SGW"
"Nkunku (CHE)",19,0,"BOU",240,1,"SGW"
"Nkunku (CHE)",20,0,"MCI",240,1,"SGW"
"Nkunku (CHE)",21,0,"FUL",240,1,"SGW"
"Nkunku (CHE)",22,0,"BRE",240,1,"SGW"
"Nkunku (CHE)",23,0,"CRY",240,1,"SGW"
"Nmecha (LEE)",1,5,"EVE",365,1,"SGW"
"Nmecha (LEE)",2,1,"ARS",365,1,"SGW"
"Nmecha (LEE)",3,2,"NEW",365,1,"SGW"
"Nmecha (LEE)",4,1,"FUL",365,1,"SGW"
"Nmecha (LEE)",5,1,"WOL",365,1,"SGW"
"Nmecha (LEE)",6,1,"BOU",365,1,"SGW"
"Nmecha (LEE)",7,1,"TOT",365,1,"SGW"
"Nmecha (LEE)",8,1,"BUR",365,1,"SGW"
"Nmecha (LEE)",9,1,"WHU",365,1,"SGW"
"Nmecha (LEE)",10,1,"BHA",365,1,"SGW"
"Nmecha (LEE)",11,8,"NFO",365,1,"SGW"
"Nmecha (LEE)",12,8,"AVL",365,1,"SGW"
"Nmecha (LEE)",13,4,"MCI",365,1,"SGW"
"Nmecha (LEE)",14,2,"CHE",365,1,"SGW"
"Nmecha (LEE)",15,0,"LIV",365,1,"SGW"
"Nmecha (LEE)",16,0,"BRE",365,1,"SGW"
"Nmecha (LEE)",17,0,"CRY",365,1,"SGW"
"Nmecha (LEE)",18,1,"SUN",365,1,"SGW"
"Nmecha (LEE)",19,2,"LIV",365,1,"SGW"
"Nmecha (LEE)",20,1,"MUN",365,1,"SGW"
"Nmecha (LEE)",21,1,"NEW",365,1,"SGW"
"Nmecha (LEE)",22,7,"FUL",365,1,"SGW"
"Nmecha (LEE)",23,0,"EVE",365,1,"SGW"
"Nna Noukeu (SUN)",1,0,"WHU",530,1,"SGW"
"Nna Noukeu (SUN)",2,0,"BUR",530,1,"SGW"
"Nna Noukeu (SUN)",3,0,"BRE",530,1,"SGW"
"Nna Noukeu (SUN)",4,0,"CRY",530,1,"SGW"
"Nna Noukeu (SUN)",5,0,"AVL",530,1,"SGW"
"Nna Noukeu (SUN)",6,0,"NFO",530,1,"SGW"
"Nna Noukeu (SUN)",7,0,"MUN",530,1,"SGW"
"Nna Noukeu (SUN)",8,0,"WOL",530,1,"SGW"
"Nna Noukeu (SUN)",9,0,"CHE",530,1,"SGW"
"Nna Noukeu (SUN)",10,0,"EVE",530,1,"SGW"
"Nna Noukeu (SUN)",11,0,"ARS",530,1,"SGW"
"Nna Noukeu (SUN)",12,0,"FUL",530,1,"SGW"
"Nna Noukeu (SUN)",13,0,"BOU",530,1,"SGW"
"Nna Noukeu (SUN)",14,0,"LIV",530,1,"SGW"
"Nna Noukeu (SUN)",15,0,"MCI",530,1,"SGW"
"Nna Noukeu (SUN)",16,0,"NEW",530,1,"SGW"
"Nna Noukeu (SUN)",17,0,"BHA",530,1,"SGW"
"Nna Noukeu (SUN)",18,0,"LEE",530,1,"SGW"
"Nna Noukeu (SUN)",19,0,"MCI",530,1,"SGW"
"Nna Noukeu (SUN)",20,0,"TOT",530,1,"SGW"
"Nna Noukeu (SUN)",21,0,"BRE",530,1,"SGW"
"Nna Noukeu (SUN)",22,0,"CRY",530,1,"SGW"
"Nna Noukeu (SUN)",23,0,"WHU",530,1,"SGW"
"Nørgaard (ARS)",1,0,"MUN",24,1,"SGW"
"Nørgaard (ARS)",2,0,"LEE",24,1,"SGW"
"Nørgaard (ARS)",3,0,"LIV",24,1,"SGW"
"Nørgaard (ARS)",4,0,"NFO",24,1,"SGW"
"Nørgaard (ARS)",5,0,"MCI",24,1,"SGW"
"Nørgaard (ARS)",6,0,"NEW",24,1,"SGW"
"Nørgaard (ARS)",7,0,"WHU",24,1,"SGW"
"Nørgaard (ARS)",8,1,"FUL",24,1,"SGW"
"Nørgaard (ARS)",9,0,"CRY",24,1,"SGW"
"Nørgaard (ARS)",10,1,"BUR",24,1,"SGW"
"Nørgaard (ARS)",11,0,"SUN",24,1,"SGW"
"Nørgaard (ARS)",12,0,"TOT",24,1,"SGW"
"Nørgaard (ARS)",13,0,"CHE",24,1,"SGW"
"Nørgaard (ARS)",14,0,"BRE",24,1,"SGW"
"Nørgaard (ARS)",15,0,"AVL",24,1,"SGW"
"Nørgaard (ARS)",16,0,"WOL",24,1,"SGW"
"Nørgaard (ARS)",17,0,"EVE",24,1,"SGW"
"Nørgaard (ARS)",18,0,"BHA",24,1,"SGW"
"Nørgaard (ARS)",19,1,"AVL",24,1,"SGW"
"Nørgaard (ARS)",20,0,"BOU",24,1,"SGW"
"Nørgaard (ARS)",21,0,"LIV",24,1,"SGW"
"Nørgaard (ARS)",22,0,"NFO",24,1,"SGW"
"Nørgaard (ARS)",23,0,"MUN",24,1,"SGW"
"Nunes (BRE)",1,0,"NFO",127,1,"SGW"
"Nunes (BRE)",2,0,"AVL",127,1,"SGW"
"Nunes (BRE)",3,0,"SUN",127,1,"SGW"
"Nunes (BRE)",4,0,"CHE",127,1,"SGW"
"Nunes (BRE)",5,0,"FUL",127,1,"SGW"
"Nunes (BRE)",6,0,"MUN",127,1,"SGW"
"Nunes (BRE)",7,0,"MCI",127,1,"SGW"
"Nunes (BRE)",8,0,"WHU",127,1,"SGW"
"Nunes (BRE)",9,0,"LIV",127,1,"SGW"
"Nunes (BRE)",10,0,"CRY",127,1,"SGW"
"Nunes (BRE)",11,0,"NEW",127,1,"SGW"
"Nunes (BRE)",12,0,"BHA",127,1,"SGW"
"Nunes (BRE)",13,0,"BUR",127,1,"SGW"
"Nunes (BRE)",14,0,"ARS",127,1,"SGW"
"Nunes (BRE)",15,0,"TOT",127,1,"SGW"
"Nunes (BRE)",16,0,"LEE",127,1,"SGW"
"Nunes (BRE)",17,0,"WOL",127,1,"SGW"
"Nunes (BRE)",18,0,"BOU",127,1,"SGW"
"Nunes (BRE)",19,0,"TOT",127,1,"SGW"
"Nunes (BRE)",20,0,"EVE",127,1,"SGW"
"Nunes (BRE)",21,0,"SUN",127,1,"SGW"
"Nunes (BRE)",22,0,"CHE",127,1,"SGW"
"Nunes (BRE)",23,0,"NFO",127,1,"SGW"
"Nwaneri (ARS)",1,0,"MUN",25,1,"SGW"
"Nwaneri (ARS)",2,1,"LEE",25,1,"SGW"
"Nwaneri (ARS)",3,0,"LIV",25,1,"SGW"
"Nwaneri (ARS)",4,3,"NFO",25,1,"SGW"
"Nwaneri (ARS)",5,1,"MCI",25,1,"SGW"
"Nwaneri (ARS)",6,0,"NEW",25,1,"SGW"
"Nwaneri (ARS)",7,1,"WHU",25,1,"SGW"
"Nwaneri (ARS)",8,0,"FUL",25,1,"SGW"
"Nwaneri (ARS)",9,0,"CRY",25,1,"SGW"
"Nwaneri (ARS)",10,1,"BUR",25,1,"SGW"
"Nwaneri (ARS)",11,0,"SUN",25,1,"SGW"
"Nwaneri (ARS)",12,1,"TOT",25,1,"SGW"
"Nwaneri (ARS)",13,0,"CHE",25,1,"SGW"
"Nwaneri (ARS)",14,0,"BRE",25,1,"SGW"
"Nwaneri (ARS)",15,0,"AVL",25,1,"SGW"
"Nwaneri (ARS)",16,0,"WOL",25,1,"SGW"
"Nwaneri (ARS)",17,0,"EVE",25,1,"SGW"
"Nwaneri (ARS)",18,0,"BHA",25,1,"SGW"
"Nwaneri (ARS)",19,0,"AVL",25,1,"SGW"
"Nwaneri (ARS)",20,0,"BOU",25,1,"SGW"
"Nwaneri (ARS)",21,0,"LIV",25,1,"SGW"
"Nwaneri (ARS)",22,0,"NFO",25,1,"SGW"
"Nwaneri (ARS)",23,0,"MUN",25,1,"SGW"
"Nyoni (LIV)",1,0,"BOU",396,1,"SGW"
"Nyoni (LIV)",2,0,"NEW",396,1,"SGW"
"Nyoni (LIV)",3,0,"ARS",396,1,"SGW"
"Nyoni (LIV)",4,0,"BUR",396,1,"SGW"
"Nyoni (LIV)",5,0,"EVE",396,1,"SGW"
"Nyoni (LIV)",6,0,"CRY",396,1,"SGW"
"Nyoni (LIV)",7,0,"CHE",396,1,"SGW"
"Nyoni (LIV)",8,0,"MUN",396,1,"SGW"
"Nyoni (LIV)",9,0,"BRE",396,1,"SGW"
"Nyoni (LIV)",10,0,"AVL",396,1,"SGW"
"Nyoni (LIV)",11,0,"MCI",396,1,"SGW"
"Nyoni (LIV)",12,0,"NFO",396,1,"SGW"
"Nyoni (LIV)",13,0,"WHU",396,1,"SGW"
"Nyoni (LIV)",14,0,"SUN",396,1,"SGW"
"Nyoni (LIV)",15,0,"LEE",396,1,"SGW"
"Nyoni (LIV)",16,0,"BHA",396,1,"SGW"
"Nyoni (LIV)",17,1,"TOT",396,1,"SGW"
"Nyoni (LIV)",18,1,"WOL",396,1,"SGW"
"Nyoni (LIV)",19,0,"LEE",396,1,"SGW"
"Nyoni (LIV)",20,0,"FUL",396,1,"SGW"
"Nyoni (LIV)",21,0,"ARS",396,1,"SGW"
"Nyoni (LIV)",22,0,"BUR",396,1,"SGW"
"Nyoni (LIV)",23,0,"BOU",396,1,"SGW"
"Nypan (MCI)",1,0,"WOL",428,1,"SGW"
"Nypan (MCI)",2,0,"TOT",428,1,"SGW"
"Nypan (MCI)",3,0,"BHA",428,1,"SGW"
"Nypan (MCI)",4,0,"MUN",428,1,"SGW"
"Nypan (MCI)",5,0,"ARS",428,1,"SGW"
"Nypan (MCI)",6,0,"BUR",428,1,"SGW"
"Nypan (MCI)",7,0,"BRE",428,1,"SGW"
"Nypan (MCI)",8,0,"EVE",428,1,"SGW"
"Nypan (MCI)",9,0,"AVL",428,1,"SGW"
"Nypan (MCI)",10,0,"BOU",428,1,"SGW"
"Nypan (MCI)",11,0,"LIV",428,1,"SGW"
"Nypan (MCI)",12,0,"NEW",428,1,"SGW"
"Nypan (MCI)",13,0,"LEE",428,1,"SGW"
"Nypan (MCI)",14,0,"FUL",428,1,"SGW"
"Nypan (MCI)",15,0,"SUN",428,1,"SGW"
"Nypan (MCI)",16,0,"CRY",428,1,"SGW"
"Nypan (MCI)",17,0,"WHU",428,1,"SGW"
"Nypan (MCI)",18,0,"NFO",428,1,"SGW"
"Nypan (MCI)",19,0,"SUN",428,1,"SGW"
"Nypan (MCI)",20,0,"CHE",428,1,"SGW"
"Nypan (MCI)",21,0,"BHA",428,1,"SGW"
"Nypan (MCI)",22,0,"MUN",428,1,"SGW"
"Nypan (MCI)",23,0,"WOL",428,1,"SGW"
"O.Dango (BRE)",1,0,"LIV",83,1,"SGW"
"O.Dango (BRE)",2,13,"AVL",83,1,"SGW"
"O.Dango (BRE)",3,2,"SUN",83,1,"SGW"
"O.Dango (BRE)",4,1,"CHE",83,1,"SGW"
"O.Dango (BRE)",5,1,"FUL",83,1,"SGW"
"O.Dango (BRE)",6,2,"MUN",83,1,"SGW"
"O.Dango (BRE)",7,0,"MCI",83,1,"SGW"
"O.Dango (BRE)",8,3,"WHU",83,1,"SGW"
"O.Dango (BRE)",9,11,"LIV",83,1,"SGW"
"O.Dango (BRE)",10,2,"CRY",83,1,"SGW"
"O.Dango (BRE)",11,4,"NEW",83,1,"SGW"
"O.Dango (BRE)",12,5,"BHA",83,1,"SGW"
"O.Dango (BRE)",13,12,"BUR",83,1,"SGW"
"O.Dango (BRE)",14,2,"ARS",83,1,"SGW"
"O.Dango (BRE)",15,4,"TOT",83,1,"SGW"
"O.Dango (BRE)",16,2,"LEE",83,1,"SGW"
"O.Dango (BRE)",17,0,"WOL",83,1,"SGW"
"O.Dango (BRE)",18,0,"BOU",83,1,"SGW"
"O.Dango (BRE)",19,0,"TOT",83,1,"SGW"
"O.Dango (BRE)",20,0,"EVE",83,1,"SGW"
"O.Dango (BRE)",21,0,"SUN",83,1,"SGW"
"O.Dango (BRE)",22,1,"CHE",83,1,"SGW"
"O.Dango (BRE)",23,1,"NFO",83,1,"SGW"
"O.Richards (NFO)",1,0,"BRE",512,1,"SGW"
"O.Richards (NFO)",2,0,"CRY",512,1,"SGW"
"O.Richards (NFO)",3,0,"WHU",512,1,"SGW"
"O.Richards (NFO)",4,0,"ARS",512,1,"SGW"
"O.Richards (NFO)",5,0,"BUR",512,1,"SGW"
"O.Richards (NFO)",6,0,"SUN",512,1,"SGW"
"O.Richards (NFO)",7,0,"NEW",512,1,"SGW"
"O.Richards (NFO)",8,0,"CHE",512,1,"SGW"
"O.Richards (NFO)",9,0,"BOU",512,1,"SGW"
"O.Richards (NFO)",10,0,"MUN",512,1,"SGW"
"O.Richards (NFO)",11,0,"LEE",512,1,"SGW"
"O.Richards (NFO)",12,0,"LIV",512,1,"SGW"
"O.Richards (NFO)",13,0,"BHA",512,1,"SGW"
"O.Richards (NFO)",14,0,"WOL",512,1,"SGW"
"O.Richards (NFO)",15,0,"EVE",512,1,"SGW"
"O.Richards (NFO)",16,0,"TOT",512,1,"SGW"
"O.Richards (NFO)",17,0,"FUL",512,1,"SGW"
"O.Richards (NFO)",18,0,"MCI",512,1,"SGW"
"O.Richards (NFO)",19,0,"EVE",512,1,"SGW"
"O.Richards (NFO)",20,0,"AVL",512,1,"SGW"
"O.Richards (NFO)",21,0,"WHU",512,1,"SGW"
"O.Richards (NFO)",22,0,"ARS",512,1,"SGW"
"O.Richards (NFO)",23,0,"BRE",512,1,"SGW"
"O'Brien (EVE)",1,2,"LEE",293,1,"SGW"
"O'Brien (EVE)",2,6,"BHA",293,1,"SGW"
"O'Brien (EVE)",3,1,"WOL",293,1,"SGW"
"O'Brien (EVE)",4,6,"AVL",293,1,"SGW"
"O'Brien (EVE)",5,1,"LIV",293,1,"SGW"
"O'Brien (EVE)",6,2,"WHU",293,1,"SGW"
"O'Brien (EVE)",7,5,"CRY",293,1,"SGW"
"O'Brien (EVE)",8,1,"MCI",293,1,"SGW"
"O'Brien (EVE)",9,1,"TOT",293,1,"SGW"
"O'Brien (EVE)",10,2,"SUN",293,1,"SGW"
"O'Brien (EVE)",11,1,"FUL",293,1,"SGW"
"O'Brien (EVE)",12,6,"MUN",293,1,"SGW"
"O'Brien (EVE)",13,0,"NEW",293,1,"SGW"
"O'Brien (EVE)",14,6,"BOU",293,1,"SGW"
"O'Brien (EVE)",15,8,"NFO",293,1,"SGW"
"O'Brien (EVE)",16,1,"CHE",293,1,"SGW"
"O'Brien (EVE)",17,2,"ARS",293,1,"SGW"
"O'Brien (EVE)",18,6,"BUR",293,1,"SGW"
"O'Brien (EVE)",19,8,"NFO",293,1,"SGW"
"O'Brien (EVE)",20,0,"BRE",293,1,"SGW"
"O'Brien (EVE)",21,2,"WOL",293,1,"SGW"
"O'Brien (EVE)",22,9,"AVL",293,1,"SGW"
"O'Brien (EVE)",23,4,"LEE",293,1,"SGW"
"O'Brien (NFO)",1,0,"BRE",520,1,"SGW"
"O'Brien (NFO)",2,0,"CRY",520,1,"SGW"
"O'Brien (NFO)",3,0,"WHU",520,1,"SGW"
"O'Brien (NFO)",4,0,"ARS",520,1,"SGW"
"O'Brien (NFO)",5,0,"BUR",520,1,"SGW"
"O'Brien (NFO)",6,0,"SUN",520,1,"SGW"
"O'Brien (NFO)",7,0,"NEW",520,1,"SGW"
"O'Brien (NFO)",8,0,"CHE",520,1,"SGW"
"O'Brien (NFO)",9,0,"BOU",520,1,"SGW"
"O'Brien (NFO)",10,0,"MUN",520,1,"SGW"
"O'Brien (NFO)",11,0,"LEE",520,1,"SGW"
"O'Brien (NFO)",12,0,"LIV",520,1,"SGW"
"O'Brien (NFO)",13,0,"BHA",520,1,"SGW"
"O'Brien (NFO)",14,0,"WOL",520,1,"SGW"
"O'Brien (NFO)",15,0,"EVE",520,1,"SGW"
"O'Brien (NFO)",16,0,"TOT",520,1,"SGW"
"O'Brien (NFO)",17,0,"FUL",520,1,"SGW"
"O'Brien (NFO)",18,0,"MCI",520,1,"SGW"
"O'Brien (NFO)",19,0,"EVE",520,1,"SGW"
"O'Brien (NFO)",20,0,"AVL",520,1,"SGW"
"O'Brien (NFO)",21,0,"WHU",520,1,"SGW"
"O'Brien (NFO)",22,0,"ARS",520,1,"SGW"
"O'Brien (NFO)",23,0,"BRE",520,1,"SGW"
"O'Nien (SUN)",1,0,"WHU",539,1,"SGW"
"O'Nien (SUN)",2,0,"BUR",539,1,"SGW"
"O'Nien (SUN)",3,0,"BRE",539,1,"SGW"
"O'Nien (SUN)",4,0,"CRY",539,1,"SGW"
"O'Nien (SUN)",5,0,"AVL",539,1,"SGW"
"O'Nien (SUN)",6,0,"NFO",539,1,"SGW"
"O'Nien (SUN)",7,0,"MUN",539,1,"SGW"
"O'Nien (SUN)",8,0,"WOL",539,1,"SGW"
"O'Nien (SUN)",9,0,"CHE",539,1,"SGW"
"O'Nien (SUN)",10,0,"EVE",539,1,"SGW"
"O'Nien (SUN)",11,0,"ARS",539,1,"SGW"
"O'Nien (SUN)",12,0,"FUL",539,1,"SGW"
"O'Nien (SUN)",13,0,"BOU",539,1,"SGW"
"O'Nien (SUN)",14,1,"LIV",539,1,"SGW"
"O'Nien (SUN)",15,-2,"MCI",539,1,"SGW"
"O'Nien (SUN)",16,0,"NEW",539,1,"SGW"
"O'Nien (SUN)",17,0,"BHA",539,1,"SGW"
"O'Nien (SUN)",18,0,"LEE",539,1,"SGW"
"O'Nien (SUN)",19,0,"MCI",539,1,"SGW"
"O'Nien (SUN)",20,0,"TOT",539,1,"SGW"
"O'Nien (SUN)",21,1,"BRE",539,1,"SGW"
"O'Nien (SUN)",22,0,"CRY",539,1,"SGW"
"O'Nien (SUN)",23,1,"WHU",539,1,"SGW"
"O'Reilly (MCI)",1,0,"WOL",411,1,"SGW"
"O'Reilly (MCI)",2,0,"TOT",411,1,"SGW"
"O'Reilly (MCI)",3,1,"BHA",411,1,"SGW"
"O'Reilly (MCI)",4,6,"MUN",411,1,"SGW"
"O'Reilly (MCI)",5,6,"ARS",411,1,"SGW"
"O'Reilly (MCI)",6,2,"BUR",411,1,"SGW"
"O'Reilly (MCI)",7,5,"BRE",411,1,"SGW"
"O'Reilly (MCI)",8,11,"EVE",411,1,"SGW"
"O'Reilly (MCI)",9,1,"AVL",411,1,"SGW"
"O'Reilly (MCI)",10,8,"BOU",411,1,"SGW"
"O'Reilly (MCI)",11,11,"LIV",411,1,"SGW"
"O'Reilly (MCI)",12,1,"NEW",411,1,"SGW"
"O'Reilly (MCI)",13,4,"LEE",411,1,"SGW"
"O'Reilly (MCI)",14,0,"FUL",411,1,"SGW"
"O'Reilly (MCI)",15,6,"SUN",411,1,"SGW"
"O'Reilly (MCI)",16,6,"CRY",411,1,"SGW"
"O'Reilly (MCI)",17,6,"WHU",411,1,"SGW"
"O'Reilly (MCI)",18,1,"NFO",411,1,"SGW"
"O'Reilly (MCI)",19,1,"SUN",411,1,"SGW"
"O'Reilly (MCI)",20,2,"CHE",411,1,"SGW"
"O'Reilly (MCI)",21,1,"BHA",411,1,"SGW"
"O'Reilly (MCI)",22,-1,"MUN",411,1,"SGW"
"O'Reilly (MCI)",23,6,"WOL",411,1,"SGW"
"O'Riley (BHA)",1,10,"FUL",164,1,"SGW"
"O'Riley (BHA)",2,2,"EVE",164,1,"SGW"
"O'Riley (BHA)",3,0,"MCI",164,1,"SGW"
"O'Riley (BHA)",4,0,"BOU",164,1,"SGW"
"O'Riley (BHA)",5,0,"TOT",164,1,"SGW"
"O'Riley (BHA)",6,0,"CHE",164,1,"SGW"
"O'Riley (BHA)",7,0,"WOL",164,1,"SGW"
"O'Riley (BHA)",8,0,"NEW",164,1,"SGW"
"O'Riley (BHA)",9,0,"MUN",164,1,"SGW"
"O'Riley (BHA)",10,0,"LEE",164,1,"SGW"
"O'Riley (BHA)",11,0,"CRY",164,1,"SGW"
"O'Riley (BHA)",12,0,"BRE",164,1,"SGW"
"O'Riley (BHA)",13,0,"NFO",164,1,"SGW"
"O'Riley (BHA)",14,0,"AVL",164,1,"SGW"
"O'Riley (BHA)",15,0,"WHU",164,1,"SGW"
"O'Riley (BHA)",16,0,"LIV",164,1,"SGW"
"O'Riley (BHA)",17,0,"SUN",164,1,"SGW"
"O'Riley (BHA)",18,0,"ARS",164,1,"SGW"
"O'Riley (BHA)",19,0,"WHU",164,1,"SGW"
"O'Riley (BHA)",20,0,"BUR",164,1,"SGW"
"O'Riley (BHA)",21,0,"MCI",164,1,"SGW"
"O'Riley (BHA)",22,0,"BOU",164,1,"SGW"
"O'Riley (BHA)",23,0,"FUL",164,1,"SGW"
"Obafemi (BUR)",1,0,"TOT",219,1,"SGW"
"Obafemi (BUR)",2,0,"SUN",219,1,"SGW"
"Obafemi (BUR)",3,0,"MUN",219,1,"SGW"
"Obafemi (BUR)",4,0,"LIV",219,1,"SGW"
"Obafemi (BUR)",5,0,"NFO",219,1,"SGW"
"Obafemi (BUR)",6,0,"MCI",219,1,"SGW"
"Obafemi (BUR)",7,0,"AVL",219,1,"SGW"
"Obafemi (BUR)",8,0,"LEE",219,1,"SGW"
"Obafemi (BUR)",9,0,"WOL",219,1,"SGW"
"Obafemi (BUR)",10,0,"ARS",219,1,"SGW"
"Obafemi (BUR)",11,0,"WHU",219,1,"SGW"
"Obafemi (BUR)",12,0,"CHE",219,1,"SGW"
"Obafemi (BUR)",13,0,"BRE",219,1,"SGW"
"Obafemi (BUR)",14,0,"CRY",219,1,"SGW"
"Obafemi (BUR)",15,0,"NEW",219,1,"SGW"
"Obafemi (BUR)",16,0,"FUL",219,1,"SGW"
"Obafemi (BUR)",17,0,"BOU",219,1,"SGW"
"Obafemi (BUR)",18,0,"EVE",219,1,"SGW"
"Obafemi (BUR)",19,0,"NEW",219,1,"SGW"
"Obafemi (BUR)",20,0,"BHA",219,1,"SGW"
"Obafemi (BUR)",21,0,"MUN",219,1,"SGW"
"Obafemi (BUR)",22,0,"LIV",219,1,"SGW"
"Obafemi (BUR)",23,0,"TOT",219,1,"SGW"
"Obi (MUN)",1,0,"ARS",467,1,"SGW"
"Obi (MUN)",2,0,"FUL",467,1,"SGW"
"Obi (MUN)",3,0,"BUR",467,1,"SGW"
"Obi (MUN)",4,0,"MCI",467,1,"SGW"
"Obi (MUN)",5,0,"CHE",467,1,"SGW"
"Obi (MUN)",6,0,"BRE",467,1,"SGW"
"Obi (MUN)",7,0,"SUN",467,1,"SGW"
"Obi (MUN)",8,0,"LIV",467,1,"SGW"
"Obi (MUN)",9,0,"BHA",467,1,"SGW"
"Obi (MUN)",10,0,"NFO",467,1,"SGW"
"Obi (MUN)",11,0,"TOT",467,1,"SGW"
"Obi (MUN)",12,0,"EVE",467,1,"SGW"
"Obi (MUN)",13,0,"CRY",467,1,"SGW"
"Obi (MUN)",14,0,"WHU",467,1,"SGW"
"Obi (MUN)",15,0,"WOL",467,1,"SGW"
"Obi (MUN)",16,0,"BOU",467,1,"SGW"
"Obi (MUN)",17,0,"AVL",467,1,"SGW"
"Obi (MUN)",18,0,"NEW",467,1,"SGW"
"Obi (MUN)",19,0,"WOL",467,1,"SGW"
"Obi (MUN)",20,0,"LEE",467,1,"SGW"
"Obi (MUN)",21,0,"BUR",467,1,"SGW"
"Obi (MUN)",22,0,"MCI",467,1,"SGW"
"Obi (MUN)",23,0,"ARS",467,1,"SGW"
"Ødegaard (ARS)",1,5,"MUN",17,1,"SGW"
"Ødegaard (ARS)",2,1,"LEE",17,1,"SGW"
"Ødegaard (ARS)",3,1,"LIV",17,1,"SGW"
"Ødegaard (ARS)",4,1,"NFO",17,1,"SGW"
"Ødegaard (ARS)",5,0,"MCI",17,1,"SGW"
"Ødegaard (ARS)",6,4,"NEW",17,1,"SGW"
"Ødegaard (ARS)",7,1,"WHU",17,1,"SGW"
"Ødegaard (ARS)",8,0,"FUL",17,1,"SGW"
"Ødegaard (ARS)",9,0,"CRY",17,1,"SGW"
"Ødegaard (ARS)",10,0,"BUR",17,1,"SGW"
"Ødegaard (ARS)",11,0,"SUN",17,1,"SGW"
"Ødegaard (ARS)",12,0,"TOT",17,1,"SGW"
"Ødegaard (ARS)",13,1,"CHE",17,1,"SGW"
"Ødegaard (ARS)",14,3,"BRE",17,1,"SGW"
"Ødegaard (ARS)",15,2,"AVL",17,1,"SGW"
"Ødegaard (ARS)",16,1,"WOL",17,1,"SGW"
"Ødegaard (ARS)",17,3,"EVE",17,1,"SGW"
"Ødegaard (ARS)",18,10,"BHA",17,1,"SGW"
"Ødegaard (ARS)",19,5,"AVL",17,1,"SGW"
"Ødegaard (ARS)",20,7,"BOU",17,1,"SGW"
"Ødegaard (ARS)",21,3,"LIV",17,1,"SGW"
"Ødegaard (ARS)",22,1,"NFO",17,1,"SGW"
"Ødegaard (ARS)",23,4,"MUN",17,1,"SGW"
"Odobert (TOT)",1,1,"BUR",588,1,"SGW"
"Odobert (TOT)",2,1,"MCI",588,1,"SGW"
"Odobert (TOT)",3,1,"BOU",588,1,"SGW"
"Odobert (TOT)",4,1,"WHU",588,1,"SGW"
"Odobert (TOT)",5,2,"BHA",588,1,"SGW"
"Odobert (TOT)",6,1,"WOL",588,1,"SGW"
"Odobert (TOT)",7,2,"LEE",588,1,"SGW"
"Odobert (TOT)",8,2,"AVL",588,1,"SGW"
"Odobert (TOT)",9,0,"EVE",588,1,"SGW"
"Odobert (TOT)",10,1,"CHE",588,1,"SGW"
"Odobert (TOT)",11,7,"MUN",588,1,"SGW"
"Odobert (TOT)",12,2,"ARS",588,1,"SGW"
"Odobert (TOT)",13,1,"FUL",588,1,"SGW"
"Odobert (TOT)",14,1,"NEW",588,1,"SGW"
"Odobert (TOT)",15,1,"BRE",588,1,"SGW"
"Odobert (TOT)",16,0,"NFO",588,1,"SGW"
"Odobert (TOT)",17,1,"LIV",588,1,"SGW"
"Odobert (TOT)",18,1,"CRY",588,1,"SGW"
"Odobert (TOT)",19,3,"BRE",588,1,"SGW"
"Odobert (TOT)",20,3,"SUN",588,1,"SGW"
"Odobert (TOT)",21,1,"BOU",588,1,"SGW"
"Odobert (TOT)",22,2,"WHU",588,1,"SGW"
"Odobert (TOT)",23,8,"BUR",588,1,"SGW"
"Odysseas (NEW)",1,0,"AVL",472,1,"SGW"
"Odysseas (NEW)",2,0,"LIV",472,1,"SGW"
"Odysseas (NEW)",3,0,"LEE",472,1,"SGW"
"Odysseas (NEW)",4,0,"WOL",472,1,"SGW"
"Odysseas (NEW)",5,0,"BOU",472,1,"SGW"
"Odysseas (NEW)",6,0,"ARS",472,1,"SGW"
"Odysseas (NEW)",7,0,"NFO",472,1,"SGW"
"Odysseas (NEW)",8,0,"BHA",472,1,"SGW"
"Odysseas (NEW)",9,0,"FUL",472,1,"SGW"
"Odysseas (NEW)",10,0,"WHU",472,1,"SGW"
"Odysseas (NEW)",11,0,"BRE",472,1,"SGW"
"Odysseas (NEW)",12,0,"MCI",472,1,"SGW"
"Odysseas (NEW)",13,0,"EVE",472,1,"SGW"
"Odysseas (NEW)",14,0,"TOT",472,1,"SGW"
"Odysseas (NEW)",15,0,"BUR",472,1,"SGW"
"Odysseas (NEW)",16,0,"SUN",472,1,"SGW"
"Odysseas (NEW)",17,0,"CHE",472,1,"SGW"
"Odysseas (NEW)",18,0,"MUN",472,1,"SGW"
"Odysseas (NEW)",19,0,"BUR",472,1,"SGW"
"Odysseas (NEW)",20,0,"CRY",472,1,"SGW"
"Odysseas (NEW)",21,0,"LEE",472,1,"SGW"
"Odysseas (NEW)",22,0,"WOL",472,1,"SGW"
"Odysseas (NEW)",23,0,"AVL",472,1,"SGW"
"Ojinnaka (WOL)",1,NA,NA,777,NA,"BGW"
"Ojinnaka (WOL)",2,NA,NA,777,NA,"BGW"
"Ojinnaka (WOL)",3,NA,NA,777,NA,"BGW"
"Ojinnaka (WOL)",4,NA,NA,777,NA,"BGW"
"Ojinnaka (WOL)",5,NA,NA,777,NA,"BGW"
"Ojinnaka (WOL)",6,NA,NA,777,NA,"BGW"
"Ojinnaka (WOL)",7,NA,NA,777,NA,"BGW"
"Ojinnaka (WOL)",8,NA,NA,777,NA,"BGW"
"Ojinnaka (WOL)",9,NA,NA,777,NA,"BGW"
"Ojinnaka (WOL)",10,NA,NA,777,NA,"BGW"
"Ojinnaka (WOL)",11,NA,NA,777,NA,"BGW"
"Ojinnaka (WOL)",12,NA,NA,777,NA,"BGW"
"Ojinnaka (WOL)",13,NA,NA,777,NA,"BGW"
"Ojinnaka (WOL)",14,NA,NA,777,NA,"BGW"
"Ojinnaka (WOL)",15,NA,NA,777,NA,"BGW"
"Ojinnaka (WOL)",16,NA,NA,777,NA,"BGW"
"Ojinnaka (WOL)",17,NA,NA,777,NA,"BGW"
"Ojinnaka (WOL)",18,NA,NA,777,NA,"BGW"
"Ojinnaka (WOL)",19,0,"MUN",777,1,"SGW"
"Ojinnaka (WOL)",20,0,"WHU",777,1,"SGW"
"Ojinnaka (WOL)",21,0,"EVE",777,1,"SGW"
"Ojinnaka (WOL)",22,0,"NEW",777,1,"SGW"
"Ojinnaka (WOL)",23,0,"MCI",777,1,"SGW"
"Okafor (LEE)",1,NA,NA,698,NA,"BGW"
"Okafor (LEE)",2,1,"ARS",698,1,"SGW"
"Okafor (LEE)",3,0,"NEW",698,1,"SGW"
"Okafor (LEE)",4,2,"FUL",698,1,"SGW"
"Okafor (LEE)",5,8,"WOL",698,1,"SGW"
"Okafor (LEE)",6,2,"BOU",698,1,"SGW"
"Okafor (LEE)",7,8,"TOT",698,1,"SGW"
"Okafor (LEE)",8,0,"BUR",698,1,"SGW"
"Okafor (LEE)",9,4,"WHU",698,1,"SGW"
"Okafor (LEE)",10,2,"BHA",698,1,"SGW"
"Okafor (LEE)",11,2,"NFO",698,1,"SGW"
"Okafor (LEE)",12,2,"AVL",698,1,"SGW"
"Okafor (LEE)",13,1,"MCI",698,1,"SGW"
"Okafor (LEE)",14,4,"CHE",698,1,"SGW"
"Okafor (LEE)",15,2,"LIV",698,1,"SGW"
"Okafor (LEE)",16,2,"BRE",698,1,"SGW"
"Okafor (LEE)",17,3,"CRY",698,1,"SGW"
"Okafor (LEE)",18,2,"SUN",698,1,"SGW"
"Okafor (LEE)",19,1,"LIV",698,1,"SGW"
"Okafor (LEE)",20,2,"MUN",698,1,"SGW"
"Okafor (LEE)",21,1,"NEW",698,1,"SGW"
"Okafor (LEE)",22,3,"FUL",698,1,"SGW"
"Okafor (LEE)",23,1,"EVE",698,1,"SGW"
"Olagunju (WOL)",1,NA,NA,766,NA,"BGW"
"Olagunju (WOL)",2,NA,NA,766,NA,"BGW"
"Olagunju (WOL)",3,NA,NA,766,NA,"BGW"
"Olagunju (WOL)",4,NA,NA,766,NA,"BGW"
"Olagunju (WOL)",5,NA,NA,766,NA,"BGW"
"Olagunju (WOL)",6,NA,NA,766,NA,"BGW"
"Olagunju (WOL)",7,NA,NA,766,NA,"BGW"
"Olagunju (WOL)",8,NA,NA,766,NA,"BGW"
"Olagunju (WOL)",9,NA,NA,766,NA,"BGW"
"Olagunju (WOL)",10,NA,NA,766,NA,"BGW"
"Olagunju (WOL)",11,NA,NA,766,NA,"BGW"
"Olagunju (WOL)",12,NA,NA,766,NA,"BGW"
"Olagunju (WOL)",13,NA,NA,766,NA,"BGW"
"Olagunju (WOL)",14,NA,NA,766,NA,"BGW"
"Olagunju (WOL)",15,NA,NA,766,NA,"BGW"
"Olagunju (WOL)",16,NA,NA,766,NA,"BGW"
"Olagunju (WOL)",17,0,"BRE",766,1,"SGW"
"Olagunju (WOL)",18,0,"LIV",766,1,"SGW"
"Olagunju (WOL)",19,0,"MUN",766,1,"SGW"
"Olagunju (WOL)",20,0,"WHU",766,1,"SGW"
"Olagunju (WOL)",21,0,"EVE",766,1,"SGW"
"Olagunju (WOL)",22,0,"NEW",766,1,"SGW"
"Olagunju (WOL)",23,0,"MCI",766,1,"SGW"
"Olusesi (TOT)",1,0,"BUR",595,1,"SGW"
"Olusesi (TOT)",2,0,"MCI",595,1,"SGW"
"Olusesi (TOT)",3,0,"BOU",595,1,"SGW"
"Olusesi (TOT)",4,0,"WHU",595,1,"SGW"
"Olusesi (TOT)",5,0,"BHA",595,1,"SGW"
"Olusesi (TOT)",6,0,"WOL",595,1,"SGW"
"Olusesi (TOT)",7,0,"LEE",595,1,"SGW"
"Olusesi (TOT)",8,0,"AVL",595,1,"SGW"
"Olusesi (TOT)",9,0,"EVE",595,1,"SGW"
"Olusesi (TOT)",10,0,"CHE",595,1,"SGW"
"Olusesi (TOT)",11,0,"MUN",595,1,"SGW"
"Olusesi (TOT)",12,0,"ARS",595,1,"SGW"
"Olusesi (TOT)",13,0,"FUL",595,1,"SGW"
"Olusesi (TOT)",14,0,"NEW",595,1,"SGW"
"Olusesi (TOT)",15,0,"BRE",595,1,"SGW"
"Olusesi (TOT)",16,0,"NFO",595,1,"SGW"
"Olusesi (TOT)",17,0,"LIV",595,1,"SGW"
"Olusesi (TOT)",18,0,"CRY",595,1,"SGW"
"Olusesi (TOT)",19,0,"BRE",595,1,"SGW"
"Olusesi (TOT)",20,0,"SUN",595,1,"SGW"
"Olusesi (TOT)",21,0,"BOU",595,1,"SGW"
"Olusesi (TOT)",22,0,"WHU",595,1,"SGW"
"Olusesi (TOT)",23,0,"BUR",595,1,"SGW"
"Onana (AVL)",1,5,"NEW",59,1,"SGW"
"Onana (AVL)",2,1,"BRE",59,1,"SGW"
"Onana (AVL)",3,0,"CRY",59,1,"SGW"
"Onana (AVL)",4,0,"EVE",59,1,"SGW"
"Onana (AVL)",5,0,"SUN",59,1,"SGW"
"Onana (AVL)",6,0,"FUL",59,1,"SGW"
"Onana (AVL)",7,1,"BUR",59,1,"SGW"
"Onana (AVL)",8,4,"TOT",59,1,"SGW"
"Onana (AVL)",9,3,"MCI",59,1,"SGW"
"Onana (AVL)",10,1,"LIV",59,1,"SGW"
"Onana (AVL)",11,9,"BOU",59,1,"SGW"
"Onana (AVL)",12,0,"LEE",59,1,"SGW"
"Onana (AVL)",13,1,"WOL",59,1,"SGW"
"Onana (AVL)",14,11,"BHA",59,1,"SGW"
"Onana (AVL)",15,2,"ARS",59,1,"SGW"
"Onana (AVL)",16,2,"WHU",59,1,"SGW"
"Onana (AVL)",17,4,"MUN",59,1,"SGW"
"Onana (AVL)",18,1,"CHE",59,1,"SGW"
"Onana (AVL)",19,1,"ARS",59,1,"SGW"
"Onana (AVL)",20,0,"NFO",59,1,"SGW"
"Onana (AVL)",21,0,"CRY",59,1,"SGW"
"Onana (AVL)",22,0,"EVE",59,1,"SGW"
"Onana (AVL)",23,5,"NEW",59,1,"SGW"
"Onana (MUN)",1,0,"ARS",432,1,"SGW"
"Onana (MUN)",2,0,"FUL",432,1,"SGW"
"Onana (MUN)",3,0,"BUR",432,1,"SGW"
"Onana (MUN)",4,0,"MCI",432,1,"SGW"
"Onana (MUN)",5,0,"CHE",432,1,"SGW"
"Onana (MUN)",6,0,"BRE",432,1,"SGW"
"Onana (MUN)",7,0,"SUN",432,1,"SGW"
"Onana (MUN)",8,0,"LIV",432,1,"SGW"
"Onana (MUN)",9,0,"BHA",432,1,"SGW"
"Onana (MUN)",10,0,"NFO",432,1,"SGW"
"Onana (MUN)",11,0,"TOT",432,1,"SGW"
"Onana (MUN)",12,0,"EVE",432,1,"SGW"
"Onana (MUN)",13,0,"CRY",432,1,"SGW"
"Onana (MUN)",14,0,"WHU",432,1,"SGW"
"Onana (MUN)",15,0,"WOL",432,1,"SGW"
"Onana (MUN)",16,0,"BOU",432,1,"SGW"
"Onana (MUN)",17,0,"AVL",432,1,"SGW"
"Onana (MUN)",18,0,"NEW",432,1,"SGW"
"Onana (MUN)",19,0,"WOL",432,1,"SGW"
"Onana (MUN)",20,0,"LEE",432,1,"SGW"
"Onana (MUN)",21,0,"BUR",432,1,"SGW"
"Onana (MUN)",22,0,"MCI",432,1,"SGW"
"Onana (MUN)",23,0,"ARS",432,1,"SGW"
"Onyango (EVE)",1,NA,NA,704,NA,"BGW"
"Onyango (EVE)",2,0,"BHA",704,1,"SGW"
"Onyango (EVE)",3,0,"WOL",704,1,"SGW"
"Onyango (EVE)",4,0,"AVL",704,1,"SGW"
"Onyango (EVE)",5,0,"LIV",704,1,"SGW"
"Onyango (EVE)",6,0,"WHU",704,1,"SGW"
"Onyango (EVE)",7,0,"CRY",704,1,"SGW"
"Onyango (EVE)",8,0,"MCI",704,1,"SGW"
"Onyango (EVE)",9,0,"TOT",704,1,"SGW"
"Onyango (EVE)",10,0,"SUN",704,1,"SGW"
"Onyango (EVE)",11,0,"FUL",704,1,"SGW"
"Onyango (EVE)",12,0,"MUN",704,1,"SGW"
"Onyango (EVE)",13,0,"NEW",704,1,"SGW"
"Onyango (EVE)",14,0,"BOU",704,1,"SGW"
"Onyango (EVE)",15,0,"NFO",704,1,"SGW"
"Onyango (EVE)",16,0,"CHE",704,1,"SGW"
"Onyango (EVE)",17,0,"ARS",704,1,"SGW"
"Onyango (EVE)",18,0,"BUR",704,1,"SGW"
"Onyango (EVE)",19,0,"NFO",704,1,"SGW"
"Onyango (EVE)",20,0,"BRE",704,1,"SGW"
"Onyango (EVE)",21,0,"WOL",704,1,"SGW"
"Onyango (EVE)",22,0,"AVL",704,1,"SGW"
"Onyango (EVE)",23,0,"LEE",704,1,"SGW"
"Onyeka (BRE)",1,4,"NFO",128,1,"SGW"
"Onyeka (BRE)",2,1,"AVL",128,1,"SGW"
"Onyeka (BRE)",3,4,"SUN",128,1,"SGW"
"Onyeka (BRE)",4,0,"CHE",128,1,"SGW"
"Onyeka (BRE)",5,0,"FUL",128,1,"SGW"
"Onyeka (BRE)",6,1,"MUN",128,1,"SGW"
"Onyeka (BRE)",7,1,"MCI",128,1,"SGW"
"Onyeka (BRE)",8,0,"WHU",128,1,"SGW"
"Onyeka (BRE)",9,1,"LIV",128,1,"SGW"
"Onyeka (BRE)",10,0,"CRY",128,1,"SGW"
"Onyeka (BRE)",11,0,"NEW",128,1,"SGW"
"Onyeka (BRE)",12,0,"BHA",128,1,"SGW"
"Onyeka (BRE)",13,0,"BUR",128,1,"SGW"
"Onyeka (BRE)",14,0,"ARS",128,1,"SGW"
"Onyeka (BRE)",15,0,"TOT",128,1,"SGW"
"Onyeka (BRE)",16,0,"LEE",128,1,"SGW"
"Onyeka (BRE)",17,0,"WOL",128,1,"SGW"
"Onyeka (BRE)",18,0,"BOU",128,1,"SGW"
"Onyeka (BRE)",19,0,"TOT",128,1,"SGW"
"Onyeka (BRE)",20,0,"EVE",128,1,"SGW"
"Onyeka (BRE)",21,0,"SUN",128,1,"SGW"
"Onyeka (BRE)",22,0,"CHE",128,1,"SGW"
"Onyeka (BRE)",23,0,"NFO",128,1,"SGW"
"Orford (WHU)",1,0,"SUN",622,1,"SGW"
"Orford (WHU)",2,0,"CHE",622,1,"SGW"
"Orford (WHU)",3,0,"NFO",622,1,"SGW"
"Orford (WHU)",4,0,"TOT",622,1,"SGW"
"Orford (WHU)",5,0,"CRY",622,1,"SGW"
"Orford (WHU)",6,0,"EVE",622,1,"SGW"
"Orford (WHU)",7,0,"ARS",622,1,"SGW"
"Orford (WHU)",8,0,"BRE",622,1,"SGW"
"Orford (WHU)",9,0,"LEE",622,1,"SGW"
"Orford (WHU)",10,0,"NEW",622,1,"SGW"
"Orford (WHU)",11,0,"BUR",622,1,"SGW"
"Orford (WHU)",12,0,"BOU",622,1,"SGW"
"Orford (WHU)",13,0,"LIV",622,1,"SGW"
"Orford (WHU)",14,0,"MUN",622,1,"SGW"
"Orford (WHU)",15,0,"BHA",622,1,"SGW"
"Orford (WHU)",16,0,"AVL",622,1,"SGW"
"Orford (WHU)",17,0,"MCI",622,1,"SGW"
"Orford (WHU)",18,0,"FUL",622,1,"SGW"
"Orford (WHU)",19,0,"BHA",622,1,"SGW"
"Orford (WHU)",20,0,"WOL",622,1,"SGW"
"Orford (WHU)",21,0,"NFO",622,1,"SGW"
"Orford (WHU)",22,0,"TOT",622,1,"SGW"
"Orford (WHU)",23,0,"SUN",622,1,"SGW"
"Oriola (BHA)",1,NA,NA,744,NA,"BGW"
"Oriola (BHA)",2,NA,NA,744,NA,"BGW"
"Oriola (BHA)",3,NA,NA,744,NA,"BGW"
"Oriola (BHA)",4,NA,NA,744,NA,"BGW"
"Oriola (BHA)",5,NA,NA,744,NA,"BGW"
"Oriola (BHA)",6,NA,NA,744,NA,"BGW"
"Oriola (BHA)",7,NA,NA,744,NA,"BGW"
"Oriola (BHA)",8,0,"NEW",744,1,"SGW"
"Oriola (BHA)",9,0,"MUN",744,1,"SGW"
"Oriola (BHA)",10,1,"LEE",744,1,"SGW"
"Oriola (BHA)",11,0,"CRY",744,1,"SGW"
"Oriola (BHA)",12,0,"BRE",744,1,"SGW"
"Oriola (BHA)",13,0,"NFO",744,1,"SGW"
"Oriola (BHA)",14,0,"AVL",744,1,"SGW"
"Oriola (BHA)",15,0,"WHU",744,1,"SGW"
"Oriola (BHA)",16,0,"LIV",744,1,"SGW"
"Oriola (BHA)",17,0,"SUN",744,1,"SGW"
"Oriola (BHA)",18,0,"ARS",744,1,"SGW"
"Oriola (BHA)",19,0,"WHU",744,1,"SGW"
"Oriola (BHA)",20,0,"BUR",744,1,"SGW"
"Oriola (BHA)",21,0,"MCI",744,1,"SGW"
"Oriola (BHA)",22,0,"BOU",744,1,"SGW"
"Oriola (BHA)",23,0,"FUL",744,1,"SGW"
"Ortega Moreno (MCI)",1,0,"WOL",400,1,"SGW"
"Ortega Moreno (MCI)",2,0,"TOT",400,1,"SGW"
"Ortega Moreno (MCI)",3,0,"BHA",400,1,"SGW"
"Ortega Moreno (MCI)",4,0,"MUN",400,1,"SGW"
"Ortega Moreno (MCI)",5,0,"ARS",400,1,"SGW"
"Ortega Moreno (MCI)",6,0,"BUR",400,1,"SGW"
"Ortega Moreno (MCI)",7,0,"BRE",400,1,"SGW"
"Ortega Moreno (MCI)",8,0,"EVE",400,1,"SGW"
"Ortega Moreno (MCI)",9,0,"AVL",400,1,"SGW"
"Ortega Moreno (MCI)",10,0,"BOU",400,1,"SGW"
"Ortega Moreno (MCI)",11,0,"LIV",400,1,"SGW"
"Ortega Moreno (MCI)",12,0,"NEW",400,1,"SGW"
"Ortega Moreno (MCI)",13,0,"LEE",400,1,"SGW"
"Ortega Moreno (MCI)",14,0,"FUL",400,1,"SGW"
"Ortega Moreno (MCI)",15,0,"SUN",400,1,"SGW"
"Ortega Moreno (MCI)",16,0,"CRY",400,1,"SGW"
"Ortega Moreno (MCI)",17,0,"WHU",400,1,"SGW"
"Ortega Moreno (MCI)",18,0,"NFO",400,1,"SGW"
"Ortega Moreno (MCI)",19,0,"SUN",400,1,"SGW"
"Ortega Moreno (MCI)",20,0,"CHE",400,1,"SGW"
"Ortega Moreno (MCI)",21,0,"BHA",400,1,"SGW"
"Ortega Moreno (MCI)",22,0,"MUN",400,1,"SGW"
"Ortega Moreno (MCI)",23,0,"WOL",400,1,"SGW"
"Osula (NEW)",1,1,"AVL",500,1,"SGW"
"Osula (NEW)",2,5,"LIV",500,1,"SGW"
"Osula (NEW)",3,2,"LEE",500,1,"SGW"
"Osula (NEW)",4,1,"WOL",500,1,"SGW"
"Osula (NEW)",5,1,"BOU",500,1,"SGW"
"Osula (NEW)",6,1,"ARS",500,1,"SGW"
"Osula (NEW)",7,1,"NFO",500,1,"SGW"
"Osula (NEW)",8,1,"BHA",500,1,"SGW"
"Osula (NEW)",9,4,"FUL",500,1,"SGW"
"Osula (NEW)",10,1,"WHU",500,1,"SGW"
"Osula (NEW)",11,0,"BRE",500,1,"SGW"
"Osula (NEW)",12,0,"MCI",500,1,"SGW"
"Osula (NEW)",13,0,"EVE",500,1,"SGW"
"Osula (NEW)",14,0,"TOT",500,1,"SGW"
"Osula (NEW)",15,0,"BUR",500,1,"SGW"
"Osula (NEW)",16,0,"SUN",500,1,"SGW"
"Osula (NEW)",17,0,"CHE",500,1,"SGW"
"Osula (NEW)",18,0,"MUN",500,1,"SGW"
"Osula (NEW)",19,0,"BUR",500,1,"SGW"
"Osula (NEW)",20,0,"CRY",500,1,"SGW"
"Osula (NEW)",21,0,"LEE",500,1,"SGW"
"Osula (NEW)",22,0,"WOL",500,1,"SGW"
"Osula (NEW)",23,0,"AVL",500,1,"SGW"
"Ozoh (CRY)",1,0,"CHE",280,1,"SGW"
"Ozoh (CRY)",2,0,"NFO",280,1,"SGW"
"Ozoh (CRY)",3,0,"AVL",280,1,"SGW"
"Ozoh (CRY)",4,0,"SUN",280,1,"SGW"
"Ozoh (CRY)",5,0,"WHU",280,1,"SGW"
"Ozoh (CRY)",6,0,"LIV",280,1,"SGW"
"Ozoh (CRY)",7,0,"EVE",280,1,"SGW"
"Ozoh (CRY)",8,0,"BOU",280,1,"SGW"
"Ozoh (CRY)",9,0,"ARS",280,1,"SGW"
"Ozoh (CRY)",10,0,"BRE",280,1,"SGW"
"Ozoh (CRY)",11,0,"BHA",280,1,"SGW"
"Ozoh (CRY)",12,0,"WOL",280,1,"SGW"
"Ozoh (CRY)",13,0,"MUN",280,1,"SGW"
"Ozoh (CRY)",14,0,"BUR",280,1,"SGW"
"Ozoh (CRY)",15,0,"FUL",280,1,"SGW"
"Ozoh (CRY)",16,0,"MCI",280,1,"SGW"
"Ozoh (CRY)",17,0,"LEE",280,1,"SGW"
"Ozoh (CRY)",18,0,"TOT",280,1,"SGW"
"Ozoh (CRY)",19,0,"FUL",280,1,"SGW"
"Ozoh (CRY)",20,0,"NEW",280,1,"SGW"
"Ozoh (CRY)",21,0,"AVL",280,1,"SGW"
"Ozoh (CRY)",22,0,"SUN",280,1,"SGW"
"Ozoh (CRY)",23,0,"CHE",280,1,"SGW"
"P.M.Sarr (TOT)",1,6,"BUR",593,1,"SGW"
"P.M.Sarr (TOT)",2,3,"MCI",593,1,"SGW"
"P.M.Sarr (TOT)",3,2,"BOU",593,1,"SGW"
"P.M.Sarr (TOT)",4,8,"WHU",593,1,"SGW"
"P.M.Sarr (TOT)",5,0,"BHA",593,1,"SGW"
"P.M.Sarr (TOT)",6,4,"WOL",593,1,"SGW"
"P.M.Sarr (TOT)",7,1,"LEE",593,1,"SGW"
"P.M.Sarr (TOT)",8,1,"AVL",593,1,"SGW"
"P.M.Sarr (TOT)",9,6,"EVE",593,1,"SGW"
"P.M.Sarr (TOT)",10,4,"CHE",593,1,"SGW"
"P.M.Sarr (TOT)",11,2,"MUN",593,1,"SGW"
"P.M.Sarr (TOT)",12,1,"ARS",593,1,"SGW"
"P.M.Sarr (TOT)",13,1,"FUL",593,1,"SGW"
"P.M.Sarr (TOT)",14,2,"NEW",593,1,"SGW"
"P.M.Sarr (TOT)",15,1,"BRE",593,1,"SGW"
"P.M.Sarr (TOT)",16,0,"NFO",593,1,"SGW"
"P.M.Sarr (TOT)",17,0,"LIV",593,1,"SGW"
"P.M.Sarr (TOT)",18,0,"CRY",593,1,"SGW"
"P.M.Sarr (TOT)",19,0,"BRE",593,1,"SGW"
"P.M.Sarr (TOT)",20,0,"SUN",593,1,"SGW"
"P.M.Sarr (TOT)",21,0,"BOU",593,1,"SGW"
"P.M.Sarr (TOT)",22,0,"WHU",593,1,"SGW"
"P.M.Sarr (TOT)",23,0,"BUR",593,1,"SGW"
"Pablo (WHU)",1,NA,NA,785,NA,"BGW"
"Pablo (WHU)",2,NA,NA,785,NA,"BGW"
"Pablo (WHU)",3,NA,NA,785,NA,"BGW"
"Pablo (WHU)",4,NA,NA,785,NA,"BGW"
"Pablo (WHU)",5,NA,NA,785,NA,"BGW"
"Pablo (WHU)",6,NA,NA,785,NA,"BGW"
"Pablo (WHU)",7,NA,NA,785,NA,"BGW"
"Pablo (WHU)",8,NA,NA,785,NA,"BGW"
"Pablo (WHU)",9,NA,NA,785,NA,"BGW"
"Pablo (WHU)",10,NA,NA,785,NA,"BGW"
"Pablo (WHU)",11,NA,NA,785,NA,"BGW"
"Pablo (WHU)",12,NA,NA,785,NA,"BGW"
"Pablo (WHU)",13,NA,NA,785,NA,"BGW"
"Pablo (WHU)",14,NA,NA,785,NA,"BGW"
"Pablo (WHU)",15,NA,NA,785,NA,"BGW"
"Pablo (WHU)",16,NA,NA,785,NA,"BGW"
"Pablo (WHU)",17,NA,NA,785,NA,"BGW"
"Pablo (WHU)",18,NA,NA,785,NA,"BGW"
"Pablo (WHU)",19,NA,NA,785,NA,"BGW"
"Pablo (WHU)",20,0,"WOL",785,1,"SGW"
"Pablo (WHU)",21,1,"NFO",785,1,"SGW"
"Pablo (WHU)",22,2,"TOT",785,1,"SGW"
"Pablo (WHU)",23,2,"SUN",785,1,"SGW"
"Paez (CHE)",1,0,"CRY",248,1,"SGW"
"Paez (CHE)",2,0,"WHU",248,1,"SGW"
"Paez (CHE)",3,0,"FUL",248,1,"SGW"
"Paez (CHE)",4,0,"BRE",248,1,"SGW"
"Paez (CHE)",5,0,"MUN",248,1,"SGW"
"Paez (CHE)",6,0,"BHA",248,1,"SGW"
"Paez (CHE)",7,0,"LIV",248,1,"SGW"
"Paez (CHE)",8,0,"NFO",248,1,"SGW"
"Paez (CHE)",9,0,"SUN",248,1,"SGW"
"Paez (CHE)",10,0,"TOT",248,1,"SGW"
"Paez (CHE)",11,0,"WOL",248,1,"SGW"
"Paez (CHE)",12,0,"BUR",248,1,"SGW"
"Paez (CHE)",13,0,"ARS",248,1,"SGW"
"Paez (CHE)",14,0,"LEE",248,1,"SGW"
"Paez (CHE)",15,0,"BOU",248,1,"SGW"
"Paez (CHE)",16,0,"EVE",248,1,"SGW"
"Paez (CHE)",17,0,"NEW",248,1,"SGW"
"Paez (CHE)",18,0,"AVL",248,1,"SGW"
"Paez (CHE)",19,0,"BOU",248,1,"SGW"
"Paez (CHE)",20,0,"MCI",248,1,"SGW"
"Paez (CHE)",21,0,"FUL",248,1,"SGW"
"Paez (CHE)",22,0,"BRE",248,1,"SGW"
"Paez (CHE)",23,0,"CRY",248,1,"SGW"
"Palmer (CHE)",1,3,"CRY",235,1,"SGW"
"Palmer (CHE)",2,0,"WHU",235,1,"SGW"
"Palmer (CHE)",3,0,"FUL",235,1,"SGW"
"Palmer (CHE)",4,7,"BRE",235,1,"SGW"
"Palmer (CHE)",5,1,"MUN",235,1,"SGW"
"Palmer (CHE)",6,0,"BHA",235,1,"SGW"
"Palmer (CHE)",7,0,"LIV",235,1,"SGW"
"Palmer (CHE)",8,0,"NFO",235,1,"SGW"
"Palmer (CHE)",9,0,"SUN",235,1,"SGW"
"Palmer (CHE)",10,0,"TOT",235,1,"SGW"
"Palmer (CHE)",11,0,"WOL",235,1,"SGW"
"Palmer (CHE)",12,0,"BUR",235,1,"SGW"
"Palmer (CHE)",13,0,"ARS",235,1,"SGW"
"Palmer (CHE)",14,1,"LEE",235,1,"SGW"
"Palmer (CHE)",15,1,"BOU",235,1,"SGW"
"Palmer (CHE)",16,6,"EVE",235,1,"SGW"
"Palmer (CHE)",17,5,"NEW",235,1,"SGW"
"Palmer (CHE)",18,2,"AVL",235,1,"SGW"
"Palmer (CHE)",19,7,"BOU",235,1,"SGW"
"Palmer (CHE)",20,2,"MCI",235,1,"SGW"
"Palmer (CHE)",21,1,"FUL",235,1,"SGW"
"Palmer (CHE)",22,9,"BRE",235,1,"SGW"
"Palmer (CHE)",23,0,"CRY",235,1,"SGW"
"Patterson (AVL)",1,NA,NA,710,NA,"BGW"
"Patterson (AVL)",2,NA,NA,710,NA,"BGW"
"Patterson (AVL)",3,0,"CRY",710,1,"SGW"
"Patterson (AVL)",4,0,"EVE",710,1,"SGW"
"Patterson (AVL)",5,0,"SUN",710,1,"SGW"
"Patterson (AVL)",6,0,"FUL",710,1,"SGW"
"Patterson (AVL)",7,0,"BUR",710,1,"SGW"
"Patterson (AVL)",8,0,"TOT",710,1,"SGW"
"Patterson (AVL)",9,0,"MCI",710,1,"SGW"
"Patterson (AVL)",10,0,"LIV",710,1,"SGW"
"Patterson (AVL)",11,0,"BOU",710,1,"SGW"
"Patterson (AVL)",12,0,"LEE",710,1,"SGW"
"Patterson (AVL)",13,0,"WOL",710,1,"SGW"
"Patterson (AVL)",14,0,"BHA",710,1,"SGW"
"Patterson (AVL)",15,0,"ARS",710,1,"SGW"
"Patterson (AVL)",16,0,"WHU",710,1,"SGW"
"Patterson (AVL)",17,0,"MUN",710,1,"SGW"
"Patterson (AVL)",18,0,"CHE",710,1,"SGW"
"Patterson (AVL)",19,0,"ARS",710,1,"SGW"
"Patterson (AVL)",20,0,"NFO",710,1,"SGW"
"Patterson (AVL)",21,0,"CRY",710,1,"SGW"
"Patterson (AVL)",22,0,"EVE",710,1,"SGW"
"Patterson (AVL)",23,0,"NEW",710,1,"SGW"
"Patterson (EVE)",1,0,"LEE",296,1,"SGW"
"Patterson (EVE)",2,0,"BHA",296,1,"SGW"
"Patterson (EVE)",3,0,"WOL",296,1,"SGW"
"Patterson (EVE)",4,0,"AVL",296,1,"SGW"
"Patterson (EVE)",5,0,"LIV",296,1,"SGW"
"Patterson (EVE)",6,0,"WHU",296,1,"SGW"
"Patterson (EVE)",7,0,"CRY",296,1,"SGW"
"Patterson (EVE)",8,0,"MCI",296,1,"SGW"
"Patterson (EVE)",9,0,"TOT",296,1,"SGW"
"Patterson (EVE)",10,0,"SUN",296,1,"SGW"
"Patterson (EVE)",11,0,"FUL",296,1,"SGW"
"Patterson (EVE)",12,0,"MUN",296,1,"SGW"
"Patterson (EVE)",13,0,"NEW",296,1,"SGW"
"Patterson (EVE)",14,0,"BOU",296,1,"SGW"
"Patterson (EVE)",15,0,"NFO",296,1,"SGW"
"Patterson (EVE)",16,0,"CHE",296,1,"SGW"
"Patterson (EVE)",17,0,"ARS",296,1,"SGW"
"Patterson (EVE)",18,1,"BUR",296,1,"SGW"
"Patterson (EVE)",19,8,"NFO",296,1,"SGW"
"Patterson (EVE)",20,0,"BRE",296,1,"SGW"
"Patterson (EVE)",21,1,"WOL",296,1,"SGW"
"Patterson (EVE)",22,8,"AVL",296,1,"SGW"
"Patterson (EVE)",23,2,"LEE",296,1,"SGW"
"Patterson (SUN)",1,0,"WHU",528,1,"SGW"
"Patterson (SUN)",2,0,"BUR",528,1,"SGW"
"Patterson (SUN)",3,0,"BRE",528,1,"SGW"
"Patterson (SUN)",4,0,"CRY",528,1,"SGW"
"Patterson (SUN)",5,0,"AVL",528,1,"SGW"
"Patterson (SUN)",6,0,"NFO",528,1,"SGW"
"Patterson (SUN)",7,0,"MUN",528,1,"SGW"
"Patterson (SUN)",8,0,"WOL",528,1,"SGW"
"Patterson (SUN)",9,0,"CHE",528,1,"SGW"
"Patterson (SUN)",10,0,"EVE",528,1,"SGW"
"Patterson (SUN)",11,0,"ARS",528,1,"SGW"
"Patterson (SUN)",12,0,"FUL",528,1,"SGW"
"Patterson (SUN)",13,0,"BOU",528,1,"SGW"
"Patterson (SUN)",14,0,"LIV",528,1,"SGW"
"Patterson (SUN)",15,0,"MCI",528,1,"SGW"
"Patterson (SUN)",16,0,"NEW",528,1,"SGW"
"Patterson (SUN)",17,0,"BHA",528,1,"SGW"
"Patterson (SUN)",18,0,"LEE",528,1,"SGW"
"Patterson (SUN)",19,0,"MCI",528,1,"SGW"
"Patterson (SUN)",20,0,"TOT",528,1,"SGW"
"Patterson (SUN)",21,0,"BRE",528,1,"SGW"
"Patterson (SUN)",22,0,"CRY",528,1,"SGW"
"Patterson (SUN)",23,0,"WHU",528,1,"SGW"
"Pau (AVL)",1,0,"NEW",41,1,"SGW"
"Pau (AVL)",2,2,"BRE",41,1,"SGW"
"Pau (AVL)",3,1,"CRY",41,1,"SGW"
"Pau (AVL)",4,0,"EVE",41,1,"SGW"
"Pau (AVL)",5,0,"SUN",41,1,"SGW"
"Pau (AVL)",6,1,"FUL",41,1,"SGW"
"Pau (AVL)",7,4,"BUR",41,1,"SGW"
"Pau (AVL)",8,2,"TOT",41,1,"SGW"
"Pau (AVL)",9,8,"MCI",41,1,"SGW"
"Pau (AVL)",10,1,"LIV",41,1,"SGW"
"Pau (AVL)",11,6,"BOU",41,1,"SGW"
"Pau (AVL)",12,4,"LEE",41,1,"SGW"
"Pau (AVL)",13,6,"WOL",41,1,"SGW"
"Pau (AVL)",14,-1,"BHA",41,1,"SGW"
"Pau (AVL)",15,5,"ARS",41,1,"SGW"
"Pau (AVL)",16,0,"WHU",41,1,"SGW"
"Pau (AVL)",17,0,"MUN",41,1,"SGW"
"Pau (AVL)",18,0,"CHE",41,1,"SGW"
"Pau (AVL)",19,0,"ARS",41,1,"SGW"
"Pau (AVL)",20,0,"NFO",41,1,"SGW"
"Pau (AVL)",21,0,"CRY",41,1,"SGW"
"Pau (AVL)",22,2,"EVE",41,1,"SGW"
"Pau (AVL)",23,6,"NEW",41,1,"SGW"
"Paulsen (BOU)",1,0,"LIV",70,1,"SGW"
"Paulsen (BOU)",2,0,"WOL",70,1,"SGW"
"Paulsen (BOU)",3,0,"TOT",70,1,"SGW"
"Paulsen (BOU)",4,0,"BHA",70,1,"SGW"
"Paulsen (BOU)",5,0,"NEW",70,1,"SGW"
"Paulsen (BOU)",6,0,"LEE",70,1,"SGW"
"Paulsen (BOU)",7,0,"FUL",70,1,"SGW"
"Paulsen (BOU)",8,0,"CRY",70,1,"SGW"
"Paulsen (BOU)",9,0,"NFO",70,1,"SGW"
"Paulsen (BOU)",10,0,"MCI",70,1,"SGW"
"Paulsen (BOU)",11,0,"AVL",70,1,"SGW"
"Paulsen (BOU)",12,0,"WHU",70,1,"SGW"
"Paulsen (BOU)",13,0,"SUN",70,1,"SGW"
"Paulsen (BOU)",14,0,"EVE",70,1,"SGW"
"Paulsen (BOU)",15,0,"CHE",70,1,"SGW"
"Paulsen (BOU)",16,0,"MUN",70,1,"SGW"
"Paulsen (BOU)",17,0,"BUR",70,1,"SGW"
"Paulsen (BOU)",18,0,"BRE",70,1,"SGW"
"Paulsen (BOU)",19,0,"CHE",70,1,"SGW"
"Paulsen (BOU)",20,0,"ARS",70,1,"SGW"
"Paulsen (BOU)",21,0,"TOT",70,1,"SGW"
"Paulsen (BOU)",22,0,"BHA",70,1,"SGW"
"Paulsen (BOU)",23,0,"LIV",70,1,"SGW"
"Peart-Harris (BRE)",1,0,"NFO",133,1,"SGW"
"Peart-Harris (BRE)",2,0,"AVL",133,1,"SGW"
"Peart-Harris (BRE)",3,0,"SUN",133,1,"SGW"
"Peart-Harris (BRE)",4,0,"CHE",133,1,"SGW"
"Peart-Harris (BRE)",5,0,"FUL",133,1,"SGW"
"Peart-Harris (BRE)",6,0,"MUN",133,1,"SGW"
"Peart-Harris (BRE)",7,0,"MCI",133,1,"SGW"
"Peart-Harris (BRE)",8,0,"WHU",133,1,"SGW"
"Peart-Harris (BRE)",9,0,"LIV",133,1,"SGW"
"Peart-Harris (BRE)",10,0,"CRY",133,1,"SGW"
"Peart-Harris (BRE)",11,0,"NEW",133,1,"SGW"
"Peart-Harris (BRE)",12,0,"BHA",133,1,"SGW"
"Peart-Harris (BRE)",13,0,"BUR",133,1,"SGW"
"Peart-Harris (BRE)",14,0,"ARS",133,1,"SGW"
"Peart-Harris (BRE)",15,0,"TOT",133,1,"SGW"
"Peart-Harris (BRE)",16,0,"LEE",133,1,"SGW"
"Peart-Harris (BRE)",17,0,"WOL",133,1,"SGW"
"Peart-Harris (BRE)",18,0,"BOU",133,1,"SGW"
"Peart-Harris (BRE)",19,0,"TOT",133,1,"SGW"
"Peart-Harris (BRE)",20,1,"EVE",133,1,"SGW"
"Peart-Harris (BRE)",21,0,"SUN",133,1,"SGW"
"Peart-Harris (BRE)",22,0,"CHE",133,1,"SGW"
"Peart-Harris (BRE)",23,0,"NFO",133,1,"SGW"
"Pécsi (LIV)",1,0,"BOU",368,1,"SGW"
"Pécsi (LIV)",2,0,"NEW",368,1,"SGW"
"Pécsi (LIV)",3,0,"ARS",368,1,"SGW"
"Pécsi (LIV)",4,0,"BUR",368,1,"SGW"
"Pécsi (LIV)",5,0,"EVE",368,1,"SGW"
"Pécsi (LIV)",6,0,"CRY",368,1,"SGW"
"Pécsi (LIV)",7,0,"CHE",368,1,"SGW"
"Pécsi (LIV)",8,0,"MUN",368,1,"SGW"
"Pécsi (LIV)",9,0,"BRE",368,1,"SGW"
"Pécsi (LIV)",10,0,"AVL",368,1,"SGW"
"Pécsi (LIV)",11,0,"MCI",368,1,"SGW"
"Pécsi (LIV)",12,0,"NFO",368,1,"SGW"
"Pécsi (LIV)",13,0,"WHU",368,1,"SGW"
"Pécsi (LIV)",14,0,"SUN",368,1,"SGW"
"Pécsi (LIV)",15,0,"LEE",368,1,"SGW"
"Pécsi (LIV)",16,0,"BHA",368,1,"SGW"
"Pécsi (LIV)",17,0,"TOT",368,1,"SGW"
"Pécsi (LIV)",18,0,"WOL",368,1,"SGW"
"Pécsi (LIV)",19,0,"LEE",368,1,"SGW"
"Pécsi (LIV)",20,0,"FUL",368,1,"SGW"
"Pécsi (LIV)",21,0,"ARS",368,1,"SGW"
"Pécsi (LIV)",22,0,"BUR",368,1,"SGW"
"Pécsi (LIV)",23,0,"BOU",368,1,"SGW"
"Pedro Lima (WOL)",1,0,"MCI",640,1,"SGW"
"Pedro Lima (WOL)",2,0,"BOU",640,1,"SGW"
"Pedro Lima (WOL)",3,0,"EVE",640,1,"SGW"
"Pedro Lima (WOL)",4,0,"NEW",640,1,"SGW"
"Pedro Lima (WOL)",5,0,"LEE",640,1,"SGW"
"Pedro Lima (WOL)",6,0,"TOT",640,1,"SGW"
"Pedro Lima (WOL)",7,0,"BHA",640,1,"SGW"
"Pedro Lima (WOL)",8,0,"SUN",640,1,"SGW"
"Pedro Lima (WOL)",9,0,"BUR",640,1,"SGW"
"Pedro Lima (WOL)",10,0,"FUL",640,1,"SGW"
"Pedro Lima (WOL)",11,0,"CHE",640,1,"SGW"
"Pedro Lima (WOL)",12,0,"CRY",640,1,"SGW"
"Pedro Lima (WOL)",13,0,"AVL",640,1,"SGW"
"Pedro Lima (WOL)",14,0,"NFO",640,1,"SGW"
"Pedro Lima (WOL)",15,0,"MUN",640,1,"SGW"
"Pedro Lima (WOL)",16,0,"ARS",640,1,"SGW"
"Pedro Lima (WOL)",17,0,"BRE",640,1,"SGW"
"Pedro Lima (WOL)",18,0,"LIV",640,1,"SGW"
"Pedro Lima (WOL)",19,0,"MUN",640,1,"SGW"
"Pedro Lima (WOL)",20,0,"WHU",640,1,"SGW"
"Pedro Lima (WOL)",21,1,"EVE",640,1,"SGW"
"Pedro Lima (WOL)",22,0,"NEW",640,1,"SGW"
"Pedro Lima (WOL)",23,0,"MCI",640,1,"SGW"
"Pedro Porro (TOT)",1,6,"BUR",568,1,"SGW"
"Pedro Porro (TOT)",2,5,"MCI",568,1,"SGW"
"Pedro Porro (TOT)",3,4,"BOU",568,1,"SGW"
"Pedro Porro (TOT)",4,6,"WHU",568,1,"SGW"
"Pedro Porro (TOT)",5,1,"BHA",568,1,"SGW"
"Pedro Porro (TOT)",6,1,"WOL",568,1,"SGW"
"Pedro Porro (TOT)",7,7,"LEE",568,1,"SGW"
"Pedro Porro (TOT)",8,1,"AVL",568,1,"SGW"
"Pedro Porro (TOT)",9,11,"EVE",568,1,"SGW"
"Pedro Porro (TOT)",10,2,"CHE",568,1,"SGW"
"Pedro Porro (TOT)",11,2,"MUN",568,1,"SGW"
"Pedro Porro (TOT)",12,0,"ARS",568,1,"SGW"
"Pedro Porro (TOT)",13,1,"FUL",568,1,"SGW"
"Pedro Porro (TOT)",14,1,"NEW",568,1,"SGW"
"Pedro Porro (TOT)",15,5,"BRE",568,1,"SGW"
"Pedro Porro (TOT)",16,0,"NFO",568,1,"SGW"
"Pedro Porro (TOT)",17,1,"LIV",568,1,"SGW"
"Pedro Porro (TOT)",18,6,"CRY",568,1,"SGW"
"Pedro Porro (TOT)",19,10,"BRE",568,1,"SGW"
"Pedro Porro (TOT)",20,4,"SUN",568,1,"SGW"
"Pedro Porro (TOT)",21,0,"BOU",568,1,"SGW"
"Pedro Porro (TOT)",22,4,"WHU",568,1,"SGW"
"Pedro Porro (TOT)",23,1,"BUR",568,1,"SGW"
"Pembele (SUN)",1,0,"WHU",540,1,"SGW"
"Pembele (SUN)",2,0,"BUR",540,1,"SGW"
"Pembele (SUN)",3,0,"BRE",540,1,"SGW"
"Pembele (SUN)",4,0,"CRY",540,1,"SGW"
"Pembele (SUN)",5,0,"AVL",540,1,"SGW"
"Pembele (SUN)",6,0,"NFO",540,1,"SGW"
"Pembele (SUN)",7,0,"MUN",540,1,"SGW"
"Pembele (SUN)",8,0,"WOL",540,1,"SGW"
"Pembele (SUN)",9,0,"CHE",540,1,"SGW"
"Pembele (SUN)",10,0,"EVE",540,1,"SGW"
"Pembele (SUN)",11,0,"ARS",540,1,"SGW"
"Pembele (SUN)",12,0,"FUL",540,1,"SGW"
"Pembele (SUN)",13,0,"BOU",540,1,"SGW"
"Pembele (SUN)",14,0,"LIV",540,1,"SGW"
"Pembele (SUN)",15,0,"MCI",540,1,"SGW"
"Pembele (SUN)",16,0,"NEW",540,1,"SGW"
"Pembele (SUN)",17,0,"BHA",540,1,"SGW"
"Pembele (SUN)",18,0,"LEE",540,1,"SGW"
"Pembele (SUN)",19,0,"MCI",540,1,"SGW"
"Pembele (SUN)",20,0,"TOT",540,1,"SGW"
"Pembele (SUN)",21,0,"BRE",540,1,"SGW"
"Pembele (SUN)",22,0,"CRY",540,1,"SGW"
"Pembele (SUN)",23,0,"WHU",540,1,"SGW"
"Penders (CHE)",1,0,"CRY",222,1,"SGW"
"Penders (CHE)",2,0,"WHU",222,1,"SGW"
"Penders (CHE)",3,0,"FUL",222,1,"SGW"
"Penders (CHE)",4,0,"BRE",222,1,"SGW"
"Penders (CHE)",5,0,"MUN",222,1,"SGW"
"Penders (CHE)",6,0,"BHA",222,1,"SGW"
"Penders (CHE)",7,0,"LIV",222,1,"SGW"
"Penders (CHE)",8,0,"NFO",222,1,"SGW"
"Penders (CHE)",9,0,"SUN",222,1,"SGW"
"Penders (CHE)",10,0,"TOT",222,1,"SGW"
"Penders (CHE)",11,0,"WOL",222,1,"SGW"
"Penders (CHE)",12,0,"BUR",222,1,"SGW"
"Penders (CHE)",13,0,"ARS",222,1,"SGW"
"Penders (CHE)",14,0,"LEE",222,1,"SGW"
"Penders (CHE)",15,0,"BOU",222,1,"SGW"
"Penders (CHE)",16,0,"EVE",222,1,"SGW"
"Penders (CHE)",17,0,"NEW",222,1,"SGW"
"Penders (CHE)",18,0,"AVL",222,1,"SGW"
"Penders (CHE)",19,0,"BOU",222,1,"SGW"
"Penders (CHE)",20,0,"MCI",222,1,"SGW"
"Penders (CHE)",21,0,"FUL",222,1,"SGW"
"Penders (CHE)",22,0,"BRE",222,1,"SGW"
"Penders (CHE)",23,0,"CRY",222,1,"SGW"
"Perri (LEE)",1,6,"EVE",665,1,"SGW"
"Perri (LEE)",2,0,"ARS",665,1,"SGW"
"Perri (LEE)",3,6,"NEW",665,1,"SGW"
"Perri (LEE)",4,0,"FUL",665,1,"SGW"
"Perri (LEE)",5,0,"WOL",665,1,"SGW"
"Perri (LEE)",6,0,"BOU",665,1,"SGW"
"Perri (LEE)",7,0,"TOT",665,1,"SGW"
"Perri (LEE)",8,0,"BUR",665,1,"SGW"
"Perri (LEE)",9,1,"WHU",665,1,"SGW"
"Perri (LEE)",10,2,"BHA",665,1,"SGW"
"Perri (LEE)",11,2,"NFO",665,1,"SGW"
"Perri (LEE)",12,1,"AVL",665,1,"SGW"
"Perri (LEE)",13,3,"MCI",665,1,"SGW"
"Perri (LEE)",14,2,"CHE",665,1,"SGW"
"Perri (LEE)",15,2,"LIV",665,1,"SGW"
"Perri (LEE)",16,2,"BRE",665,1,"SGW"
"Perri (LEE)",17,1,"CRY",665,1,"SGW"
"Perri (LEE)",18,2,"SUN",665,1,"SGW"
"Perri (LEE)",19,10,"LIV",665,1,"SGW"
"Perri (LEE)",20,2,"MUN",665,1,"SGW"
"Perri (LEE)",21,1,"NEW",665,1,"SGW"
"Perri (LEE)",22,0,"FUL",665,1,"SGW"
"Perri (LEE)",23,0,"EVE",665,1,"SGW"
"Petrović (BOU)",1,2,"LIV",67,1,"SGW"
"Petrović (BOU)",2,6,"WOL",67,1,"SGW"
"Petrović (BOU)",3,5,"TOT",67,1,"SGW"
"Petrović (BOU)",4,2,"BHA",67,1,"SGW"
"Petrović (BOU)",5,6,"NEW",67,1,"SGW"
"Petrović (BOU)",6,3,"LEE",67,1,"SGW"
"Petrović (BOU)",7,3,"FUL",67,1,"SGW"
"Petrović (BOU)",8,2,"CRY",67,1,"SGW"
"Petrović (BOU)",9,8,"NFO",67,1,"SGW"
"Petrović (BOU)",10,2,"MCI",67,1,"SGW"
"Petrović (BOU)",11,1,"AVL",67,1,"SGW"
"Petrović (BOU)",12,1,"WHU",67,1,"SGW"
"Petrović (BOU)",13,2,"SUN",67,1,"SGW"
"Petrović (BOU)",14,2,"EVE",67,1,"SGW"
"Petrović (BOU)",15,7,"CHE",67,1,"SGW"
"Petrović (BOU)",16,1,"MUN",67,1,"SGW"
"Petrović (BOU)",17,2,"BUR",67,1,"SGW"
"Petrović (BOU)",18,-1,"BRE",67,1,"SGW"
"Petrović (BOU)",19,1,"CHE",67,1,"SGW"
"Petrović (BOU)",20,1,"ARS",67,1,"SGW"
"Petrović (BOU)",21,1,"TOT",67,1,"SGW"
"Petrović (BOU)",22,2,"BHA",67,1,"SGW"
"Petrović (BOU)",23,1,"LIV",67,1,"SGW"
"Philip (BOU)",1,0,"LIV",89,1,"SGW"
"Philip (BOU)",2,0,"WOL",89,1,"SGW"
"Philip (BOU)",3,0,"TOT",89,1,"SGW"
"Philip (BOU)",4,0,"BHA",89,1,"SGW"
"Philip (BOU)",5,0,"NEW",89,1,"SGW"
"Philip (BOU)",6,0,"LEE",89,1,"SGW"
"Philip (BOU)",7,0,"FUL",89,1,"SGW"
"Philip (BOU)",8,0,"CRY",89,1,"SGW"
"Philip (BOU)",9,0,"NFO",89,1,"SGW"
"Philip (BOU)",10,0,"MCI",89,1,"SGW"
"Philip (BOU)",11,0,"AVL",89,1,"SGW"
"Philip (BOU)",12,0,"WHU",89,1,"SGW"
"Philip (BOU)",13,0,"SUN",89,1,"SGW"
"Philip (BOU)",14,0,"EVE",89,1,"SGW"
"Philip (BOU)",15,0,"CHE",89,1,"SGW"
"Philip (BOU)",16,0,"MUN",89,1,"SGW"
"Philip (BOU)",17,0,"BUR",89,1,"SGW"
"Philip (BOU)",18,0,"BRE",89,1,"SGW"
"Philip (BOU)",19,0,"CHE",89,1,"SGW"
"Philip (BOU)",20,0,"ARS",89,1,"SGW"
"Philip (BOU)",21,0,"TOT",89,1,"SGW"
"Philip (BOU)",22,0,"BHA",89,1,"SGW"
"Philip (BOU)",23,0,"LIV",89,1,"SGW"
"Phillips (MCI)",1,0,"WOL",429,1,"SGW"
"Phillips (MCI)",2,0,"TOT",429,1,"SGW"
"Phillips (MCI)",3,0,"BHA",429,1,"SGW"
"Phillips (MCI)",4,0,"MUN",429,1,"SGW"
"Phillips (MCI)",5,0,"ARS",429,1,"SGW"
"Phillips (MCI)",6,0,"BUR",429,1,"SGW"
"Phillips (MCI)",7,0,"BRE",429,1,"SGW"
"Phillips (MCI)",8,0,"EVE",429,1,"SGW"
"Phillips (MCI)",9,0,"AVL",429,1,"SGW"
"Phillips (MCI)",10,0,"BOU",429,1,"SGW"
"Phillips (MCI)",11,0,"LIV",429,1,"SGW"
"Phillips (MCI)",12,0,"NEW",429,1,"SGW"
"Phillips (MCI)",13,0,"LEE",429,1,"SGW"
"Phillips (MCI)",14,0,"FUL",429,1,"SGW"
"Phillips (MCI)",15,0,"SUN",429,1,"SGW"
"Phillips (MCI)",16,0,"CRY",429,1,"SGW"
"Phillips (MCI)",17,0,"WHU",429,1,"SGW"
"Phillips (MCI)",18,0,"NFO",429,1,"SGW"
"Phillips (MCI)",19,0,"SUN",429,1,"SGW"
"Phillips (MCI)",20,0,"CHE",429,1,"SGW"
"Phillips (MCI)",21,0,"BHA",429,1,"SGW"
"Phillips (MCI)",22,0,"MUN",429,1,"SGW"
"Phillips (MCI)",23,0,"WOL",429,1,"SGW"
"Phillips (TOT)",1,0,"BUR",576,1,"SGW"
"Phillips (TOT)",2,0,"MCI",576,1,"SGW"
"Phillips (TOT)",3,0,"BOU",576,1,"SGW"
"Phillips (TOT)",4,0,"WHU",576,1,"SGW"
"Phillips (TOT)",5,0,"BHA",576,1,"SGW"
"Phillips (TOT)",6,0,"WOL",576,1,"SGW"
"Phillips (TOT)",7,0,"LEE",576,1,"SGW"
"Phillips (TOT)",8,0,"AVL",576,1,"SGW"
"Phillips (TOT)",9,0,"EVE",576,1,"SGW"
"Phillips (TOT)",10,0,"CHE",576,1,"SGW"
"Phillips (TOT)",11,0,"MUN",576,1,"SGW"
"Phillips (TOT)",12,0,"ARS",576,1,"SGW"
"Phillips (TOT)",13,0,"FUL",576,1,"SGW"
"Phillips (TOT)",14,0,"NEW",576,1,"SGW"
"Phillips (TOT)",15,0,"BRE",576,1,"SGW"
"Phillips (TOT)",16,0,"NFO",576,1,"SGW"
"Phillips (TOT)",17,0,"LIV",576,1,"SGW"
"Phillips (TOT)",18,0,"CRY",576,1,"SGW"
"Phillips (TOT)",19,0,"BRE",576,1,"SGW"
"Phillips (TOT)",20,0,"SUN",576,1,"SGW"
"Phillips (TOT)",21,0,"BOU",576,1,"SGW"
"Phillips (TOT)",22,0,"WHU",576,1,"SGW"
"Phillips (TOT)",23,0,"BUR",576,1,"SGW"
"Pickford (EVE)",1,2,"LEE",287,1,"SGW"
"Pickford (EVE)",2,15,"BHA",287,1,"SGW"
"Pickford (EVE)",3,1,"WOL",287,1,"SGW"
"Pickford (EVE)",4,6,"AVL",287,1,"SGW"
"Pickford (EVE)",5,1,"LIV",287,1,"SGW"
"Pickford (EVE)",6,2,"WHU",287,1,"SGW"
"Pickford (EVE)",7,3,"CRY",287,1,"SGW"
"Pickford (EVE)",8,2,"MCI",287,1,"SGW"
"Pickford (EVE)",9,1,"TOT",287,1,"SGW"
"Pickford (EVE)",10,2,"SUN",287,1,"SGW"
"Pickford (EVE)",11,7,"FUL",287,1,"SGW"
"Pickford (EVE)",12,10,"MUN",287,1,"SGW"
"Pickford (EVE)",13,1,"NEW",287,1,"SGW"
"Pickford (EVE)",14,7,"BOU",287,1,"SGW"
"Pickford (EVE)",15,6,"NFO",287,1,"SGW"
"Pickford (EVE)",16,2,"CHE",287,1,"SGW"
"Pickford (EVE)",17,2,"ARS",287,1,"SGW"
"Pickford (EVE)",18,6,"BUR",287,1,"SGW"
"Pickford (EVE)",19,10,"NFO",287,1,"SGW"
"Pickford (EVE)",20,1,"BRE",287,1,"SGW"
"Pickford (EVE)",21,3,"WOL",287,1,"SGW"
"Pickford (EVE)",22,10,"AVL",287,1,"SGW"
"Pickford (EVE)",23,3,"LEE",287,1,"SGW"
"Pimlott (BUR)",1,NA,NA,776,NA,"BGW"
"Pimlott (BUR)",2,NA,NA,776,NA,"BGW"
"Pimlott (BUR)",3,NA,NA,776,NA,"BGW"
"Pimlott (BUR)",4,NA,NA,776,NA,"BGW"
"Pimlott (BUR)",5,NA,NA,776,NA,"BGW"
"Pimlott (BUR)",6,NA,NA,776,NA,"BGW"
"Pimlott (BUR)",7,NA,NA,776,NA,"BGW"
"Pimlott (BUR)",8,NA,NA,776,NA,"BGW"
"Pimlott (BUR)",9,NA,NA,776,NA,"BGW"
"Pimlott (BUR)",10,NA,NA,776,NA,"BGW"
"Pimlott (BUR)",11,NA,NA,776,NA,"BGW"
"Pimlott (BUR)",12,NA,NA,776,NA,"BGW"
"Pimlott (BUR)",13,NA,NA,776,NA,"BGW"
"Pimlott (BUR)",14,NA,NA,776,NA,"BGW"
"Pimlott (BUR)",15,NA,NA,776,NA,"BGW"
"Pimlott (BUR)",16,NA,NA,776,NA,"BGW"
"Pimlott (BUR)",17,NA,NA,776,NA,"BGW"
"Pimlott (BUR)",18,NA,NA,776,NA,"BGW"
"Pimlott (BUR)",19,0,"NEW",776,1,"SGW"
"Pimlott (BUR)",20,0,"BHA",776,1,"SGW"
"Pimlott (BUR)",21,0,"MUN",776,1,"SGW"
"Pimlott (BUR)",22,0,"LIV",776,1,"SGW"
"Pimlott (BUR)",23,0,"TOT",776,1,"SGW"
"Pinnock (BRE)",1,0,"NFO",111,1,"SGW"
"Pinnock (BRE)",2,0,"AVL",111,1,"SGW"
"Pinnock (BRE)",3,0,"SUN",111,1,"SGW"
"Pinnock (BRE)",4,1,"CHE",111,1,"SGW"
"Pinnock (BRE)",5,-1,"FUL",111,1,"SGW"
"Pinnock (BRE)",6,0,"MUN",111,1,"SGW"
"Pinnock (BRE)",7,0,"MCI",111,1,"SGW"
"Pinnock (BRE)",8,0,"WHU",111,1,"SGW"
"Pinnock (BRE)",9,0,"LIV",111,1,"SGW"
"Pinnock (BRE)",10,0,"CRY",111,1,"SGW"
"Pinnock (BRE)",11,0,"NEW",111,1,"SGW"
"Pinnock (BRE)",12,0,"BHA",111,1,"SGW"
"Pinnock (BRE)",13,0,"BUR",111,1,"SGW"
"Pinnock (BRE)",14,4,"ARS",111,1,"SGW"
"Pinnock (BRE)",15,0,"TOT",111,1,"SGW"
"Pinnock (BRE)",16,0,"LEE",111,1,"SGW"
"Pinnock (BRE)",17,0,"WOL",111,1,"SGW"
"Pinnock (BRE)",18,0,"BOU",111,1,"SGW"
"Pinnock (BRE)",19,0,"TOT",111,1,"SGW"
"Pinnock (BRE)",20,0,"EVE",111,1,"SGW"
"Pinnock (BRE)",21,0,"SUN",111,1,"SGW"
"Pinnock (BRE)",22,0,"CHE",111,1,"SGW"
"Pinnock (BRE)",23,0,"NFO",111,1,"SGW"
"Piroe (LEE)",1,2,"EVE",362,1,"SGW"
"Piroe (LEE)",2,1,"ARS",362,1,"SGW"
"Piroe (LEE)",3,0,"NEW",362,1,"SGW"
"Piroe (LEE)",4,0,"FUL",362,1,"SGW"
"Piroe (LEE)",5,0,"WOL",362,1,"SGW"
"Piroe (LEE)",6,0,"BOU",362,1,"SGW"
"Piroe (LEE)",7,1,"TOT",362,1,"SGW"
"Piroe (LEE)",8,1,"BUR",362,1,"SGW"
"Piroe (LEE)",9,0,"WHU",362,1,"SGW"
"Piroe (LEE)",10,0,"BHA",362,1,"SGW"
"Piroe (LEE)",11,1,"NFO",362,1,"SGW"
"Piroe (LEE)",12,1,"AVL",362,1,"SGW"
"Piroe (LEE)",13,0,"MCI",362,1,"SGW"
"Piroe (LEE)",14,1,"CHE",362,1,"SGW"
"Piroe (LEE)",15,1,"LIV",362,1,"SGW"
"Piroe (LEE)",16,0,"BRE",362,1,"SGW"
"Piroe (LEE)",17,1,"CRY",362,1,"SGW"
"Piroe (LEE)",18,0,"SUN",362,1,"SGW"
"Piroe (LEE)",19,0,"LIV",362,1,"SGW"
"Piroe (LEE)",20,1,"MUN",362,1,"SGW"
"Piroe (LEE)",21,0,"NEW",362,1,"SGW"
"Piroe (LEE)",22,0,"FUL",362,1,"SGW"
"Piroe (LEE)",23,0,"EVE",362,1,"SGW"
"Pivas (NEW)",1,0,"AVL",483,1,"SGW"
"Pivas (NEW)",2,0,"LIV",483,1,"SGW"
"Pivas (NEW)",3,0,"LEE",483,1,"SGW"
"Pivas (NEW)",4,0,"WOL",483,1,"SGW"
"Pivas (NEW)",5,0,"BOU",483,1,"SGW"
"Pivas (NEW)",6,0,"ARS",483,1,"SGW"
"Pivas (NEW)",7,0,"NFO",483,1,"SGW"
"Pivas (NEW)",8,0,"BHA",483,1,"SGW"
"Pivas (NEW)",9,0,"FUL",483,1,"SGW"
"Pivas (NEW)",10,0,"WHU",483,1,"SGW"
"Pivas (NEW)",11,0,"BRE",483,1,"SGW"
"Pivas (NEW)",12,0,"MCI",483,1,"SGW"
"Pivas (NEW)",13,0,"EVE",483,1,"SGW"
"Pivas (NEW)",14,0,"TOT",483,1,"SGW"
"Pivas (NEW)",15,0,"BUR",483,1,"SGW"
"Pivas (NEW)",16,0,"SUN",483,1,"SGW"
"Pivas (NEW)",17,0,"CHE",483,1,"SGW"
"Pivas (NEW)",18,0,"MUN",483,1,"SGW"
"Pivas (NEW)",19,0,"BUR",483,1,"SGW"
"Pivas (NEW)",20,0,"CRY",483,1,"SGW"
"Pivas (NEW)",21,0,"LEE",483,1,"SGW"
"Pivas (NEW)",22,0,"WOL",483,1,"SGW"
"Pivas (NEW)",23,0,"AVL",483,1,"SGW"
"Pond (WOL)",1,0,"MCI",641,1,"SGW"
"Pond (WOL)",2,0,"BOU",641,1,"SGW"
"Pond (WOL)",3,0,"EVE",641,1,"SGW"
"Pond (WOL)",4,0,"NEW",641,1,"SGW"
"Pond (WOL)",5,0,"LEE",641,1,"SGW"
"Pond (WOL)",6,0,"TOT",641,1,"SGW"
"Pond (WOL)",7,0,"BHA",641,1,"SGW"
"Pond (WOL)",8,0,"SUN",641,1,"SGW"
"Pond (WOL)",9,0,"BUR",641,1,"SGW"
"Pond (WOL)",10,0,"FUL",641,1,"SGW"
"Pond (WOL)",11,0,"CHE",641,1,"SGW"
"Pond (WOL)",12,0,"CRY",641,1,"SGW"
"Pond (WOL)",13,0,"AVL",641,1,"SGW"
"Pond (WOL)",14,0,"NFO",641,1,"SGW"
"Pond (WOL)",15,0,"MUN",641,1,"SGW"
"Pond (WOL)",16,0,"ARS",641,1,"SGW"
"Pond (WOL)",17,0,"BRE",641,1,"SGW"
"Pond (WOL)",18,0,"LIV",641,1,"SGW"
"Pond (WOL)",19,0,"MUN",641,1,"SGW"
"Pond (WOL)",20,0,"WHU",641,1,"SGW"
"Pond (WOL)",21,0,"EVE",641,1,"SGW"
"Pond (WOL)",22,0,"NEW",641,1,"SGW"
"Pond (WOL)",23,0,"MCI",641,1,"SGW"
"Pope (NEW)",1,9,"AVL",469,1,"SGW"
"Pope (NEW)",2,4,"LIV",469,1,"SGW"
"Pope (NEW)",3,5,"LEE",469,1,"SGW"
"Pope (NEW)",4,8,"WOL",469,1,"SGW"
"Pope (NEW)",5,6,"BOU",469,1,"SGW"
"Pope (NEW)",6,2,"ARS",469,1,"SGW"
"Pope (NEW)",7,7,"NFO",469,1,"SGW"
"Pope (NEW)",8,2,"BHA",469,1,"SGW"
"Pope (NEW)",9,3,"FUL",469,1,"SGW"
"Pope (NEW)",10,3,"WHU",469,1,"SGW"
"Pope (NEW)",11,3,"BRE",469,1,"SGW"
"Pope (NEW)",12,3,"MCI",469,1,"SGW"
"Pope (NEW)",13,0,"EVE",469,1,"SGW"
"Pope (NEW)",14,0,"TOT",469,1,"SGW"
"Pope (NEW)",15,0,"BUR",469,1,"SGW"
"Pope (NEW)",16,0,"SUN",469,1,"SGW"
"Pope (NEW)",17,0,"CHE",469,1,"SGW"
"Pope (NEW)",18,0,"MUN",469,1,"SGW"
"Pope (NEW)",19,2,"BUR",469,1,"SGW"
"Pope (NEW)",20,6,"CRY",469,1,"SGW"
"Pope (NEW)",21,2,"LEE",469,1,"SGW"
"Pope (NEW)",22,6,"WOL",469,1,"SGW"
"Pope (NEW)",23,3,"AVL",469,1,"SGW"
"Potts (WHU)",1,0,"SUN",623,1,"SGW"
"Potts (WHU)",2,1,"CHE",623,1,"SGW"
"Potts (WHU)",3,0,"NFO",623,1,"SGW"
"Potts (WHU)",4,0,"TOT",623,1,"SGW"
"Potts (WHU)",5,0,"CRY",623,1,"SGW"
"Potts (WHU)",6,1,"EVE",623,1,"SGW"
"Potts (WHU)",7,1,"ARS",623,1,"SGW"
"Potts (WHU)",8,0,"BRE",623,1,"SGW"
"Potts (WHU)",9,1,"LEE",623,1,"SGW"
"Potts (WHU)",10,2,"NEW",623,1,"SGW"
"Potts (WHU)",11,4,"BUR",623,1,"SGW"
"Potts (WHU)",12,2,"BOU",623,1,"SGW"
"Potts (WHU)",13,2,"LIV",623,1,"SGW"
"Potts (WHU)",14,2,"MUN",623,1,"SGW"
"Potts (WHU)",15,0,"BHA",623,1,"SGW"
"Potts (WHU)",16,5,"AVL",623,1,"SGW"
"Potts (WHU)",17,2,"MCI",623,1,"SGW"
"Potts (WHU)",18,2,"FUL",623,1,"SGW"
"Potts (WHU)",19,2,"BHA",623,1,"SGW"
"Potts (WHU)",20,1,"WOL",623,1,"SGW"
"Potts (WHU)",21,1,"NFO",623,1,"SGW"
"Potts (WHU)",22,0,"TOT",623,1,"SGW"
"Potts (WHU)",23,1,"SUN",623,1,"SGW"
"Poveda (SUN)",1,0,"WHU",550,1,"SGW"
"Poveda (SUN)",2,0,"BUR",550,1,"SGW"
"Poveda (SUN)",3,0,"BRE",550,1,"SGW"
"Poveda (SUN)",4,0,"CRY",550,1,"SGW"
"Poveda (SUN)",5,0,"AVL",550,1,"SGW"
"Poveda (SUN)",6,0,"NFO",550,1,"SGW"
"Poveda (SUN)",7,0,"MUN",550,1,"SGW"
"Poveda (SUN)",8,0,"WOL",550,1,"SGW"
"Poveda (SUN)",9,0,"CHE",550,1,"SGW"
"Poveda (SUN)",10,0,"EVE",550,1,"SGW"
"Poveda (SUN)",11,0,"ARS",550,1,"SGW"
"Poveda (SUN)",12,0,"FUL",550,1,"SGW"
"Poveda (SUN)",13,0,"BOU",550,1,"SGW"
"Poveda (SUN)",14,0,"LIV",550,1,"SGW"
"Poveda (SUN)",15,0,"MCI",550,1,"SGW"
"Poveda (SUN)",16,0,"NEW",550,1,"SGW"
"Poveda (SUN)",17,0,"BHA",550,1,"SGW"
"Poveda (SUN)",18,0,"LEE",550,1,"SGW"
"Poveda (SUN)",19,0,"MCI",550,1,"SGW"
"Poveda (SUN)",20,0,"TOT",550,1,"SGW"
"Poveda (SUN)",21,0,"BRE",550,1,"SGW"
"Poveda (SUN)",22,0,"CRY",550,1,"SGW"
"Poveda (SUN)",23,0,"WHU",550,1,"SGW"
"Proctor (AVL)",1,NA,NA,703,NA,"BGW"
"Proctor (AVL)",2,0,"BRE",703,1,"SGW"
"Proctor (AVL)",3,0,"CRY",703,1,"SGW"
"Proctor (AVL)",4,0,"EVE",703,1,"SGW"
"Proctor (AVL)",5,0,"SUN",703,1,"SGW"
"Proctor (AVL)",6,0,"FUL",703,1,"SGW"
"Proctor (AVL)",7,0,"BUR",703,1,"SGW"
"Proctor (AVL)",8,0,"TOT",703,1,"SGW"
"Proctor (AVL)",9,0,"MCI",703,1,"SGW"
"Proctor (AVL)",10,0,"LIV",703,1,"SGW"
"Proctor (AVL)",11,0,"BOU",703,1,"SGW"
"Proctor (AVL)",12,0,"LEE",703,1,"SGW"
"Proctor (AVL)",13,0,"WOL",703,1,"SGW"
"Proctor (AVL)",14,0,"BHA",703,1,"SGW"
"Proctor (AVL)",15,0,"ARS",703,1,"SGW"
"Proctor (AVL)",16,0,"WHU",703,1,"SGW"
"Proctor (AVL)",17,0,"MUN",703,1,"SGW"
"Proctor (AVL)",18,0,"CHE",703,1,"SGW"
"Proctor (AVL)",19,0,"ARS",703,1,"SGW"
"Proctor (AVL)",20,0,"NFO",703,1,"SGW"
"Proctor (AVL)",21,0,"CRY",703,1,"SGW"
"Proctor (AVL)",22,0,"EVE",703,1,"SGW"
"Proctor (AVL)",23,0,"NEW",703,1,"SGW"
"R.Gomes (WOL)",1,1,"MCI",635,1,"SGW"
"R.Gomes (WOL)",2,0,"BOU",635,1,"SGW"
"R.Gomes (WOL)",3,7,"EVE",635,1,"SGW"
"R.Gomes (WOL)",4,2,"NEW",635,1,"SGW"
"R.Gomes (WOL)",5,0,"LEE",635,1,"SGW"
"R.Gomes (WOL)",6,0,"TOT",635,1,"SGW"
"R.Gomes (WOL)",7,0,"BHA",635,1,"SGW"
"R.Gomes (WOL)",8,2,"SUN",635,1,"SGW"
"R.Gomes (WOL)",9,1,"BUR",635,1,"SGW"
"R.Gomes (WOL)",10,0,"FUL",635,1,"SGW"
"R.Gomes (WOL)",11,0,"CHE",635,1,"SGW"
"R.Gomes (WOL)",12,0,"CRY",635,1,"SGW"
"R.Gomes (WOL)",13,0,"AVL",635,1,"SGW"
"R.Gomes (WOL)",14,0,"NFO",635,1,"SGW"
"R.Gomes (WOL)",15,0,"MUN",635,1,"SGW"
"R.Gomes (WOL)",16,0,"ARS",635,1,"SGW"
"R.Gomes (WOL)",17,0,"BRE",635,1,"SGW"
"R.Gomes (WOL)",18,0,"LIV",635,1,"SGW"
"R.Gomes (WOL)",19,0,"MUN",635,1,"SGW"
"R.Gomes (WOL)",20,0,"WHU",635,1,"SGW"
"R.Gomes (WOL)",21,0,"EVE",635,1,"SGW"
"R.Gomes (WOL)",22,1,"NEW",635,1,"SGW"
"R.Gomes (WOL)",23,1,"MCI",635,1,"SGW"
"R.Williams (LIV)",1,0,"BOU",379,1,"SGW"
"R.Williams (LIV)",2,0,"NEW",379,1,"SGW"
"R.Williams (LIV)",3,0,"ARS",379,1,"SGW"
"R.Williams (LIV)",4,0,"BUR",379,1,"SGW"
"R.Williams (LIV)",5,0,"EVE",379,1,"SGW"
"R.Williams (LIV)",6,0,"CRY",379,1,"SGW"
"R.Williams (LIV)",7,0,"CHE",379,1,"SGW"
"R.Williams (LIV)",8,0,"MUN",379,1,"SGW"
"R.Williams (LIV)",9,0,"BRE",379,1,"SGW"
"R.Williams (LIV)",10,0,"AVL",379,1,"SGW"
"R.Williams (LIV)",11,0,"MCI",379,1,"SGW"
"R.Williams (LIV)",12,0,"NFO",379,1,"SGW"
"R.Williams (LIV)",13,0,"WHU",379,1,"SGW"
"R.Williams (LIV)",14,0,"SUN",379,1,"SGW"
"R.Williams (LIV)",15,0,"LEE",379,1,"SGW"
"R.Williams (LIV)",16,0,"BHA",379,1,"SGW"
"R.Williams (LIV)",17,0,"TOT",379,1,"SGW"
"R.Williams (LIV)",18,0,"WOL",379,1,"SGW"
"R.Williams (LIV)",19,0,"LEE",379,1,"SGW"
"R.Williams (LIV)",20,0,"FUL",379,1,"SGW"
"R.Williams (LIV)",21,0,"ARS",379,1,"SGW"
"R.Williams (LIV)",22,0,"BUR",379,1,"SGW"
"R.Williams (LIV)",23,0,"BOU",379,1,"SGW"
"Ramazani (LEE)",1,0,"EVE",357,1,"SGW"
"Ramazani (LEE)",2,0,"ARS",357,1,"SGW"
"Ramazani (LEE)",3,0,"NEW",357,1,"SGW"
"Ramazani (LEE)",4,0,"FUL",357,1,"SGW"
"Ramazani (LEE)",5,0,"WOL",357,1,"SGW"
"Ramazani (LEE)",6,0,"BOU",357,1,"SGW"
"Ramazani (LEE)",7,0,"TOT",357,1,"SGW"
"Ramazani (LEE)",8,0,"BUR",357,1,"SGW"
"Ramazani (LEE)",9,0,"WHU",357,1,"SGW"
"Ramazani (LEE)",10,0,"BHA",357,1,"SGW"
"Ramazani (LEE)",11,0,"NFO",357,1,"SGW"
"Ramazani (LEE)",12,0,"AVL",357,1,"SGW"
"Ramazani (LEE)",13,0,"MCI",357,1,"SGW"
"Ramazani (LEE)",14,0,"CHE",357,1,"SGW"
"Ramazani (LEE)",15,0,"LIV",357,1,"SGW"
"Ramazani (LEE)",16,0,"BRE",357,1,"SGW"
"Ramazani (LEE)",17,0,"CRY",357,1,"SGW"
"Ramazani (LEE)",18,0,"SUN",357,1,"SGW"
"Ramazani (LEE)",19,0,"LIV",357,1,"SGW"
"Ramazani (LEE)",20,0,"MUN",357,1,"SGW"
"Ramazani (LEE)",21,0,"NEW",357,1,"SGW"
"Ramazani (LEE)",22,0,"FUL",357,1,"SGW"
"Ramazani (LEE)",23,0,"EVE",357,1,"SGW"
"Ramsay (LIV)",1,0,"BOU",380,1,"SGW"
"Ramsay (LIV)",2,0,"NEW",380,1,"SGW"
"Ramsay (LIV)",3,0,"ARS",380,1,"SGW"
"Ramsay (LIV)",4,0,"BUR",380,1,"SGW"
"Ramsay (LIV)",5,0,"EVE",380,1,"SGW"
"Ramsay (LIV)",6,0,"CRY",380,1,"SGW"
"Ramsay (LIV)",7,0,"CHE",380,1,"SGW"
"Ramsay (LIV)",8,0,"MUN",380,1,"SGW"
"Ramsay (LIV)",9,0,"BRE",380,1,"SGW"
"Ramsay (LIV)",10,0,"AVL",380,1,"SGW"
"Ramsay (LIV)",11,0,"MCI",380,1,"SGW"
"Ramsay (LIV)",12,0,"NFO",380,1,"SGW"
"Ramsay (LIV)",13,0,"WHU",380,1,"SGW"
"Ramsay (LIV)",14,0,"SUN",380,1,"SGW"
"Ramsay (LIV)",15,0,"LEE",380,1,"SGW"
"Ramsay (LIV)",16,0,"BHA",380,1,"SGW"
"Ramsay (LIV)",17,0,"TOT",380,1,"SGW"
"Ramsay (LIV)",18,0,"WOL",380,1,"SGW"
"Ramsay (LIV)",19,0,"LEE",380,1,"SGW"
"Ramsay (LIV)",20,0,"FUL",380,1,"SGW"
"Ramsay (LIV)",21,0,"ARS",380,1,"SGW"
"Ramsay (LIV)",22,0,"BUR",380,1,"SGW"
"Ramsay (LIV)",23,0,"BOU",380,1,"SGW"
"Ramsdale (NEW)",1,0,"AVL",674,1,"SGW"
"Ramsdale (NEW)",2,0,"LIV",674,1,"SGW"
"Ramsdale (NEW)",3,0,"LEE",674,1,"SGW"
"Ramsdale (NEW)",4,0,"WOL",674,1,"SGW"
"Ramsdale (NEW)",5,0,"BOU",674,1,"SGW"
"Ramsdale (NEW)",6,0,"ARS",674,1,"SGW"
"Ramsdale (NEW)",7,0,"NFO",674,1,"SGW"
"Ramsdale (NEW)",8,0,"BHA",674,1,"SGW"
"Ramsdale (NEW)",9,0,"FUL",674,1,"SGW"
"Ramsdale (NEW)",10,0,"WHU",674,1,"SGW"
"Ramsdale (NEW)",11,0,"BRE",674,1,"SGW"
"Ramsdale (NEW)",12,0,"MCI",674,1,"SGW"
"Ramsdale (NEW)",13,2,"EVE",674,1,"SGW"
"Ramsdale (NEW)",14,1,"TOT",674,1,"SGW"
"Ramsdale (NEW)",15,2,"BUR",674,1,"SGW"
"Ramsdale (NEW)",16,2,"SUN",674,1,"SGW"
"Ramsdale (NEW)",17,1,"CHE",674,1,"SGW"
"Ramsdale (NEW)",18,3,"MUN",674,1,"SGW"
"Ramsdale (NEW)",19,0,"BUR",674,1,"SGW"
"Ramsdale (NEW)",20,0,"CRY",674,1,"SGW"
"Ramsdale (NEW)",21,0,"LEE",674,1,"SGW"
"Ramsdale (NEW)",22,0,"WOL",674,1,"SGW"
"Ramsdale (NEW)",23,0,"AVL",674,1,"SGW"
"Rashford (MUN)",1,0,"ARS",451,1,"SGW"
"Rashford (MUN)",2,0,"FUL",451,1,"SGW"
"Rashford (MUN)",3,0,"BUR",451,1,"SGW"
"Rashford (MUN)",4,0,"MCI",451,1,"SGW"
"Rashford (MUN)",5,0,"CHE",451,1,"SGW"
"Rashford (MUN)",6,0,"BRE",451,1,"SGW"
"Rashford (MUN)",7,0,"SUN",451,1,"SGW"
"Rashford (MUN)",8,0,"LIV",451,1,"SGW"
"Rashford (MUN)",9,0,"BHA",451,1,"SGW"
"Rashford (MUN)",10,0,"NFO",451,1,"SGW"
"Rashford (MUN)",11,0,"TOT",451,1,"SGW"
"Rashford (MUN)",12,0,"EVE",451,1,"SGW"
"Rashford (MUN)",13,0,"CRY",451,1,"SGW"
"Rashford (MUN)",14,0,"WHU",451,1,"SGW"
"Rashford (MUN)",15,0,"WOL",451,1,"SGW"
"Rashford (MUN)",16,0,"BOU",451,1,"SGW"
"Rashford (MUN)",17,0,"AVL",451,1,"SGW"
"Rashford (MUN)",18,0,"NEW",451,1,"SGW"
"Rashford (MUN)",19,0,"WOL",451,1,"SGW"
"Rashford (MUN)",20,0,"LEE",451,1,"SGW"
"Rashford (MUN)",21,0,"BUR",451,1,"SGW"
"Rashford (MUN)",22,0,"MCI",451,1,"SGW"
"Rashford (MUN)",23,0,"ARS",451,1,"SGW"
"Raúl (FUL)",1,2,"BHA",337,1,"SGW"
"Raúl (FUL)",2,1,"MUN",337,1,"SGW"
"Raúl (FUL)",3,1,"CHE",337,1,"SGW"
"Raúl (FUL)",4,1,"LEE",337,1,"SGW"
"Raúl (FUL)",5,1,"BRE",337,1,"SGW"
"Raúl (FUL)",6,6,"AVL",337,1,"SGW"
"Raúl (FUL)",7,0,"BOU",337,1,"SGW"
"Raúl (FUL)",8,2,"ARS",337,1,"SGW"
"Raúl (FUL)",9,5,"NEW",337,1,"SGW"
"Raúl (FUL)",10,5,"WOL",337,1,"SGW"
"Raúl (FUL)",11,1,"EVE",337,1,"SGW"
"Raúl (FUL)",12,6,"SUN",337,1,"SGW"
"Raúl (FUL)",13,1,"TOT",337,1,"SGW"
"Raúl (FUL)",14,2,"MCI",337,1,"SGW"
"Raúl (FUL)",15,5,"CRY",337,1,"SGW"
"Raúl (FUL)",16,2,"BUR",337,1,"SGW"
"Raúl (FUL)",17,5,"NFO",337,1,"SGW"
"Raúl (FUL)",18,9,"WHU",337,1,"SGW"
"Raúl (FUL)",19,2,"CRY",337,1,"SGW"
"Raúl (FUL)",20,5,"LIV",337,1,"SGW"
"Raúl (FUL)",21,5,"CHE",337,1,"SGW"
"Raúl (FUL)",22,2,"LEE",337,1,"SGW"
"Raúl (FUL)",23,2,"BHA",337,1,"SGW"
"Rawlings (WOL)",1,NA,NA,767,NA,"BGW"
"Rawlings (WOL)",2,NA,NA,767,NA,"BGW"
"Rawlings (WOL)",3,NA,NA,767,NA,"BGW"
"Rawlings (WOL)",4,NA,NA,767,NA,"BGW"
"Rawlings (WOL)",5,NA,NA,767,NA,"BGW"
"Rawlings (WOL)",6,NA,NA,767,NA,"BGW"
"Rawlings (WOL)",7,NA,NA,767,NA,"BGW"
"Rawlings (WOL)",8,NA,NA,767,NA,"BGW"
"Rawlings (WOL)",9,NA,NA,767,NA,"BGW"
"Rawlings (WOL)",10,NA,NA,767,NA,"BGW"
"Rawlings (WOL)",11,NA,NA,767,NA,"BGW"
"Rawlings (WOL)",12,NA,NA,767,NA,"BGW"
"Rawlings (WOL)",13,NA,NA,767,NA,"BGW"
"Rawlings (WOL)",14,NA,NA,767,NA,"BGW"
"Rawlings (WOL)",15,NA,NA,767,NA,"BGW"
"Rawlings (WOL)",16,NA,NA,767,NA,"BGW"
"Rawlings (WOL)",17,0,"BRE",767,1,"SGW"
"Rawlings (WOL)",18,0,"LIV",767,1,"SGW"
"Rawlings (WOL)",19,0,"MUN",767,1,"SGW"
"Rawlings (WOL)",20,0,"WHU",767,1,"SGW"
"Rawlings (WOL)",21,0,"EVE",767,1,"SGW"
"Rawlings (WOL)",22,0,"NEW",767,1,"SGW"
"Rawlings (WOL)",23,0,"MCI",767,1,"SGW"
"Raya (ARS)",1,10,"MUN",1,1,"SGW"
"Raya (ARS)",2,6,"LEE",1,1,"SGW"
"Raya (ARS)",3,2,"LIV",1,1,"SGW"
"Raya (ARS)",4,6,"NFO",1,1,"SGW"
"Raya (ARS)",5,2,"MCI",1,1,"SGW"
"Raya (ARS)",6,2,"NEW",1,1,"SGW"
"Raya (ARS)",7,6,"WHU",1,1,"SGW"
"Raya (ARS)",8,6,"FUL",1,1,"SGW"
"Raya (ARS)",9,6,"CRY",1,1,"SGW"
"Raya (ARS)",10,6,"BUR",1,1,"SGW"
"Raya (ARS)",11,1,"SUN",1,1,"SGW"
"Raya (ARS)",12,2,"TOT",1,1,"SGW"
"Raya (ARS)",13,3,"CHE",1,1,"SGW"
"Raya (ARS)",14,6,"BRE",1,1,"SGW"
"Raya (ARS)",15,2,"AVL",1,1,"SGW"
"Raya (ARS)",16,2,"WOL",1,1,"SGW"
"Raya (ARS)",17,7,"EVE",1,1,"SGW"
"Raya (ARS)",18,2,"BHA",1,1,"SGW"
"Raya (ARS)",19,2,"AVL",1,1,"SGW"
"Raya (ARS)",20,1,"BOU",1,1,"SGW"
"Raya (ARS)",21,6,"LIV",1,1,"SGW"
"Raya (ARS)",22,6,"NFO",1,1,"SGW"
"Raya (ARS)",23,1,"MUN",1,1,"SGW"
"Redmond (AVL)",1,0,"NEW",65,1,"SGW"
"Redmond (AVL)",2,0,"BRE",65,1,"SGW"
"Redmond (AVL)",3,0,"CRY",65,1,"SGW"
"Redmond (AVL)",4,0,"EVE",65,1,"SGW"
"Redmond (AVL)",5,0,"SUN",65,1,"SGW"
"Redmond (AVL)",6,0,"FUL",65,1,"SGW"
"Redmond (AVL)",7,0,"BUR",65,1,"SGW"
"Redmond (AVL)",8,0,"TOT",65,1,"SGW"
"Redmond (AVL)",9,0,"MCI",65,1,"SGW"
"Redmond (AVL)",10,0,"LIV",65,1,"SGW"
"Redmond (AVL)",11,0,"BOU",65,1,"SGW"
"Redmond (AVL)",12,0,"LEE",65,1,"SGW"
"Redmond (AVL)",13,0,"WOL",65,1,"SGW"
"Redmond (AVL)",14,0,"BHA",65,1,"SGW"
"Redmond (AVL)",15,0,"ARS",65,1,"SGW"
"Redmond (AVL)",16,0,"WHU",65,1,"SGW"
"Redmond (AVL)",17,0,"MUN",65,1,"SGW"
"Redmond (AVL)",18,0,"CHE",65,1,"SGW"
"Redmond (AVL)",19,0,"ARS",65,1,"SGW"
"Redmond (AVL)",20,0,"NFO",65,1,"SGW"
"Redmond (AVL)",21,0,"CRY",65,1,"SGW"
"Redmond (AVL)",22,0,"EVE",65,1,"SGW"
"Redmond (AVL)",23,0,"NEW",65,1,"SGW"
"Reed (FUL)",1,0,"BHA",336,1,"SGW"
"Reed (FUL)",2,0,"MUN",336,1,"SGW"
"Reed (FUL)",3,0,"CHE",336,1,"SGW"
"Reed (FUL)",4,0,"LEE",336,1,"SGW"
"Reed (FUL)",5,0,"BRE",336,1,"SGW"
"Reed (FUL)",6,0,"AVL",336,1,"SGW"
"Reed (FUL)",7,0,"BOU",336,1,"SGW"
"Reed (FUL)",8,0,"ARS",336,1,"SGW"
"Reed (FUL)",9,0,"NEW",336,1,"SGW"
"Reed (FUL)",10,0,"WOL",336,1,"SGW"
"Reed (FUL)",11,0,"EVE",336,1,"SGW"
"Reed (FUL)",12,1,"SUN",336,1,"SGW"
"Reed (FUL)",13,0,"TOT",336,1,"SGW"
"Reed (FUL)",14,0,"MCI",336,1,"SGW"
"Reed (FUL)",15,0,"CRY",336,1,"SGW"
"Reed (FUL)",16,0,"BUR",336,1,"SGW"
"Reed (FUL)",17,0,"NFO",336,1,"SGW"
"Reed (FUL)",18,0,"WHU",336,1,"SGW"
"Reed (FUL)",19,1,"CRY",336,1,"SGW"
"Reed (FUL)",20,8,"LIV",336,1,"SGW"
"Reed (FUL)",21,1,"CHE",336,1,"SGW"
"Reed (FUL)",22,0,"LEE",336,1,"SGW"
"Reed (FUL)",23,0,"BHA",336,1,"SGW"
"Rees-Dottin (BOU)",1,0,"LIV",687,1,"SGW"
"Rees-Dottin (BOU)",2,0,"WOL",687,1,"SGW"
"Rees-Dottin (BOU)",3,0,"TOT",687,1,"SGW"
"Rees-Dottin (BOU)",4,0,"BHA",687,1,"SGW"
"Rees-Dottin (BOU)",5,0,"NEW",687,1,"SGW"
"Rees-Dottin (BOU)",6,0,"LEE",687,1,"SGW"
"Rees-Dottin (BOU)",7,0,"FUL",687,1,"SGW"
"Rees-Dottin (BOU)",8,0,"CRY",687,1,"SGW"
"Rees-Dottin (BOU)",9,0,"NFO",687,1,"SGW"
"Rees-Dottin (BOU)",10,0,"MCI",687,1,"SGW"
"Rees-Dottin (BOU)",11,0,"AVL",687,1,"SGW"
"Rees-Dottin (BOU)",12,0,"WHU",687,1,"SGW"
"Rees-Dottin (BOU)",13,0,"SUN",687,1,"SGW"
"Rees-Dottin (BOU)",14,0,"EVE",687,1,"SGW"
"Rees-Dottin (BOU)",15,0,"CHE",687,1,"SGW"
"Rees-Dottin (BOU)",16,0,"MUN",687,1,"SGW"
"Rees-Dottin (BOU)",17,0,"BUR",687,1,"SGW"
"Rees-Dottin (BOU)",18,0,"BRE",687,1,"SGW"
"Rees-Dottin (BOU)",19,0,"CHE",687,1,"SGW"
"Rees-Dottin (BOU)",20,0,"ARS",687,1,"SGW"
"Rees-Dottin (BOU)",21,0,"TOT",687,1,"SGW"
"Rees-Dottin (BOU)",22,0,"BHA",687,1,"SGW"
"Rees-Dottin (BOU)",23,0,"LIV",687,1,"SGW"
"Reijnders (MCI)",1,10,"WOL",427,1,"SGW"
"Reijnders (MCI)",2,2,"TOT",427,1,"SGW"
"Reijnders (MCI)",3,2,"BHA",427,1,"SGW"
"Reijnders (MCI)",4,3,"MUN",427,1,"SGW"
"Reijnders (MCI)",5,9,"ARS",427,1,"SGW"
"Reijnders (MCI)",6,2,"BUR",427,1,"SGW"
"Reijnders (MCI)",7,3,"BRE",427,1,"SGW"
"Reijnders (MCI)",8,1,"EVE",427,1,"SGW"
"Reijnders (MCI)",9,1,"AVL",427,1,"SGW"
"Reijnders (MCI)",10,1,"BOU",427,1,"SGW"
"Reijnders (MCI)",11,0,"LIV",427,1,"SGW"
"Reijnders (MCI)",12,1,"NEW",427,1,"SGW"
"Reijnders (MCI)",13,3,"LEE",427,1,"SGW"
"Reijnders (MCI)",14,7,"FUL",427,1,"SGW"
"Reijnders (MCI)",15,1,"SUN",427,1,"SGW"
"Reijnders (MCI)",16,3,"CRY",427,1,"SGW"
"Reijnders (MCI)",17,8,"WHU",427,1,"SGW"
"Reijnders (MCI)",18,8,"NFO",427,1,"SGW"
"Reijnders (MCI)",19,1,"SUN",427,1,"SGW"
"Reijnders (MCI)",20,10,"CHE",427,1,"SGW"
"Reijnders (MCI)",21,2,"BHA",427,1,"SGW"
"Reijnders (MCI)",22,1,"MUN",427,1,"SGW"
"Reijnders (MCI)",23,3,"WOL",427,1,"SGW"
"Reinildo (SUN)",1,6,"WHU",541,1,"SGW"
"Reinildo (SUN)",2,3,"BUR",541,1,"SGW"
"Reinildo (SUN)",3,1,"BRE",541,1,"SGW"
"Reinildo (SUN)",4,6,"CRY",541,1,"SGW"
"Reinildo (SUN)",5,-2,"AVL",541,1,"SGW"
"Reinildo (SUN)",6,0,"NFO",541,1,"SGW"
"Reinildo (SUN)",7,0,"MUN",541,1,"SGW"
"Reinildo (SUN)",8,0,"WOL",541,1,"SGW"
"Reinildo (SUN)",9,2,"CHE",541,1,"SGW"
"Reinildo (SUN)",10,2,"EVE",541,1,"SGW"
"Reinildo (SUN)",11,0,"ARS",541,1,"SGW"
"Reinildo (SUN)",12,1,"FUL",541,1,"SGW"
"Reinildo (SUN)",13,4,"BOU",541,1,"SGW"
"Reinildo (SUN)",14,4,"LIV",541,1,"SGW"
"Reinildo (SUN)",15,0,"MCI",541,1,"SGW"
"Reinildo (SUN)",16,10,"NEW",541,1,"SGW"
"Reinildo (SUN)",17,0,"BHA",541,1,"SGW"
"Reinildo (SUN)",18,0,"LEE",541,1,"SGW"
"Reinildo (SUN)",19,0,"MCI",541,1,"SGW"
"Reinildo (SUN)",20,0,"TOT",541,1,"SGW"
"Reinildo (SUN)",21,0,"BRE",541,1,"SGW"
"Reinildo (SUN)",22,2,"CRY",541,1,"SGW"
"Reinildo (SUN)",23,-1,"WHU",541,1,"SGW"
"Rice (ARS)",1,6,"MUN",21,1,"SGW"
"Rice (ARS)",2,6,"LEE",21,1,"SGW"
"Rice (ARS)",3,4,"LIV",21,1,"SGW"
"Rice (ARS)",4,1,"NFO",21,1,"SGW"
"Rice (ARS)",5,3,"MCI",21,1,"SGW"
"Rice (ARS)",6,9,"NEW",21,1,"SGW"
"Rice (ARS)",7,11,"WHU",21,1,"SGW"
"Rice (ARS)",8,3,"FUL",21,1,"SGW"
"Rice (ARS)",9,7,"CRY",21,1,"SGW"
"Rice (ARS)",10,13,"BUR",21,1,"SGW"
"Rice (ARS)",11,2,"SUN",21,1,"SGW"
"Rice (ARS)",12,6,"TOT",21,1,"SGW"
"Rice (ARS)",13,4,"CHE",21,1,"SGW"
"Rice (ARS)",14,3,"BRE",21,1,"SGW"
"Rice (ARS)",15,6,"AVL",21,1,"SGW"
"Rice (ARS)",16,2,"WOL",21,1,"SGW"
"Rice (ARS)",17,11,"EVE",21,1,"SGW"
"Rice (ARS)",18,5,"BHA",21,1,"SGW"
"Rice (ARS)",19,0,"AVL",21,1,"SGW"
"Rice (ARS)",20,17,"BOU",21,1,"SGW"
"Rice (ARS)",21,3,"LIV",21,1,"SGW"
"Rice (ARS)",22,3,"NFO",21,1,"SGW"
"Rice (ARS)",23,1,"MUN",21,1,"SGW"
"Richards (CRY)",1,6,"CHE",261,1,"SGW"
"Richards (CRY)",2,2,"NFO",261,1,"SGW"
"Richards (CRY)",3,8,"AVL",261,1,"SGW"
"Richards (CRY)",4,6,"SUN",261,1,"SGW"
"Richards (CRY)",5,4,"WHU",261,1,"SGW"
"Richards (CRY)",6,4,"LIV",261,1,"SGW"
"Richards (CRY)",7,3,"EVE",261,1,"SGW"
"Richards (CRY)",8,3,"BOU",261,1,"SGW"
"Richards (CRY)",9,2,"ARS",261,1,"SGW"
"Richards (CRY)",10,6,"BRE",261,1,"SGW"
"Richards (CRY)",11,8,"BHA",261,1,"SGW"
"Richards (CRY)",12,6,"WOL",261,1,"SGW"
"Richards (CRY)",13,1,"MUN",261,1,"SGW"
"Richards (CRY)",14,9,"BUR",261,1,"SGW"
"Richards (CRY)",15,4,"FUL",261,1,"SGW"
"Richards (CRY)",16,1,"MCI",261,1,"SGW"
"Richards (CRY)",17,2,"LEE",261,1,"SGW"
"Richards (CRY)",18,0,"TOT",261,1,"SGW"
"Richards (CRY)",19,0,"FUL",261,1,"SGW"
"Richards (CRY)",20,0,"NEW",261,1,"SGW"
"Richards (CRY)",21,0,"AVL",261,1,"SGW"
"Richards (CRY)",22,2,"SUN",261,1,"SGW"
"Richards (CRY)",23,7,"CHE",261,1,"SGW"
"Richarlison (TOT)",1,13,"BUR",597,1,"SGW"
"Richarlison (TOT)",2,4,"MCI",597,1,"SGW"
"Richarlison (TOT)",3,2,"BOU",597,1,"SGW"
"Richarlison (TOT)",4,1,"WHU",597,1,"SGW"
"Richarlison (TOT)",5,9,"BHA",597,1,"SGW"
"Richarlison (TOT)",6,2,"WOL",597,1,"SGW"
"Richarlison (TOT)",7,1,"LEE",597,1,"SGW"
"Richarlison (TOT)",8,1,"AVL",597,1,"SGW"
"Richarlison (TOT)",9,4,"EVE",597,1,"SGW"
"Richarlison (TOT)",10,1,"CHE",597,1,"SGW"
"Richarlison (TOT)",11,6,"MUN",597,1,"SGW"
"Richarlison (TOT)",12,6,"ARS",597,1,"SGW"
"Richarlison (TOT)",13,1,"FUL",597,1,"SGW"
"Richarlison (TOT)",14,0,"NEW",597,1,"SGW"
"Richarlison (TOT)",15,8,"BRE",597,1,"SGW"
"Richarlison (TOT)",16,2,"NFO",597,1,"SGW"
"Richarlison (TOT)",17,4,"LIV",597,1,"SGW"
"Richarlison (TOT)",18,5,"CRY",597,1,"SGW"
"Richarlison (TOT)",19,2,"BRE",597,1,"SGW"
"Richarlison (TOT)",20,2,"SUN",597,1,"SGW"
"Richarlison (TOT)",21,1,"BOU",597,1,"SGW"
"Richarlison (TOT)",22,0,"WHU",597,1,"SGW"
"Richarlison (TOT)",23,0,"BUR",597,1,"SGW"
"Ridgeon (FUL)",1,NA,NA,770,NA,"BGW"
"Ridgeon (FUL)",2,NA,NA,770,NA,"BGW"
"Ridgeon (FUL)",3,NA,NA,770,NA,"BGW"
"Ridgeon (FUL)",4,NA,NA,770,NA,"BGW"
"Ridgeon (FUL)",5,NA,NA,770,NA,"BGW"
"Ridgeon (FUL)",6,NA,NA,770,NA,"BGW"
"Ridgeon (FUL)",7,NA,NA,770,NA,"BGW"
"Ridgeon (FUL)",8,NA,NA,770,NA,"BGW"
"Ridgeon (FUL)",9,NA,NA,770,NA,"BGW"
"Ridgeon (FUL)",10,NA,NA,770,NA,"BGW"
"Ridgeon (FUL)",11,NA,NA,770,NA,"BGW"
"Ridgeon (FUL)",12,NA,NA,770,NA,"BGW"
"Ridgeon (FUL)",13,NA,NA,770,NA,"BGW"
"Ridgeon (FUL)",14,NA,NA,770,NA,"BGW"
"Ridgeon (FUL)",15,NA,NA,770,NA,"BGW"
"Ridgeon (FUL)",16,NA,NA,770,NA,"BGW"
"Ridgeon (FUL)",17,0,"NFO",770,1,"SGW"
"Ridgeon (FUL)",18,0,"WHU",770,1,"SGW"
"Ridgeon (FUL)",19,0,"CRY",770,1,"SGW"
"Ridgeon (FUL)",20,0,"LIV",770,1,"SGW"
"Ridgeon (FUL)",21,0,"CHE",770,1,"SGW"
"Ridgeon (FUL)",22,0,"LEE",770,1,"SGW"
"Ridgeon (FUL)",23,0,"BHA",770,1,"SGW"
"Rigg (SUN)",1,1,"WHU",551,1,"SGW"
"Rigg (SUN)",2,0,"BUR",551,1,"SGW"
"Rigg (SUN)",3,0,"BRE",551,1,"SGW"
"Rigg (SUN)",4,1,"CRY",551,1,"SGW"
"Rigg (SUN)",5,1,"AVL",551,1,"SGW"
"Rigg (SUN)",6,1,"NFO",551,1,"SGW"
"Rigg (SUN)",7,0,"MUN",551,1,"SGW"
"Rigg (SUN)",8,3,"WOL",551,1,"SGW"
"Rigg (SUN)",9,1,"CHE",551,1,"SGW"
"Rigg (SUN)",10,0,"EVE",551,1,"SGW"
"Rigg (SUN)",11,0,"ARS",551,1,"SGW"
"Rigg (SUN)",12,0,"FUL",551,1,"SGW"
"Rigg (SUN)",13,0,"BOU",551,1,"SGW"
"Rigg (SUN)",14,0,"LIV",551,1,"SGW"
"Rigg (SUN)",15,0,"MCI",551,1,"SGW"
"Rigg (SUN)",16,0,"NEW",551,1,"SGW"
"Rigg (SUN)",17,3,"BHA",551,1,"SGW"
"Rigg (SUN)",18,2,"LEE",551,1,"SGW"
"Rigg (SUN)",19,0,"MCI",551,1,"SGW"
"Rigg (SUN)",20,1,"TOT",551,1,"SGW"
"Rigg (SUN)",21,1,"BRE",551,1,"SGW"
"Rigg (SUN)",22,0,"CRY",551,1,"SGW"
"Rigg (SUN)",23,0,"WHU",551,1,"SGW"
"Roberts (BUR)",1,0,"TOT",186,1,"SGW"
"Roberts (BUR)",2,0,"SUN",186,1,"SGW"
"Roberts (BUR)",3,0,"MUN",186,1,"SGW"
"Roberts (BUR)",4,0,"LIV",186,1,"SGW"
"Roberts (BUR)",5,0,"NFO",186,1,"SGW"
"Roberts (BUR)",6,0,"MCI",186,1,"SGW"
"Roberts (BUR)",7,0,"AVL",186,1,"SGW"
"Roberts (BUR)",8,0,"LEE",186,1,"SGW"
"Roberts (BUR)",9,0,"WOL",186,1,"SGW"
"Roberts (BUR)",10,0,"ARS",186,1,"SGW"
"Roberts (BUR)",11,0,"WHU",186,1,"SGW"
"Roberts (BUR)",12,0,"CHE",186,1,"SGW"
"Roberts (BUR)",13,0,"BRE",186,1,"SGW"
"Roberts (BUR)",14,0,"CRY",186,1,"SGW"
"Roberts (BUR)",15,0,"NEW",186,1,"SGW"
"Roberts (BUR)",16,0,"FUL",186,1,"SGW"
"Roberts (BUR)",17,0,"BOU",186,1,"SGW"
"Roberts (BUR)",18,0,"EVE",186,1,"SGW"
"Roberts (BUR)",19,0,"NEW",186,1,"SGW"
"Roberts (BUR)",20,0,"BHA",186,1,"SGW"
"Roberts (BUR)",21,0,"MUN",186,1,"SGW"
"Roberts (BUR)",22,0,"LIV",186,1,"SGW"
"Roberts (BUR)",23,0,"TOT",186,1,"SGW"
"Roberts (SUN)",1,0,"WHU",545,1,"SGW"
"Roberts (SUN)",2,1,"BUR",545,1,"SGW"
"Roberts (SUN)",3,0,"BRE",545,1,"SGW"
"Roberts (SUN)",4,0,"CRY",545,1,"SGW"
"Roberts (SUN)",5,0,"AVL",545,1,"SGW"
"Roberts (SUN)",6,0,"NFO",545,1,"SGW"
"Roberts (SUN)",7,0,"MUN",545,1,"SGW"
"Roberts (SUN)",8,0,"WOL",545,1,"SGW"
"Roberts (SUN)",9,0,"CHE",545,1,"SGW"
"Roberts (SUN)",10,0,"EVE",545,1,"SGW"
"Roberts (SUN)",11,0,"ARS",545,1,"SGW"
"Roberts (SUN)",12,0,"FUL",545,1,"SGW"
"Roberts (SUN)",13,0,"BOU",545,1,"SGW"
"Roberts (SUN)",14,0,"LIV",545,1,"SGW"
"Roberts (SUN)",15,0,"MCI",545,1,"SGW"
"Roberts (SUN)",16,0,"NEW",545,1,"SGW"
"Roberts (SUN)",17,0,"BHA",545,1,"SGW"
"Roberts (SUN)",18,0,"LEE",545,1,"SGW"
"Roberts (SUN)",19,0,"MCI",545,1,"SGW"
"Roberts (SUN)",20,0,"TOT",545,1,"SGW"
"Roberts (SUN)",21,0,"BRE",545,1,"SGW"
"Roberts (SUN)",22,0,"CRY",545,1,"SGW"
"Roberts (SUN)",23,0,"WHU",545,1,"SGW"
"Robertson (LIV)",1,0,"BOU",372,1,"SGW"
"Robertson (LIV)",2,0,"NEW",372,1,"SGW"
"Robertson (LIV)",3,0,"ARS",372,1,"SGW"
"Robertson (LIV)",4,1,"BUR",372,1,"SGW"
"Robertson (LIV)",5,0,"EVE",372,1,"SGW"
"Robertson (LIV)",6,0,"CRY",372,1,"SGW"
"Robertson (LIV)",7,1,"CHE",372,1,"SGW"
"Robertson (LIV)",8,0,"MUN",372,1,"SGW"
"Robertson (LIV)",9,1,"BRE",372,1,"SGW"
"Robertson (LIV)",10,8,"AVL",372,1,"SGW"
"Robertson (LIV)",11,0,"MCI",372,1,"SGW"
"Robertson (LIV)",12,1,"NFO",372,1,"SGW"
"Robertson (LIV)",13,1,"WHU",372,1,"SGW"
"Robertson (LIV)",14,2,"SUN",372,1,"SGW"
"Robertson (LIV)",15,0,"LEE",372,1,"SGW"
"Robertson (LIV)",16,1,"BHA",372,1,"SGW"
"Robertson (LIV)",17,1,"TOT",372,1,"SGW"
"Robertson (LIV)",18,0,"WOL",372,1,"SGW"
"Robertson (LIV)",19,6,"LEE",372,1,"SGW"
"Robertson (LIV)",20,0,"FUL",372,1,"SGW"
"Robertson (LIV)",21,0,"ARS",372,1,"SGW"
"Robertson (LIV)",22,1,"BUR",372,1,"SGW"
"Robertson (LIV)",23,1,"BOU",372,1,"SGW"
"Robinson (FUL)",1,0,"BHA",316,1,"SGW"
"Robinson (FUL)",2,1,"MUN",316,1,"SGW"
"Robinson (FUL)",3,1,"CHE",316,1,"SGW"
"Robinson (FUL)",4,0,"LEE",316,1,"SGW"
"Robinson (FUL)",5,0,"BRE",316,1,"SGW"
"Robinson (FUL)",6,1,"AVL",316,1,"SGW"
"Robinson (FUL)",7,0,"BOU",316,1,"SGW"
"Robinson (FUL)",8,0,"ARS",316,1,"SGW"
"Robinson (FUL)",9,0,"NEW",316,1,"SGW"
"Robinson (FUL)",10,0,"WOL",316,1,"SGW"
"Robinson (FUL)",11,0,"EVE",316,1,"SGW"
"Robinson (FUL)",12,0,"SUN",316,1,"SGW"
"Robinson (FUL)",13,0,"TOT",316,1,"SGW"
"Robinson (FUL)",14,0,"MCI",316,1,"SGW"
"Robinson (FUL)",15,0,"CRY",316,1,"SGW"
"Robinson (FUL)",16,3,"BUR",316,1,"SGW"
"Robinson (FUL)",17,10,"NFO",316,1,"SGW"
"Robinson (FUL)",18,8,"WHU",316,1,"SGW"
"Robinson (FUL)",19,2,"CRY",316,1,"SGW"
"Robinson (FUL)",20,1,"LIV",316,1,"SGW"
"Robinson (FUL)",21,2,"CHE",316,1,"SGW"
"Robinson (FUL)",22,2,"LEE",316,1,"SGW"
"Robinson (FUL)",23,1,"BHA",316,1,"SGW"
"Rodney (CRY)",1,0,"CHE",281,1,"SGW"
"Rodney (CRY)",2,0,"NFO",281,1,"SGW"
"Rodney (CRY)",3,0,"AVL",281,1,"SGW"
"Rodney (CRY)",4,0,"SUN",281,1,"SGW"
"Rodney (CRY)",5,0,"WHU",281,1,"SGW"
"Rodney (CRY)",6,0,"LIV",281,1,"SGW"
"Rodney (CRY)",7,0,"EVE",281,1,"SGW"
"Rodney (CRY)",8,0,"BOU",281,1,"SGW"
"Rodney (CRY)",9,0,"ARS",281,1,"SGW"
"Rodney (CRY)",10,0,"BRE",281,1,"SGW"
"Rodney (CRY)",11,0,"BHA",281,1,"SGW"
"Rodney (CRY)",12,0,"WOL",281,1,"SGW"
"Rodney (CRY)",13,0,"MUN",281,1,"SGW"
"Rodney (CRY)",14,0,"BUR",281,1,"SGW"
"Rodney (CRY)",15,0,"FUL",281,1,"SGW"
"Rodney (CRY)",16,0,"MCI",281,1,"SGW"
"Rodney (CRY)",17,0,"LEE",281,1,"SGW"
"Rodney (CRY)",18,0,"TOT",281,1,"SGW"
"Rodney (CRY)",19,0,"FUL",281,1,"SGW"
"Rodney (CRY)",20,1,"NEW",281,1,"SGW"
"Rodney (CRY)",21,0,"AVL",281,1,"SGW"
"Rodney (CRY)",22,0,"SUN",281,1,"SGW"
"Rodney (CRY)",23,0,"CHE",281,1,"SGW"
"Rodon (LEE)",1,7,"EVE",348,1,"SGW"
"Rodon (LEE)",2,2,"ARS",348,1,"SGW"
"Rodon (LEE)",3,7,"NEW",348,1,"SGW"
"Rodon (LEE)",4,4,"FUL",348,1,"SGW"
"Rodon (LEE)",5,2,"WOL",348,1,"SGW"
"Rodon (LEE)",6,7,"BOU",348,1,"SGW"
"Rodon (LEE)",7,1,"TOT",348,1,"SGW"
"Rodon (LEE)",8,1,"BUR",348,1,"SGW"
"Rodon (LEE)",9,13,"WHU",348,1,"SGW"
"Rodon (LEE)",10,1,"BHA",348,1,"SGW"
"Rodon (LEE)",11,1,"NFO",348,1,"SGW"
"Rodon (LEE)",12,3,"AVL",348,1,"SGW"
"Rodon (LEE)",13,0,"MCI",348,1,"SGW"
"Rodon (LEE)",14,2,"CHE",348,1,"SGW"
"Rodon (LEE)",15,1,"LIV",348,1,"SGW"
"Rodon (LEE)",16,2,"BRE",348,1,"SGW"
"Rodon (LEE)",17,2,"CRY",348,1,"SGW"
"Rodon (LEE)",18,1,"SUN",348,1,"SGW"
"Rodon (LEE)",19,0,"LIV",348,1,"SGW"
"Rodon (LEE)",20,0,"MUN",348,1,"SGW"
"Rodon (LEE)",21,1,"NEW",348,1,"SGW"
"Rodon (LEE)",22,6,"FUL",348,1,"SGW"
"Rodon (LEE)",23,4,"EVE",348,1,"SGW"
"Rodrigo (MCI)",1,0,"WOL",421,1,"SGW"
"Rodrigo (MCI)",2,1,"TOT",421,1,"SGW"
"Rodrigo (MCI)",3,2,"BHA",421,1,"SGW"
"Rodrigo (MCI)",4,3,"MUN",421,1,"SGW"
"Rodrigo (MCI)",5,4,"ARS",421,1,"SGW"
"Rodrigo (MCI)",6,0,"BUR",421,1,"SGW"
"Rodrigo (MCI)",7,1,"BRE",421,1,"SGW"
"Rodrigo (MCI)",8,0,"EVE",421,1,"SGW"
"Rodrigo (MCI)",9,0,"AVL",421,1,"SGW"
"Rodrigo (MCI)",10,1,"BOU",421,1,"SGW"
"Rodrigo (MCI)",11,0,"LIV",421,1,"SGW"
"Rodrigo (MCI)",12,0,"NEW",421,1,"SGW"
"Rodrigo (MCI)",13,0,"LEE",421,1,"SGW"
"Rodrigo (MCI)",14,0,"FUL",421,1,"SGW"
"Rodrigo (MCI)",15,0,"SUN",421,1,"SGW"
"Rodrigo (MCI)",16,0,"CRY",421,1,"SGW"
"Rodrigo (MCI)",17,0,"WHU",421,1,"SGW"
"Rodrigo (MCI)",18,0,"NFO",421,1,"SGW"
"Rodrigo (MCI)",19,1,"SUN",421,1,"SGW"
"Rodrigo (MCI)",20,5,"CHE",421,1,"SGW"
"Rodrigo (MCI)",21,1,"BHA",421,1,"SGW"
"Rodrigo (MCI)",22,3,"MUN",421,1,"SGW"
"Rodrigo (MCI)",23,3,"WOL",421,1,"SGW"
"Roefs (SUN)",1,8,"WHU",670,1,"SGW"
"Roefs (SUN)",2,1,"BUR",670,1,"SGW"
"Roefs (SUN)",3,8,"BRE",670,1,"SGW"
"Roefs (SUN)",4,10,"CRY",670,1,"SGW"
"Roefs (SUN)",5,2,"AVL",670,1,"SGW"
"Roefs (SUN)",6,10,"NFO",670,1,"SGW"
"Roefs (SUN)",7,2,"MUN",670,1,"SGW"
"Roefs (SUN)",8,7,"WOL",670,1,"SGW"
"Roefs (SUN)",9,4,"CHE",670,1,"SGW"
"Roefs (SUN)",10,2,"EVE",670,1,"SGW"
"Roefs (SUN)",11,2,"ARS",670,1,"SGW"
"Roefs (SUN)",12,3,"FUL",670,1,"SGW"
"Roefs (SUN)",13,1,"BOU",670,1,"SGW"
"Roefs (SUN)",14,3,"LIV",670,1,"SGW"
"Roefs (SUN)",15,1,"MCI",670,1,"SGW"
"Roefs (SUN)",16,9,"NEW",670,1,"SGW"
"Roefs (SUN)",17,7,"BHA",670,1,"SGW"
"Roefs (SUN)",18,3,"LEE",670,1,"SGW"
"Roefs (SUN)",19,7,"MCI",670,1,"SGW"
"Roefs (SUN)",20,3,"TOT",670,1,"SGW"
"Roefs (SUN)",21,2,"BRE",670,1,"SGW"
"Roefs (SUN)",22,2,"CRY",670,1,"SGW"
"Roefs (SUN)",23,1,"WHU",670,1,"SGW"
"Roerslev (BRE)",1,0,"NFO",112,1,"SGW"
"Roerslev (BRE)",2,0,"AVL",112,1,"SGW"
"Roerslev (BRE)",3,0,"SUN",112,1,"SGW"
"Roerslev (BRE)",4,0,"CHE",112,1,"SGW"
"Roerslev (BRE)",5,0,"FUL",112,1,"SGW"
"Roerslev (BRE)",6,0,"MUN",112,1,"SGW"
"Roerslev (BRE)",7,0,"MCI",112,1,"SGW"
"Roerslev (BRE)",8,0,"WHU",112,1,"SGW"
"Roerslev (BRE)",9,0,"LIV",112,1,"SGW"
"Roerslev (BRE)",10,0,"CRY",112,1,"SGW"
"Roerslev (BRE)",11,0,"NEW",112,1,"SGW"
"Roerslev (BRE)",12,0,"BHA",112,1,"SGW"
"Roerslev (BRE)",13,0,"BUR",112,1,"SGW"
"Roerslev (BRE)",14,0,"ARS",112,1,"SGW"
"Roerslev (BRE)",15,0,"TOT",112,1,"SGW"
"Roerslev (BRE)",16,0,"LEE",112,1,"SGW"
"Roerslev (BRE)",17,0,"WOL",112,1,"SGW"
"Roerslev (BRE)",18,0,"BOU",112,1,"SGW"
"Roerslev (BRE)",19,0,"TOT",112,1,"SGW"
"Roerslev (BRE)",20,0,"EVE",112,1,"SGW"
"Roerslev (BRE)",21,0,"SUN",112,1,"SGW"
"Roerslev (BRE)",22,0,"CHE",112,1,"SGW"
"Roerslev (BRE)",23,0,"NFO",112,1,"SGW"
"Rogers (AVL)",1,3,"NEW",47,1,"SGW"
"Rogers (AVL)",2,2,"BRE",47,1,"SGW"
"Rogers (AVL)",3,2,"CRY",47,1,"SGW"
"Rogers (AVL)",4,3,"EVE",47,1,"SGW"
"Rogers (AVL)",5,2,"SUN",47,1,"SGW"
"Rogers (AVL)",6,5,"FUL",47,1,"SGW"
"Rogers (AVL)",7,5,"BUR",47,1,"SGW"
"Rogers (AVL)",8,7,"TOT",47,1,"SGW"
"Rogers (AVL)",9,3,"MCI",47,1,"SGW"
"Rogers (AVL)",10,1,"LIV",47,1,"SGW"
"Rogers (AVL)",11,2,"BOU",47,1,"SGW"
"Rogers (AVL)",12,15,"LEE",47,1,"SGW"
"Rogers (AVL)",13,3,"WOL",47,1,"SGW"
"Rogers (AVL)",14,6,"BHA",47,1,"SGW"
"Rogers (AVL)",15,2,"ARS",47,1,"SGW"
"Rogers (AVL)",16,15,"WHU",47,1,"SGW"
"Rogers (AVL)",17,15,"MUN",47,1,"SGW"
"Rogers (AVL)",18,1,"CHE",47,1,"SGW"
"Rogers (AVL)",19,1,"ARS",47,1,"SGW"
"Rogers (AVL)",20,5,"NFO",47,1,"SGW"
"Rogers (AVL)",21,3,"CRY",47,1,"SGW"
"Rogers (AVL)",22,2,"EVE",47,1,"SGW"
"Rogers (AVL)",23,8,"NEW",47,1,"SGW"
"Röhl (EVE)",1,NA,NA,728,NA,"BGW"
"Röhl (EVE)",2,NA,NA,728,NA,"BGW"
"Röhl (EVE)",3,NA,NA,728,NA,"BGW"
"Röhl (EVE)",4,1,"AVL",728,1,"SGW"
"Röhl (EVE)",5,0,"LIV",728,1,"SGW"
"Röhl (EVE)",6,0,"WHU",728,1,"SGW"
"Röhl (EVE)",7,0,"CRY",728,1,"SGW"
"Röhl (EVE)",8,1,"MCI",728,1,"SGW"
"Röhl (EVE)",9,1,"TOT",728,1,"SGW"
"Röhl (EVE)",10,0,"SUN",728,1,"SGW"
"Röhl (EVE)",11,1,"FUL",728,1,"SGW"
"Röhl (EVE)",12,0,"MUN",728,1,"SGW"
"Röhl (EVE)",13,0,"NEW",728,1,"SGW"
"Röhl (EVE)",14,0,"BOU",728,1,"SGW"
"Röhl (EVE)",15,0,"NFO",728,1,"SGW"
"Röhl (EVE)",16,0,"CHE",728,1,"SGW"
"Röhl (EVE)",17,1,"ARS",728,1,"SGW"
"Röhl (EVE)",18,1,"BUR",728,1,"SGW"
"Röhl (EVE)",19,5,"NFO",728,1,"SGW"
"Röhl (EVE)",20,1,"BRE",728,1,"SGW"
"Röhl (EVE)",21,1,"WOL",728,1,"SGW"
"Röhl (EVE)",22,3,"AVL",728,1,"SGW"
"Röhl (EVE)",23,0,"LEE",728,1,"SGW"
"Romero (TOT)",1,6,"BUR",569,1,"SGW"
"Romero (TOT)",2,7,"MCI",569,1,"SGW"
"Romero (TOT)",3,2,"BOU",569,1,"SGW"
"Romero (TOT)",4,12,"WHU",569,1,"SGW"
"Romero (TOT)",5,2,"BHA",569,1,"SGW"
"Romero (TOT)",6,2,"WOL",569,1,"SGW"
"Romero (TOT)",7,1,"LEE",569,1,"SGW"
"Romero (TOT)",8,0,"AVL",569,1,"SGW"
"Romero (TOT)",9,0,"EVE",569,1,"SGW"
"Romero (TOT)",10,1,"CHE",569,1,"SGW"
"Romero (TOT)",11,1,"MUN",569,1,"SGW"
"Romero (TOT)",12,1,"ARS",569,1,"SGW"
"Romero (TOT)",13,0,"FUL",569,1,"SGW"
"Romero (TOT)",14,17,"NEW",569,1,"SGW"
"Romero (TOT)",15,6,"BRE",569,1,"SGW"
"Romero (TOT)",16,1,"NFO",569,1,"SGW"
"Romero (TOT)",17,0,"LIV",569,1,"SGW"
"Romero (TOT)",18,0,"CRY",569,1,"SGW"
"Romero (TOT)",19,9,"BRE",569,1,"SGW"
"Romero (TOT)",20,2,"SUN",569,1,"SGW"
"Romero (TOT)",21,3,"BOU",569,1,"SGW"
"Romero (TOT)",22,8,"WHU",569,1,"SGW"
"Romero (TOT)",23,11,"BUR",569,1,"SGW"
"Rowe (AVL)",1,NA,NA,701,NA,"BGW"
"Rowe (AVL)",2,0,"BRE",701,1,"SGW"
"Rowe (AVL)",3,0,"CRY",701,1,"SGW"
"Rowe (AVL)",4,0,"EVE",701,1,"SGW"
"Rowe (AVL)",5,0,"SUN",701,1,"SGW"
"Rowe (AVL)",6,0,"FUL",701,1,"SGW"
"Rowe (AVL)",7,0,"BUR",701,1,"SGW"
"Rowe (AVL)",8,0,"TOT",701,1,"SGW"
"Rowe (AVL)",9,0,"MCI",701,1,"SGW"
"Rowe (AVL)",10,0,"LIV",701,1,"SGW"
"Rowe (AVL)",11,0,"BOU",701,1,"SGW"
"Rowe (AVL)",12,0,"LEE",701,1,"SGW"
"Rowe (AVL)",13,0,"WOL",701,1,"SGW"
"Rowe (AVL)",14,0,"BHA",701,1,"SGW"
"Rowe (AVL)",15,0,"ARS",701,1,"SGW"
"Rowe (AVL)",16,0,"WHU",701,1,"SGW"
"Rowe (AVL)",17,0,"MUN",701,1,"SGW"
"Rowe (AVL)",18,0,"CHE",701,1,"SGW"
"Rowe (AVL)",19,0,"ARS",701,1,"SGW"
"Rowe (AVL)",20,0,"NFO",701,1,"SGW"
"Rowe (AVL)",21,0,"CRY",701,1,"SGW"
"Rowe (AVL)",22,0,"EVE",701,1,"SGW"
"Rowe (AVL)",23,0,"NEW",701,1,"SGW"
"Rowswell (TOT)",1,NA,NA,750,NA,"BGW"
"Rowswell (TOT)",2,NA,NA,750,NA,"BGW"
"Rowswell (TOT)",3,NA,NA,750,NA,"BGW"
"Rowswell (TOT)",4,NA,NA,750,NA,"BGW"
"Rowswell (TOT)",5,NA,NA,750,NA,"BGW"
"Rowswell (TOT)",6,NA,NA,750,NA,"BGW"
"Rowswell (TOT)",7,NA,NA,750,NA,"BGW"
"Rowswell (TOT)",8,NA,NA,750,NA,"BGW"
"Rowswell (TOT)",9,NA,NA,750,NA,"BGW"
"Rowswell (TOT)",10,NA,NA,750,NA,"BGW"
"Rowswell (TOT)",11,0,"MUN",750,1,"SGW"
"Rowswell (TOT)",12,0,"ARS",750,1,"SGW"
"Rowswell (TOT)",13,0,"FUL",750,1,"SGW"
"Rowswell (TOT)",14,0,"NEW",750,1,"SGW"
"Rowswell (TOT)",15,0,"BRE",750,1,"SGW"
"Rowswell (TOT)",16,0,"NFO",750,1,"SGW"
"Rowswell (TOT)",17,0,"LIV",750,1,"SGW"
"Rowswell (TOT)",18,0,"CRY",750,1,"SGW"
"Rowswell (TOT)",19,0,"BRE",750,1,"SGW"
"Rowswell (TOT)",20,0,"SUN",750,1,"SGW"
"Rowswell (TOT)",21,0,"BOU",750,1,"SGW"
"Rowswell (TOT)",22,0,"WHU",750,1,"SGW"
"Rowswell (TOT)",23,0,"BUR",750,1,"SGW"
"Rúben (MCI)",1,6,"WOL",408,1,"SGW"
"Rúben (MCI)",2,1,"TOT",408,1,"SGW"
"Rúben (MCI)",3,1,"BHA",408,1,"SGW"
"Rúben (MCI)",4,6,"MUN",408,1,"SGW"
"Rúben (MCI)",5,2,"ARS",408,1,"SGW"
"Rúben (MCI)",6,2,"BUR",408,1,"SGW"
"Rúben (MCI)",7,9,"BRE",408,1,"SGW"
"Rúben (MCI)",8,6,"EVE",408,1,"SGW"
"Rúben (MCI)",9,4,"AVL",408,1,"SGW"
"Rúben (MCI)",10,2,"BOU",408,1,"SGW"
"Rúben (MCI)",11,6,"LIV",408,1,"SGW"
"Rúben (MCI)",12,7,"NEW",408,1,"SGW"
"Rúben (MCI)",13,1,"LEE",408,1,"SGW"
"Rúben (MCI)",14,0,"FUL",408,1,"SGW"
"Rúben (MCI)",15,14,"SUN",408,1,"SGW"
"Rúben (MCI)",16,8,"CRY",408,1,"SGW"
"Rúben (MCI)",17,6,"WHU",408,1,"SGW"
"Rúben (MCI)",18,3,"NFO",408,1,"SGW"
"Rúben (MCI)",19,6,"SUN",408,1,"SGW"
"Rúben (MCI)",20,5,"CHE",408,1,"SGW"
"Rúben (MCI)",21,0,"BHA",408,1,"SGW"
"Rúben (MCI)",22,0,"MUN",408,1,"SGW"
"Rúben (MCI)",23,0,"WOL",408,1,"SGW"
"Ruddy (NEW)",1,NA,NA,753,NA,"BGW"
"Ruddy (NEW)",2,NA,NA,753,NA,"BGW"
"Ruddy (NEW)",3,NA,NA,753,NA,"BGW"
"Ruddy (NEW)",4,NA,NA,753,NA,"BGW"
"Ruddy (NEW)",5,NA,NA,753,NA,"BGW"
"Ruddy (NEW)",6,NA,NA,753,NA,"BGW"
"Ruddy (NEW)",7,NA,NA,753,NA,"BGW"
"Ruddy (NEW)",8,NA,NA,753,NA,"BGW"
"Ruddy (NEW)",9,NA,NA,753,NA,"BGW"
"Ruddy (NEW)",10,NA,NA,753,NA,"BGW"
"Ruddy (NEW)",11,NA,NA,753,NA,"BGW"
"Ruddy (NEW)",12,0,"MCI",753,1,"SGW"
"Ruddy (NEW)",13,0,"EVE",753,1,"SGW"
"Ruddy (NEW)",14,0,"TOT",753,1,"SGW"
"Ruddy (NEW)",15,0,"BUR",753,1,"SGW"
"Ruddy (NEW)",16,0,"SUN",753,1,"SGW"
"Ruddy (NEW)",17,0,"CHE",753,1,"SGW"
"Ruddy (NEW)",18,0,"MUN",753,1,"SGW"
"Ruddy (NEW)",19,0,"BUR",753,1,"SGW"
"Ruddy (NEW)",20,0,"CRY",753,1,"SGW"
"Ruddy (NEW)",21,0,"LEE",753,1,"SGW"
"Ruddy (NEW)",22,0,"WOL",753,1,"SGW"
"Ruddy (NEW)",23,0,"AVL",753,1,"SGW"
"Rushworth (BHA)",1,0,"FUL",141,1,"SGW"
"Rushworth (BHA)",2,0,"EVE",141,1,"SGW"
"Rushworth (BHA)",3,0,"MCI",141,1,"SGW"
"Rushworth (BHA)",4,0,"BOU",141,1,"SGW"
"Rushworth (BHA)",5,0,"TOT",141,1,"SGW"
"Rushworth (BHA)",6,0,"CHE",141,1,"SGW"
"Rushworth (BHA)",7,0,"WOL",141,1,"SGW"
"Rushworth (BHA)",8,0,"NEW",141,1,"SGW"
"Rushworth (BHA)",9,0,"MUN",141,1,"SGW"
"Rushworth (BHA)",10,0,"LEE",141,1,"SGW"
"Rushworth (BHA)",11,0,"CRY",141,1,"SGW"
"Rushworth (BHA)",12,0,"BRE",141,1,"SGW"
"Rushworth (BHA)",13,0,"NFO",141,1,"SGW"
"Rushworth (BHA)",14,0,"AVL",141,1,"SGW"
"Rushworth (BHA)",15,0,"WHU",141,1,"SGW"
"Rushworth (BHA)",16,0,"LIV",141,1,"SGW"
"Rushworth (BHA)",17,0,"SUN",141,1,"SGW"
"Rushworth (BHA)",18,0,"ARS",141,1,"SGW"
"Rushworth (BHA)",19,0,"WHU",141,1,"SGW"
"Rushworth (BHA)",20,0,"BUR",141,1,"SGW"
"Rushworth (BHA)",21,0,"MCI",141,1,"SGW"
"Rushworth (BHA)",22,0,"BOU",141,1,"SGW"
"Rushworth (BHA)",23,0,"FUL",141,1,"SGW"
"Rusyn (SUN)",1,0,"WHU",564,1,"SGW"
"Rusyn (SUN)",2,0,"BUR",564,1,"SGW"
"Rusyn (SUN)",3,0,"BRE",564,1,"SGW"
"Rusyn (SUN)",4,0,"CRY",564,1,"SGW"
"Rusyn (SUN)",5,0,"AVL",564,1,"SGW"
"Rusyn (SUN)",6,0,"NFO",564,1,"SGW"
"Rusyn (SUN)",7,0,"MUN",564,1,"SGW"
"Rusyn (SUN)",8,0,"WOL",564,1,"SGW"
"Rusyn (SUN)",9,0,"CHE",564,1,"SGW"
"Rusyn (SUN)",10,0,"EVE",564,1,"SGW"
"Rusyn (SUN)",11,0,"ARS",564,1,"SGW"
"Rusyn (SUN)",12,0,"FUL",564,1,"SGW"
"Rusyn (SUN)",13,0,"BOU",564,1,"SGW"
"Rusyn (SUN)",14,0,"LIV",564,1,"SGW"
"Rusyn (SUN)",15,0,"MCI",564,1,"SGW"
"Rusyn (SUN)",16,0,"NEW",564,1,"SGW"
"Rusyn (SUN)",17,0,"BHA",564,1,"SGW"
"Rusyn (SUN)",18,0,"LEE",564,1,"SGW"
"Rusyn (SUN)",19,0,"MCI",564,1,"SGW"
"Rusyn (SUN)",20,0,"TOT",564,1,"SGW"
"Rusyn (SUN)",21,0,"BRE",564,1,"SGW"
"Rusyn (SUN)",22,0,"CRY",564,1,"SGW"
"Rusyn (SUN)",23,0,"WHU",564,1,"SGW"
"S.Bueno (WOL)",1,0,"MCI",636,1,"SGW"
"S.Bueno (WOL)",2,1,"BOU",636,1,"SGW"
"S.Bueno (WOL)",3,3,"EVE",636,1,"SGW"
"S.Bueno (WOL)",4,0,"NEW",636,1,"SGW"
"S.Bueno (WOL)",5,0,"LEE",636,1,"SGW"
"S.Bueno (WOL)",6,12,"TOT",636,1,"SGW"
"S.Bueno (WOL)",7,1,"BHA",636,1,"SGW"
"S.Bueno (WOL)",8,1,"SUN",636,1,"SGW"
"S.Bueno (WOL)",9,4,"BUR",636,1,"SGW"
"S.Bueno (WOL)",10,2,"FUL",636,1,"SGW"
"S.Bueno (WOL)",11,1,"CHE",636,1,"SGW"
"S.Bueno (WOL)",12,0,"CRY",636,1,"SGW"
"S.Bueno (WOL)",13,0,"AVL",636,1,"SGW"
"S.Bueno (WOL)",14,0,"NFO",636,1,"SGW"
"S.Bueno (WOL)",15,0,"MUN",636,1,"SGW"
"S.Bueno (WOL)",16,0,"ARS",636,1,"SGW"
"S.Bueno (WOL)",17,3,"BRE",636,1,"SGW"
"S.Bueno (WOL)",18,7,"LIV",636,1,"SGW"
"S.Bueno (WOL)",19,0,"MUN",636,1,"SGW"
"S.Bueno (WOL)",20,6,"WHU",636,1,"SGW"
"S.Bueno (WOL)",21,2,"EVE",636,1,"SGW"
"S.Bueno (WOL)",22,6,"NEW",636,1,"SGW"
"S.Bueno (WOL)",23,1,"MCI",636,1,"SGW"
"S.Magassa (WHU)",1,NA,NA,718,NA,"BGW"
"S.Magassa (WHU)",2,NA,NA,718,NA,"BGW"
"S.Magassa (WHU)",3,NA,NA,718,NA,"BGW"
"S.Magassa (WHU)",4,1,"TOT",718,1,"SGW"
"S.Magassa (WHU)",5,1,"CRY",718,1,"SGW"
"S.Magassa (WHU)",6,0,"EVE",718,1,"SGW"
"S.Magassa (WHU)",7,2,"ARS",718,1,"SGW"
"S.Magassa (WHU)",8,0,"BRE",718,1,"SGW"
"S.Magassa (WHU)",9,1,"LEE",718,1,"SGW"
"S.Magassa (WHU)",10,0,"NEW",718,1,"SGW"
"S.Magassa (WHU)",11,1,"BUR",718,1,"SGW"
"S.Magassa (WHU)",12,0,"BOU",718,1,"SGW"
"S.Magassa (WHU)",13,1,"LIV",718,1,"SGW"
"S.Magassa (WHU)",14,11,"MUN",718,1,"SGW"
"S.Magassa (WHU)",15,1,"BHA",718,1,"SGW"
"S.Magassa (WHU)",16,4,"AVL",718,1,"SGW"
"S.Magassa (WHU)",17,2,"MCI",718,1,"SGW"
"S.Magassa (WHU)",18,5,"FUL",718,1,"SGW"
"S.Magassa (WHU)",19,2,"BHA",718,1,"SGW"
"S.Magassa (WHU)",20,1,"WOL",718,1,"SGW"
"S.Magassa (WHU)",21,0,"NFO",718,1,"SGW"
"S.Magassa (WHU)",22,0,"TOT",718,1,"SGW"
"S.Magassa (WHU)",23,0,"SUN",718,1,"SGW"
"Sadi (BOU)",1,0,"LIV",94,1,"SGW"
"Sadi (BOU)",2,0,"WOL",94,1,"SGW"
"Sadi (BOU)",3,0,"TOT",94,1,"SGW"
"Sadi (BOU)",4,0,"BHA",94,1,"SGW"
"Sadi (BOU)",5,0,"NEW",94,1,"SGW"
"Sadi (BOU)",6,0,"LEE",94,1,"SGW"
"Sadi (BOU)",7,0,"FUL",94,1,"SGW"
"Sadi (BOU)",8,0,"CRY",94,1,"SGW"
"Sadi (BOU)",9,0,"NFO",94,1,"SGW"
"Sadi (BOU)",10,0,"MCI",94,1,"SGW"
"Sadi (BOU)",11,0,"AVL",94,1,"SGW"
"Sadi (BOU)",12,0,"WHU",94,1,"SGW"
"Sadi (BOU)",13,0,"SUN",94,1,"SGW"
"Sadi (BOU)",14,0,"EVE",94,1,"SGW"
"Sadi (BOU)",15,0,"CHE",94,1,"SGW"
"Sadi (BOU)",16,0,"MUN",94,1,"SGW"
"Sadi (BOU)",17,0,"BUR",94,1,"SGW"
"Sadi (BOU)",18,0,"BRE",94,1,"SGW"
"Sadi (BOU)",19,0,"CHE",94,1,"SGW"
"Sadi (BOU)",20,0,"ARS",94,1,"SGW"
"Sadi (BOU)",21,0,"TOT",94,1,"SGW"
"Sadi (BOU)",22,0,"BHA",94,1,"SGW"
"Sadi (BOU)",23,0,"LIV",94,1,"SGW"
"Sadiki (SUN)",1,3,"WHU",552,1,"SGW"
"Sadiki (SUN)",2,2,"BUR",552,1,"SGW"
"Sadiki (SUN)",3,2,"BRE",552,1,"SGW"
"Sadiki (SUN)",4,3,"CRY",552,1,"SGW"
"Sadiki (SUN)",5,1,"AVL",552,1,"SGW"
"Sadiki (SUN)",6,2,"NFO",552,1,"SGW"
"Sadiki (SUN)",7,1,"MUN",552,1,"SGW"
"Sadiki (SUN)",8,3,"WOL",552,1,"SGW"
"Sadiki (SUN)",9,2,"CHE",552,1,"SGW"
"Sadiki (SUN)",10,3,"EVE",552,1,"SGW"
"Sadiki (SUN)",11,4,"ARS",552,1,"SGW"
"Sadiki (SUN)",12,2,"FUL",552,1,"SGW"
"Sadiki (SUN)",13,2,"BOU",552,1,"SGW"
"Sadiki (SUN)",14,2,"LIV",552,1,"SGW"
"Sadiki (SUN)",15,2,"MCI",552,1,"SGW"
"Sadiki (SUN)",16,3,"NEW",552,1,"SGW"
"Sadiki (SUN)",17,0,"BHA",552,1,"SGW"
"Sadiki (SUN)",18,0,"LEE",552,1,"SGW"
"Sadiki (SUN)",19,0,"MCI",552,1,"SGW"
"Sadiki (SUN)",20,0,"TOT",552,1,"SGW"
"Sadiki (SUN)",21,0,"BRE",552,1,"SGW"
"Sadiki (SUN)",22,5,"CRY",552,1,"SGW"
"Sadiki (SUN)",23,3,"WHU",552,1,"SGW"
"Saka (ARS)",1,3,"MUN",16,1,"SGW"
"Saka (ARS)",2,6,"LEE",16,1,"SGW"
"Saka (ARS)",3,0,"LIV",16,1,"SGW"
"Saka (ARS)",4,0,"NFO",16,1,"SGW"
"Saka (ARS)",5,1,"MCI",16,1,"SGW"
"Saka (ARS)",6,2,"NEW",16,1,"SGW"
"Saka (ARS)",7,8,"WHU",16,1,"SGW"
"Saka (ARS)",8,7,"FUL",16,1,"SGW"
"Saka (ARS)",9,3,"CRY",16,1,"SGW"
"Saka (ARS)",10,3,"BUR",16,1,"SGW"
"Saka (ARS)",11,12,"SUN",16,1,"SGW"
"Saka (ARS)",12,4,"TOT",16,1,"SGW"
"Saka (ARS)",13,5,"CHE",16,1,"SGW"
"Saka (ARS)",14,6,"BRE",16,1,"SGW"
"Saka (ARS)",15,4,"AVL",16,1,"SGW"
"Saka (ARS)",16,11,"WOL",16,1,"SGW"
"Saka (ARS)",17,3,"EVE",16,1,"SGW"
"Saka (ARS)",18,7,"BHA",16,1,"SGW"
"Saka (ARS)",19,6,"AVL",16,1,"SGW"
"Saka (ARS)",20,4,"BOU",16,1,"SGW"
"Saka (ARS)",21,3,"LIV",16,1,"SGW"
"Saka (ARS)",22,1,"NFO",16,1,"SGW"
"Saka (ARS)",23,2,"MUN",16,1,"SGW"
"Saliba (ARS)",1,9,"MUN",6,1,"SGW"
"Saliba (ARS)",2,6,"LEE",6,1,"SGW"
"Saliba (ARS)",3,1,"LIV",6,1,"SGW"
"Saliba (ARS)",4,0,"NFO",6,1,"SGW"
"Saliba (ARS)",5,2,"MCI",6,1,"SGW"
"Saliba (ARS)",6,1,"NEW",6,1,"SGW"
"Saliba (ARS)",7,6,"WHU",6,1,"SGW"
"Saliba (ARS)",8,6,"FUL",6,1,"SGW"
"Saliba (ARS)",9,1,"CRY",6,1,"SGW"
"Saliba (ARS)",10,6,"BUR",6,1,"SGW"
"Saliba (ARS)",11,1,"SUN",6,1,"SGW"
"Saliba (ARS)",12,2,"TOT",6,1,"SGW"
"Saliba (ARS)",13,0,"CHE",6,1,"SGW"
"Saliba (ARS)",14,0,"BRE",6,1,"SGW"
"Saliba (ARS)",15,0,"AVL",6,1,"SGW"
"Saliba (ARS)",16,2,"WOL",6,1,"SGW"
"Saliba (ARS)",17,6,"EVE",6,1,"SGW"
"Saliba (ARS)",18,2,"BHA",6,1,"SGW"
"Saliba (ARS)",19,2,"AVL",6,1,"SGW"
"Saliba (ARS)",20,1,"BOU",6,1,"SGW"
"Saliba (ARS)",21,7,"LIV",6,1,"SGW"
"Saliba (ARS)",22,8,"NFO",6,1,"SGW"
"Saliba (ARS)",23,1,"MUN",6,1,"SGW"
"Salmon (ARS)",1,NA,NA,759,NA,"BGW"
"Salmon (ARS)",2,NA,NA,759,NA,"BGW"
"Salmon (ARS)",3,NA,NA,759,NA,"BGW"
"Salmon (ARS)",4,NA,NA,759,NA,"BGW"
"Salmon (ARS)",5,NA,NA,759,NA,"BGW"
"Salmon (ARS)",6,NA,NA,759,NA,"BGW"
"Salmon (ARS)",7,NA,NA,759,NA,"BGW"
"Salmon (ARS)",8,NA,NA,759,NA,"BGW"
"Salmon (ARS)",9,NA,NA,759,NA,"BGW"
"Salmon (ARS)",10,NA,NA,759,NA,"BGW"
"Salmon (ARS)",11,NA,NA,759,NA,"BGW"
"Salmon (ARS)",12,NA,NA,759,NA,"BGW"
"Salmon (ARS)",13,NA,NA,759,NA,"BGW"
"Salmon (ARS)",14,NA,NA,759,NA,"BGW"
"Salmon (ARS)",15,0,"AVL",759,1,"SGW"
"Salmon (ARS)",16,0,"WOL",759,1,"SGW"
"Salmon (ARS)",17,0,"EVE",759,1,"SGW"
"Salmon (ARS)",18,0,"BHA",759,1,"SGW"
"Salmon (ARS)",19,0,"AVL",759,1,"SGW"
"Salmon (ARS)",20,0,"BOU",759,1,"SGW"
"Salmon (ARS)",21,0,"LIV",759,1,"SGW"
"Salmon (ARS)",22,0,"NFO",759,1,"SGW"
"Salmon (ARS)",23,0,"MUN",759,1,"SGW"
"Sambi (ARS)",1,0,"MUN",29,1,"SGW"
"Sambi (ARS)",2,0,"LEE",29,1,"SGW"
"Sambi (ARS)",3,0,"LIV",29,1,"SGW"
"Sambi (ARS)",4,0,"NFO",29,1,"SGW"
"Sambi (ARS)",5,0,"MCI",29,1,"SGW"
"Sambi (ARS)",6,0,"NEW",29,1,"SGW"
"Sambi (ARS)",7,0,"WHU",29,1,"SGW"
"Sambi (ARS)",8,0,"FUL",29,1,"SGW"
"Sambi (ARS)",9,0,"CRY",29,1,"SGW"
"Sambi (ARS)",10,0,"BUR",29,1,"SGW"
"Sambi (ARS)",11,0,"SUN",29,1,"SGW"
"Sambi (ARS)",12,0,"TOT",29,1,"SGW"
"Sambi (ARS)",13,0,"CHE",29,1,"SGW"
"Sambi (ARS)",14,0,"BRE",29,1,"SGW"
"Sambi (ARS)",15,0,"AVL",29,1,"SGW"
"Sambi (ARS)",16,0,"WOL",29,1,"SGW"
"Sambi (ARS)",17,0,"EVE",29,1,"SGW"
"Sambi (ARS)",18,0,"BHA",29,1,"SGW"
"Sambi (ARS)",19,0,"AVL",29,1,"SGW"
"Sambi (ARS)",20,0,"BOU",29,1,"SGW"
"Sambi (ARS)",21,0,"LIV",29,1,"SGW"
"Sambi (ARS)",22,0,"NFO",29,1,"SGW"
"Sambi (ARS)",23,0,"MUN",29,1,"SGW"
"Sambo (BUR)",1,0,"TOT",196,1,"SGW"
"Sambo (BUR)",2,0,"SUN",196,1,"SGW"
"Sambo (BUR)",3,0,"MUN",196,1,"SGW"
"Sambo (BUR)",4,0,"LIV",196,1,"SGW"
"Sambo (BUR)",5,0,"NFO",196,1,"SGW"
"Sambo (BUR)",6,0,"MCI",196,1,"SGW"
"Sambo (BUR)",7,0,"AVL",196,1,"SGW"
"Sambo (BUR)",8,0,"LEE",196,1,"SGW"
"Sambo (BUR)",9,0,"WOL",196,1,"SGW"
"Sambo (BUR)",10,0,"ARS",196,1,"SGW"
"Sambo (BUR)",11,0,"WHU",196,1,"SGW"
"Sambo (BUR)",12,0,"CHE",196,1,"SGW"
"Sambo (BUR)",13,0,"BRE",196,1,"SGW"
"Sambo (BUR)",14,0,"CRY",196,1,"SGW"
"Sambo (BUR)",15,0,"NEW",196,1,"SGW"
"Sambo (BUR)",16,0,"FUL",196,1,"SGW"
"Sambo (BUR)",17,0,"BOU",196,1,"SGW"
"Sambo (BUR)",18,0,"EVE",196,1,"SGW"
"Sambo (BUR)",19,0,"NEW",196,1,"SGW"
"Sambo (BUR)",20,0,"BHA",196,1,"SGW"
"Sambo (BUR)",21,0,"MUN",196,1,"SGW"
"Sambo (BUR)",22,0,"LIV",196,1,"SGW"
"Sambo (BUR)",23,0,"TOT",196,1,"SGW"
"Sánchez (CHE)",1,8,"CRY",220,1,"SGW"
"Sánchez (CHE)",2,3,"WHU",220,1,"SGW"
"Sánchez (CHE)",3,6,"FUL",220,1,"SGW"
"Sánchez (CHE)",4,2,"BRE",220,1,"SGW"
"Sánchez (CHE)",5,-3,"MUN",220,1,"SGW"
"Sánchez (CHE)",6,1,"BHA",220,1,"SGW"
"Sánchez (CHE)",7,2,"LIV",220,1,"SGW"
"Sánchez (CHE)",8,5,"NFO",220,1,"SGW"
"Sánchez (CHE)",9,1,"SUN",220,1,"SGW"
"Sánchez (CHE)",10,6,"TOT",220,1,"SGW"
"Sánchez (CHE)",11,6,"WOL",220,1,"SGW"
"Sánchez (CHE)",12,6,"BUR",220,1,"SGW"
"Sánchez (CHE)",13,3,"ARS",220,1,"SGW"
"Sánchez (CHE)",14,1,"LEE",220,1,"SGW"
"Sánchez (CHE)",15,10,"BOU",220,1,"SGW"
"Sánchez (CHE)",16,6,"EVE",220,1,"SGW"
"Sánchez (CHE)",17,4,"NEW",220,1,"SGW"
"Sánchez (CHE)",18,3,"AVL",220,1,"SGW"
"Sánchez (CHE)",19,2,"BOU",220,1,"SGW"
"Sánchez (CHE)",20,0,"MCI",220,1,"SGW"
"Sánchez (CHE)",21,2,"FUL",220,1,"SGW"
"Sánchez (CHE)",22,11,"BRE",220,1,"SGW"
"Sánchez (CHE)",23,3,"CRY",220,1,"SGW"
"Sancho (AVL)",1,0,"ARS",456,1,"SGW"
"Sancho (AVL)",2,0,"FUL",456,1,"SGW"
"Sancho (AVL)",3,0,"BUR",456,1,"SGW"
"Sancho (AVL)",4,0,"EVE",456,1,"SGW"
"Sancho (AVL)",5,1,"SUN",456,1,"SGW"
"Sancho (AVL)",6,0,"FUL",456,1,"SGW"
"Sancho (AVL)",7,0,"BUR",456,1,"SGW"
"Sancho (AVL)",8,0,"TOT",456,1,"SGW"
"Sancho (AVL)",9,1,"MCI",456,1,"SGW"
"Sancho (AVL)",10,1,"LIV",456,1,"SGW"
"Sancho (AVL)",11,1,"BOU",456,1,"SGW"
"Sancho (AVL)",12,1,"LEE",456,1,"SGW"
"Sancho (AVL)",13,1,"WOL",456,1,"SGW"
"Sancho (AVL)",14,0,"BHA",456,1,"SGW"
"Sancho (AVL)",15,1,"ARS",456,1,"SGW"
"Sancho (AVL)",16,0,"WHU",456,1,"SGW"
"Sancho (AVL)",17,0,"MUN",456,1,"SGW"
"Sancho (AVL)",18,1,"CHE",456,1,"SGW"
"Sancho (AVL)",19,2,"ARS",456,1,"SGW"
"Sancho (AVL)",20,1,"NFO",456,1,"SGW"
"Sancho (AVL)",21,3,"CRY",456,1,"SGW"
"Sancho (AVL)",22,0,"EVE",456,1,"SGW"
"Sancho (AVL)",23,1,"NEW",456,1,"SGW"
"Sangaré (NFO)",1,2,"BRE",521,1,"SGW"
"Sangaré (NFO)",2,2,"CRY",521,1,"SGW"
"Sangaré (NFO)",3,4,"WHU",521,1,"SGW"
"Sangaré (NFO)",4,2,"ARS",521,1,"SGW"
"Sangaré (NFO)",5,1,"BUR",521,1,"SGW"
"Sangaré (NFO)",6,0,"SUN",521,1,"SGW"
"Sangaré (NFO)",7,0,"NEW",521,1,"SGW"
"Sangaré (NFO)",8,1,"CHE",521,1,"SGW"
"Sangaré (NFO)",9,0,"BOU",521,1,"SGW"
"Sangaré (NFO)",10,1,"MUN",521,1,"SGW"
"Sangaré (NFO)",11,5,"LEE",521,1,"SGW"
"Sangaré (NFO)",12,3,"LIV",521,1,"SGW"
"Sangaré (NFO)",13,4,"BHA",521,1,"SGW"
"Sangaré (NFO)",14,3,"WOL",521,1,"SGW"
"Sangaré (NFO)",15,1,"EVE",521,1,"SGW"
"Sangaré (NFO)",16,18,"TOT",521,1,"SGW"
"Sangaré (NFO)",17,0,"FUL",521,1,"SGW"
"Sangaré (NFO)",18,0,"MCI",521,1,"SGW"
"Sangaré (NFO)",19,0,"EVE",521,1,"SGW"
"Sangaré (NFO)",20,0,"AVL",521,1,"SGW"
"Sangaré (NFO)",21,0,"WHU",521,1,"SGW"
"Sangaré (NFO)",22,3,"ARS",521,1,"SGW"
"Sangaré (NFO)",23,5,"BRE",521,1,"SGW"
"Sarmiento (BHA)",1,0,"FUL",171,1,"SGW"
"Sarmiento (BHA)",2,0,"EVE",171,1,"SGW"
"Sarmiento (BHA)",3,0,"MCI",171,1,"SGW"
"Sarmiento (BHA)",4,0,"BOU",171,1,"SGW"
"Sarmiento (BHA)",5,0,"TOT",171,1,"SGW"
"Sarmiento (BHA)",6,0,"CHE",171,1,"SGW"
"Sarmiento (BHA)",7,0,"WOL",171,1,"SGW"
"Sarmiento (BHA)",8,0,"NEW",171,1,"SGW"
"Sarmiento (BHA)",9,0,"MUN",171,1,"SGW"
"Sarmiento (BHA)",10,0,"LEE",171,1,"SGW"
"Sarmiento (BHA)",11,0,"CRY",171,1,"SGW"
"Sarmiento (BHA)",12,0,"BRE",171,1,"SGW"
"Sarmiento (BHA)",13,0,"NFO",171,1,"SGW"
"Sarmiento (BHA)",14,0,"AVL",171,1,"SGW"
"Sarmiento (BHA)",15,0,"WHU",171,1,"SGW"
"Sarmiento (BHA)",16,0,"LIV",171,1,"SGW"
"Sarmiento (BHA)",17,0,"SUN",171,1,"SGW"
"Sarmiento (BHA)",18,0,"ARS",171,1,"SGW"
"Sarmiento (BHA)",19,0,"WHU",171,1,"SGW"
"Sarmiento (BHA)",20,0,"BUR",171,1,"SGW"
"Sarmiento (BHA)",21,0,"MCI",171,1,"SGW"
"Sarmiento (BHA)",22,0,"BOU",171,1,"SGW"
"Sarmiento (BHA)",23,0,"FUL",171,1,"SGW"
"Sarr (CRY)",1,3,"CHE",267,1,"SGW"
"Sarr (CRY)",2,8,"NFO",267,1,"SGW"
"Sarr (CRY)",3,7,"AVL",267,1,"SGW"
"Sarr (CRY)",4,0,"SUN",267,1,"SGW"
"Sarr (CRY)",5,0,"WHU",267,1,"SGW"
"Sarr (CRY)",6,11,"LIV",267,1,"SGW"
"Sarr (CRY)",7,7,"EVE",267,1,"SGW"
"Sarr (CRY)",8,2,"BOU",267,1,"SGW"
"Sarr (CRY)",9,2,"ARS",267,1,"SGW"
"Sarr (CRY)",10,3,"BRE",267,1,"SGW"
"Sarr (CRY)",11,3,"BHA",267,1,"SGW"
"Sarr (CRY)",12,3,"WOL",267,1,"SGW"
"Sarr (CRY)",13,1,"MUN",267,1,"SGW"
"Sarr (CRY)",14,0,"BUR",267,1,"SGW"
"Sarr (CRY)",15,0,"FUL",267,1,"SGW"
"Sarr (CRY)",16,2,"MCI",267,1,"SGW"
"Sarr (CRY)",17,0,"LEE",267,1,"SGW"
"Sarr (CRY)",18,0,"TOT",267,1,"SGW"
"Sarr (CRY)",19,0,"FUL",267,1,"SGW"
"Sarr (CRY)",20,0,"NEW",267,1,"SGW"
"Sarr (CRY)",21,0,"AVL",267,1,"SGW"
"Sarr (CRY)",22,0,"SUN",267,1,"SGW"
"Sarr (CRY)",23,2,"CHE",267,1,"SGW"
"Savinho (MCI)",1,0,"WOL",415,1,"SGW"
"Savinho (MCI)",2,0,"TOT",415,1,"SGW"
"Savinho (MCI)",3,0,"BHA",415,1,"SGW"
"Savinho (MCI)",4,1,"MUN",415,1,"SGW"
"Savinho (MCI)",5,1,"ARS",415,1,"SGW"
"Savinho (MCI)",6,2,"BUR",415,1,"SGW"
"Savinho (MCI)",7,3,"BRE",415,1,"SGW"
"Savinho (MCI)",8,6,"EVE",415,1,"SGW"
"Savinho (MCI)",9,1,"AVL",415,1,"SGW"
"Savinho (MCI)",10,1,"BOU",415,1,"SGW"
"Savinho (MCI)",11,1,"LIV",415,1,"SGW"
"Savinho (MCI)",12,1,"NEW",415,1,"SGW"
"Savinho (MCI)",13,0,"LEE",415,1,"SGW"
"Savinho (MCI)",14,1,"FUL",415,1,"SGW"
"Savinho (MCI)",15,1,"SUN",415,1,"SGW"
"Savinho (MCI)",16,4,"CRY",415,1,"SGW"
"Savinho (MCI)",17,1,"WHU",415,1,"SGW"
"Savinho (MCI)",18,1,"NFO",415,1,"SGW"
"Savinho (MCI)",19,1,"SUN",415,1,"SGW"
"Savinho (MCI)",20,0,"CHE",415,1,"SGW"
"Savinho (MCI)",21,0,"BHA",415,1,"SGW"
"Savinho (MCI)",22,0,"MUN",415,1,"SGW"
"Savinho (MCI)",23,0,"WOL",415,1,"SGW"
"Savona (NFO)",1,NA,NA,716,NA,"BGW"
"Savona (NFO)",2,NA,NA,716,NA,"BGW"
"Savona (NFO)",3,NA,NA,716,NA,"BGW"
"Savona (NFO)",4,0,"ARS",716,1,"SGW"
"Savona (NFO)",5,0,"BUR",716,1,"SGW"
"Savona (NFO)",6,0,"SUN",716,1,"SGW"
"Savona (NFO)",7,1,"NEW",716,1,"SGW"
"Savona (NFO)",8,1,"CHE",716,1,"SGW"
"Savona (NFO)",9,1,"BOU",716,1,"SGW"
"Savona (NFO)",10,7,"MUN",716,1,"SGW"
"Savona (NFO)",11,2,"LEE",716,1,"SGW"
"Savona (NFO)",12,12,"LIV",716,1,"SGW"
"Savona (NFO)",13,1,"BHA",716,1,"SGW"
"Savona (NFO)",14,6,"WOL",716,1,"SGW"
"Savona (NFO)",15,-1,"EVE",716,1,"SGW"
"Savona (NFO)",16,5,"TOT",716,1,"SGW"
"Savona (NFO)",17,2,"FUL",716,1,"SGW"
"Savona (NFO)",18,1,"MCI",716,1,"SGW"
"Savona (NFO)",19,0,"EVE",716,1,"SGW"
"Savona (NFO)",20,1,"AVL",716,1,"SGW"
"Savona (NFO)",21,0,"WHU",716,1,"SGW"
"Savona (NFO)",22,0,"ARS",716,1,"SGW"
"Savona (NFO)",23,0,"BRE",716,1,"SGW"
"Scarles (WHU)",1,0,"SUN",608,1,"SGW"
"Scarles (WHU)",2,0,"CHE",608,1,"SGW"
"Scarles (WHU)",3,0,"NFO",608,1,"SGW"
"Scarles (WHU)",4,0,"TOT",608,1,"SGW"
"Scarles (WHU)",5,0,"CRY",608,1,"SGW"
"Scarles (WHU)",6,0,"EVE",608,1,"SGW"
"Scarles (WHU)",7,0,"ARS",608,1,"SGW"
"Scarles (WHU)",8,1,"BRE",608,1,"SGW"
"Scarles (WHU)",9,0,"LEE",608,1,"SGW"
"Scarles (WHU)",10,0,"NEW",608,1,"SGW"
"Scarles (WHU)",11,0,"BUR",608,1,"SGW"
"Scarles (WHU)",12,0,"BOU",608,1,"SGW"
"Scarles (WHU)",13,0,"LIV",608,1,"SGW"
"Scarles (WHU)",14,0,"MUN",608,1,"SGW"
"Scarles (WHU)",15,0,"BHA",608,1,"SGW"
"Scarles (WHU)",16,0,"AVL",608,1,"SGW"
"Scarles (WHU)",17,1,"MCI",608,1,"SGW"
"Scarles (WHU)",18,2,"FUL",608,1,"SGW"
"Scarles (WHU)",19,3,"BHA",608,1,"SGW"
"Scarles (WHU)",20,1,"WOL",608,1,"SGW"
"Scarles (WHU)",21,4,"NFO",608,1,"SGW"
"Scarles (WHU)",22,2,"TOT",608,1,"SGW"
"Scarles (WHU)",23,5,"SUN",608,1,"SGW"
"Scarlett (TOT)",1,0,"BUR",599,1,"SGW"
"Scarlett (TOT)",2,0,"MCI",599,1,"SGW"
"Scarlett (TOT)",3,0,"BOU",599,1,"SGW"
"Scarlett (TOT)",4,0,"WHU",599,1,"SGW"
"Scarlett (TOT)",5,0,"BHA",599,1,"SGW"
"Scarlett (TOT)",6,0,"WOL",599,1,"SGW"
"Scarlett (TOT)",7,0,"LEE",599,1,"SGW"
"Scarlett (TOT)",8,0,"AVL",599,1,"SGW"
"Scarlett (TOT)",9,0,"EVE",599,1,"SGW"
"Scarlett (TOT)",10,0,"CHE",599,1,"SGW"
"Scarlett (TOT)",11,0,"MUN",599,1,"SGW"
"Scarlett (TOT)",12,0,"ARS",599,1,"SGW"
"Scarlett (TOT)",13,0,"FUL",599,1,"SGW"
"Scarlett (TOT)",14,0,"NEW",599,1,"SGW"
"Scarlett (TOT)",15,0,"BRE",599,1,"SGW"
"Scarlett (TOT)",16,0,"NFO",599,1,"SGW"
"Scarlett (TOT)",17,0,"LIV",599,1,"SGW"
"Scarlett (TOT)",18,0,"CRY",599,1,"SGW"
"Scarlett (TOT)",19,0,"BRE",599,1,"SGW"
"Scarlett (TOT)",20,1,"SUN",599,1,"SGW"
"Scarlett (TOT)",21,0,"BOU",599,1,"SGW"
"Scarlett (TOT)",22,0,"WHU",599,1,"SGW"
"Scarlett (TOT)",23,1,"BUR",599,1,"SGW"
"Schade (BRE)",1,1,"NFO",120,1,"SGW"
"Schade (BRE)",2,3,"AVL",120,1,"SGW"
"Schade (BRE)",3,0,"SUN",120,1,"SGW"
"Schade (BRE)",4,7,"CHE",120,1,"SGW"
"Schade (BRE)",5,2,"FUL",120,1,"SGW"
"Schade (BRE)",6,4,"MUN",120,1,"SGW"
"Schade (BRE)",7,1,"MCI",120,1,"SGW"
"Schade (BRE)",8,6,"WHU",120,1,"SGW"
"Schade (BRE)",9,7,"LIV",120,1,"SGW"
"Schade (BRE)",10,1,"CRY",120,1,"SGW"
"Schade (BRE)",11,8,"NEW",120,1,"SGW"
"Schade (BRE)",12,2,"BHA",120,1,"SGW"
"Schade (BRE)",13,3,"BUR",120,1,"SGW"
"Schade (BRE)",14,1,"ARS",120,1,"SGW"
"Schade (BRE)",15,1,"TOT",120,1,"SGW"
"Schade (BRE)",16,0,"LEE",120,1,"SGW"
"Schade (BRE)",17,3,"WOL",120,1,"SGW"
"Schade (BRE)",18,20,"BOU",120,1,"SGW"
"Schade (BRE)",19,3,"TOT",120,1,"SGW"
"Schade (BRE)",20,6,"EVE",120,1,"SGW"
"Schade (BRE)",21,6,"SUN",120,1,"SGW"
"Schade (BRE)",22,1,"CHE",120,1,"SGW"
"Schade (BRE)",23,2,"NFO",120,1,"SGW"
"Schär (NEW)",1,8,"AVL",474,1,"SGW"
"Schär (NEW)",2,1,"LIV",474,1,"SGW"
"Schär (NEW)",3,6,"LEE",474,1,"SGW"
"Schär (NEW)",4,8,"WOL",474,1,"SGW"
"Schär (NEW)",5,0,"BOU",474,1,"SGW"
"Schär (NEW)",6,0,"ARS",474,1,"SGW"
"Schär (NEW)",7,0,"NFO",474,1,"SGW"
"Schär (NEW)",8,0,"BHA",474,1,"SGW"
"Schär (NEW)",9,1,"FUL",474,1,"SGW"
"Schär (NEW)",10,1,"WHU",474,1,"SGW"
"Schär (NEW)",11,0,"BRE",474,1,"SGW"
"Schär (NEW)",12,4,"MCI",474,1,"SGW"
"Schär (NEW)",13,1,"EVE",474,1,"SGW"
"Schär (NEW)",14,1,"TOT",474,1,"SGW"
"Schär (NEW)",15,2,"BUR",474,1,"SGW"
"Schär (NEW)",16,1,"SUN",474,1,"SGW"
"Schär (NEW)",17,0,"CHE",474,1,"SGW"
"Schär (NEW)",18,2,"MUN",474,1,"SGW"
"Schär (NEW)",19,4,"BUR",474,1,"SGW"
"Schär (NEW)",20,8,"CRY",474,1,"SGW"
"Schär (NEW)",21,3,"LEE",474,1,"SGW"
"Schär (NEW)",22,0,"WOL",474,1,"SGW"
"Schär (NEW)",23,0,"AVL",474,1,"SGW"
"Scherpen (BHA)",1,0,"FUL",142,1,"SGW"
"Scherpen (BHA)",2,0,"EVE",142,1,"SGW"
"Scherpen (BHA)",3,0,"MCI",142,1,"SGW"
"Scherpen (BHA)",4,0,"BOU",142,1,"SGW"
"Scherpen (BHA)",5,0,"TOT",142,1,"SGW"
"Scherpen (BHA)",6,0,"CHE",142,1,"SGW"
"Scherpen (BHA)",7,0,"WOL",142,1,"SGW"
"Scherpen (BHA)",8,0,"NEW",142,1,"SGW"
"Scherpen (BHA)",9,0,"MUN",142,1,"SGW"
"Scherpen (BHA)",10,0,"LEE",142,1,"SGW"
"Scherpen (BHA)",11,0,"CRY",142,1,"SGW"
"Scherpen (BHA)",12,0,"BRE",142,1,"SGW"
"Scherpen (BHA)",13,0,"NFO",142,1,"SGW"
"Scherpen (BHA)",14,0,"AVL",142,1,"SGW"
"Scherpen (BHA)",15,0,"WHU",142,1,"SGW"
"Scherpen (BHA)",16,0,"LIV",142,1,"SGW"
"Scherpen (BHA)",17,0,"SUN",142,1,"SGW"
"Scherpen (BHA)",18,0,"ARS",142,1,"SGW"
"Scherpen (BHA)",19,0,"WHU",142,1,"SGW"
"Scherpen (BHA)",20,0,"BUR",142,1,"SGW"
"Scherpen (BHA)",21,0,"MCI",142,1,"SGW"
"Scherpen (BHA)",22,0,"BOU",142,1,"SGW"
"Scherpen (BHA)",23,0,"FUL",142,1,"SGW"
"Schmidt (LEE)",1,0,"EVE",349,1,"SGW"
"Schmidt (LEE)",2,0,"ARS",349,1,"SGW"
"Schmidt (LEE)",3,0,"NEW",349,1,"SGW"
"Schmidt (LEE)",4,0,"FUL",349,1,"SGW"
"Schmidt (LEE)",5,0,"WOL",349,1,"SGW"
"Schmidt (LEE)",6,0,"BOU",349,1,"SGW"
"Schmidt (LEE)",7,0,"TOT",349,1,"SGW"
"Schmidt (LEE)",8,0,"BUR",349,1,"SGW"
"Schmidt (LEE)",9,0,"WHU",349,1,"SGW"
"Schmidt (LEE)",10,0,"BHA",349,1,"SGW"
"Schmidt (LEE)",11,0,"NFO",349,1,"SGW"
"Schmidt (LEE)",12,0,"AVL",349,1,"SGW"
"Schmidt (LEE)",13,0,"MCI",349,1,"SGW"
"Schmidt (LEE)",14,0,"CHE",349,1,"SGW"
"Schmidt (LEE)",15,0,"LIV",349,1,"SGW"
"Schmidt (LEE)",16,0,"BRE",349,1,"SGW"
"Schmidt (LEE)",17,0,"CRY",349,1,"SGW"
"Schmidt (LEE)",18,0,"SUN",349,1,"SGW"
"Schmidt (LEE)",19,0,"LIV",349,1,"SGW"
"Schmidt (LEE)",20,0,"MUN",349,1,"SGW"
"Schmidt (LEE)",21,0,"NEW",349,1,"SGW"
"Schmidt (LEE)",22,0,"FUL",349,1,"SGW"
"Schmidt (LEE)",23,0,"EVE",349,1,"SGW"
"Scott (BOU)",1,2,"LIV",90,1,"SGW"
"Scott (BOU)",2,2,"WOL",90,1,"SGW"
"Scott (BOU)",3,3,"TOT",90,1,"SGW"
"Scott (BOU)",4,9,"BHA",90,1,"SGW"
"Scott (BOU)",5,3,"NEW",90,1,"SGW"
"Scott (BOU)",6,1,"LEE",90,1,"SGW"
"Scott (BOU)",7,4,"FUL",90,1,"SGW"
"Scott (BOU)",8,2,"CRY",90,1,"SGW"
"Scott (BOU)",9,3,"NFO",90,1,"SGW"
"Scott (BOU)",10,5,"MCI",90,1,"SGW"
"Scott (BOU)",11,2,"AVL",90,1,"SGW"
"Scott (BOU)",12,1,"WHU",90,1,"SGW"
"Scott (BOU)",13,0,"SUN",90,1,"SGW"
"Scott (BOU)",14,4,"EVE",90,1,"SGW"
"Scott (BOU)",15,5,"CHE",90,1,"SGW"
"Scott (BOU)",16,2,"MUN",90,1,"SGW"
"Scott (BOU)",17,1,"BUR",90,1,"SGW"
"Scott (BOU)",18,5,"BRE",90,1,"SGW"
"Scott (BOU)",19,2,"CHE",90,1,"SGW"
"Scott (BOU)",20,2,"ARS",90,1,"SGW"
"Scott (BOU)",21,4,"TOT",90,1,"SGW"
"Scott (BOU)",22,4,"BHA",90,1,"SGW"
"Scott (BOU)",23,5,"LIV",90,1,"SGW"
"Seelt (SUN)",1,1,"WHU",542,1,"SGW"
"Seelt (SUN)",2,1,"BUR",542,1,"SGW"
"Seelt (SUN)",3,0,"BRE",542,1,"SGW"
"Seelt (SUN)",4,0,"CRY",542,1,"SGW"
"Seelt (SUN)",5,0,"AVL",542,1,"SGW"
"Seelt (SUN)",6,0,"NFO",542,1,"SGW"
"Seelt (SUN)",7,0,"MUN",542,1,"SGW"
"Seelt (SUN)",8,0,"WOL",542,1,"SGW"
"Seelt (SUN)",9,0,"CHE",542,1,"SGW"
"Seelt (SUN)",10,0,"EVE",542,1,"SGW"
"Seelt (SUN)",11,0,"ARS",542,1,"SGW"
"Seelt (SUN)",12,0,"FUL",542,1,"SGW"
"Seelt (SUN)",13,0,"BOU",542,1,"SGW"
"Seelt (SUN)",14,0,"LIV",542,1,"SGW"
"Seelt (SUN)",15,0,"MCI",542,1,"SGW"
"Seelt (SUN)",16,0,"NEW",542,1,"SGW"
"Seelt (SUN)",17,0,"BHA",542,1,"SGW"
"Seelt (SUN)",18,0,"LEE",542,1,"SGW"
"Seelt (SUN)",19,0,"MCI",542,1,"SGW"
"Seelt (SUN)",20,0,"TOT",542,1,"SGW"
"Seelt (SUN)",21,0,"BRE",542,1,"SGW"
"Seelt (SUN)",22,0,"CRY",542,1,"SGW"
"Seelt (SUN)",23,0,"WHU",542,1,"SGW"
"Sels (NFO)",1,2,"BRE",502,1,"SGW"
"Sels (NFO)",2,2,"CRY",502,1,"SGW"
"Sels (NFO)",3,2,"WHU",502,1,"SGW"
"Sels (NFO)",4,1,"ARS",502,1,"SGW"
"Sels (NFO)",5,3,"BUR",502,1,"SGW"
"Sels (NFO)",6,2,"SUN",502,1,"SGW"
"Sels (NFO)",7,3,"NEW",502,1,"SGW"
"Sels (NFO)",8,2,"CHE",502,1,"SGW"
"Sels (NFO)",9,2,"BOU",502,1,"SGW"
"Sels (NFO)",10,2,"MUN",502,1,"SGW"
"Sels (NFO)",11,2,"LEE",502,1,"SGW"
"Sels (NFO)",12,7,"LIV",502,1,"SGW"
"Sels (NFO)",13,2,"BHA",502,1,"SGW"
"Sels (NFO)",14,6,"WOL",502,1,"SGW"
"Sels (NFO)",15,2,"EVE",502,1,"SGW"
"Sels (NFO)",16,0,"TOT",502,1,"SGW"
"Sels (NFO)",17,0,"FUL",502,1,"SGW"
"Sels (NFO)",18,0,"MCI",502,1,"SGW"
"Sels (NFO)",19,0,"EVE",502,1,"SGW"
"Sels (NFO)",20,1,"AVL",502,1,"SGW"
"Sels (NFO)",21,3,"WHU",502,1,"SGW"
"Sels (NFO)",22,10,"ARS",502,1,"SGW"
"Sels (NFO)",23,6,"BRE",502,1,"SGW"
"Semenyo (MCI)",1,15,"LIV",82,1,"SGW"
"Semenyo (MCI)",2,6,"WOL",82,1,"SGW"
"Semenyo (MCI)",3,2,"TOT",82,1,"SGW"
"Semenyo (MCI)",4,13,"BHA",82,1,"SGW"
"Semenyo (MCI)",5,5,"NEW",82,1,"SGW"
"Semenyo (MCI)",6,7,"LEE",82,1,"SGW"
"Semenyo (MCI)",7,18,"FUL",82,1,"SGW"
"Semenyo (MCI)",8,4,"CRY",82,1,"SGW"
"Semenyo (MCI)",9,3,"NFO",82,1,"SGW"
"Semenyo (MCI)",10,2,"MCI",82,1,"SGW"
"Semenyo (MCI)",11,0,"AVL",82,1,"SGW"
"Semenyo (MCI)",12,0,"WHU",82,1,"SGW"
"Semenyo (MCI)",13,1,"SUN",82,1,"SGW"
"Semenyo (MCI)",14,4,"EVE",82,1,"SGW"
"Semenyo (MCI)",15,3,"CHE",82,1,"SGW"
"Semenyo (MCI)",16,6,"MUN",82,1,"SGW"
"Semenyo (MCI)",17,10,"BUR",82,1,"SGW"
"Semenyo (MCI)",18,9,"BRE",82,1,"SGW"
"Semenyo (MCI)",19,5,"CHE",82,1,"SGW"
"Semenyo (MCI)",20,1,"ARS",82,1,"SGW"
"Semenyo (MCI)",21,6,"TOT",82,1,"SGW"
"Semenyo (MCI)",22,2,"MUN",82,1,"SGW"
"Semenyo (MCI)",23,8,"WOL",82,1,"SGW"
"Senesi (BOU)",1,2,"LIV",72,1,"SGW"
"Senesi (BOU)",2,9,"WOL",72,1,"SGW"
"Senesi (BOU)",3,14,"TOT",72,1,"SGW"
"Senesi (BOU)",4,3,"BHA",72,1,"SGW"
"Senesi (BOU)",5,9,"NEW",72,1,"SGW"
"Senesi (BOU)",6,7,"LEE",72,1,"SGW"
"Senesi (BOU)",7,2,"FUL",72,1,"SGW"
"Senesi (BOU)",8,2,"CRY",72,1,"SGW"
"Senesi (BOU)",9,5,"NFO",72,1,"SGW"
"Senesi (BOU)",10,3,"MCI",72,1,"SGW"
"Senesi (BOU)",11,2,"AVL",72,1,"SGW"
"Senesi (BOU)",12,3,"WHU",72,1,"SGW"
"Senesi (BOU)",13,2,"SUN",72,1,"SGW"
"Senesi (BOU)",14,0,"EVE",72,1,"SGW"
"Senesi (BOU)",15,8,"CHE",72,1,"SGW"
"Senesi (BOU)",16,1,"MUN",72,1,"SGW"
"Senesi (BOU)",17,4,"BUR",72,1,"SGW"
"Senesi (BOU)",18,2,"BRE",72,1,"SGW"
"Senesi (BOU)",19,3,"CHE",72,1,"SGW"
"Senesi (BOU)",20,1,"ARS",72,1,"SGW"
"Senesi (BOU)",21,6,"TOT",72,1,"SGW"
"Senesi (BOU)",22,3,"BHA",72,1,"SGW"
"Senesi (BOU)",23,3,"LIV",72,1,"SGW"
"Šeško (MUN)",1,1,"ARS",681,1,"SGW"
"Šeško (MUN)",2,1,"FUL",681,1,"SGW"
"Šeško (MUN)",3,1,"BUR",681,1,"SGW"
"Šeško (MUN)",4,2,"MCI",681,1,"SGW"
"Šeško (MUN)",5,1,"CHE",681,1,"SGW"
"Šeško (MUN)",6,8,"BRE",681,1,"SGW"
"Šeško (MUN)",7,9,"SUN",681,1,"SGW"
"Šeško (MUN)",8,1,"LIV",681,1,"SGW"
"Šeško (MUN)",9,4,"BHA",681,1,"SGW"
"Šeško (MUN)",10,2,"NFO",681,1,"SGW"
"Šeško (MUN)",11,1,"TOT",681,1,"SGW"
"Šeško (MUN)",12,0,"EVE",681,1,"SGW"
"Šeško (MUN)",13,0,"CRY",681,1,"SGW"
"Šeško (MUN)",14,0,"WHU",681,1,"SGW"
"Šeško (MUN)",15,0,"WOL",681,1,"SGW"
"Šeško (MUN)",16,4,"BOU",681,1,"SGW"
"Šeško (MUN)",17,2,"AVL",681,1,"SGW"
"Šeško (MUN)",18,1,"NEW",681,1,"SGW"
"Šeško (MUN)",19,2,"WOL",681,1,"SGW"
"Šeško (MUN)",20,2,"LEE",681,1,"SGW"
"Šeško (MUN)",21,13,"BUR",681,1,"SGW"
"Šeško (MUN)",22,0,"MCI",681,1,"SGW"
"Šeško (MUN)",23,1,"ARS",681,1,"SGW"
"Sessegnon (FUL)",1,0,"BHA",328,1,"SGW"
"Sessegnon (FUL)",2,2,"MUN",328,1,"SGW"
"Sessegnon (FUL)",3,2,"CHE",328,1,"SGW"
"Sessegnon (FUL)",4,3,"LEE",328,1,"SGW"
"Sessegnon (FUL)",5,5,"BRE",328,1,"SGW"
"Sessegnon (FUL)",6,2,"AVL",328,1,"SGW"
"Sessegnon (FUL)",7,9,"BOU",328,1,"SGW"
"Sessegnon (FUL)",8,2,"ARS",328,1,"SGW"
"Sessegnon (FUL)",9,4,"NEW",328,1,"SGW"
"Sessegnon (FUL)",10,14,"WOL",328,1,"SGW"
"Sessegnon (FUL)",11,4,"EVE",328,1,"SGW"
"Sessegnon (FUL)",12,3,"SUN",328,1,"SGW"
"Sessegnon (FUL)",13,4,"TOT",328,1,"SGW"
"Sessegnon (FUL)",14,2,"MCI",328,1,"SGW"
"Sessegnon (FUL)",15,0,"CRY",328,1,"SGW"
"Sessegnon (FUL)",16,0,"BUR",328,1,"SGW"
"Sessegnon (FUL)",17,0,"NFO",328,1,"SGW"
"Sessegnon (FUL)",18,0,"WHU",328,1,"SGW"
"Sessegnon (FUL)",19,0,"CRY",328,1,"SGW"
"Sessegnon (FUL)",20,0,"LIV",328,1,"SGW"
"Sessegnon (FUL)",21,1,"CHE",328,1,"SGW"
"Sessegnon (FUL)",22,3,"LEE",328,1,"SGW"
"Sessegnon (FUL)",23,1,"BHA",328,1,"SGW"
"Setford (ARS)",1,0,"MUN",4,1,"SGW"
"Setford (ARS)",2,0,"LEE",4,1,"SGW"
"Setford (ARS)",3,0,"LIV",4,1,"SGW"
"Setford (ARS)",4,0,"NFO",4,1,"SGW"
"Setford (ARS)",5,0,"MCI",4,1,"SGW"
"Setford (ARS)",6,0,"NEW",4,1,"SGW"
"Setford (ARS)",7,0,"WHU",4,1,"SGW"
"Setford (ARS)",8,0,"FUL",4,1,"SGW"
"Setford (ARS)",9,0,"CRY",4,1,"SGW"
"Setford (ARS)",10,0,"BUR",4,1,"SGW"
"Setford (ARS)",11,0,"SUN",4,1,"SGW"
"Setford (ARS)",12,0,"TOT",4,1,"SGW"
"Setford (ARS)",13,0,"CHE",4,1,"SGW"
"Setford (ARS)",14,0,"BRE",4,1,"SGW"
"Setford (ARS)",15,0,"AVL",4,1,"SGW"
"Setford (ARS)",16,0,"WOL",4,1,"SGW"
"Setford (ARS)",17,0,"EVE",4,1,"SGW"
"Setford (ARS)",18,0,"BHA",4,1,"SGW"
"Setford (ARS)",19,0,"AVL",4,1,"SGW"
"Setford (ARS)",20,0,"BOU",4,1,"SGW"
"Setford (ARS)",21,0,"LIV",4,1,"SGW"
"Setford (ARS)",22,0,"NFO",4,1,"SGW"
"Setford (ARS)",23,0,"MUN",4,1,"SGW"
"Seung soo (NEW)",1,0,"AVL",689,1,"SGW"
"Seung soo (NEW)",2,0,"LIV",689,1,"SGW"
"Seung soo (NEW)",3,0,"LEE",689,1,"SGW"
"Seung soo (NEW)",4,0,"WOL",689,1,"SGW"
"Seung soo (NEW)",5,0,"BOU",689,1,"SGW"
"Seung soo (NEW)",6,0,"ARS",689,1,"SGW"
"Seung soo (NEW)",7,0,"NFO",689,1,"SGW"
"Seung soo (NEW)",8,0,"BHA",689,1,"SGW"
"Seung soo (NEW)",9,0,"FUL",689,1,"SGW"
"Seung soo (NEW)",10,0,"WHU",689,1,"SGW"
"Seung soo (NEW)",11,0,"BRE",689,1,"SGW"
"Seung soo (NEW)",12,0,"MCI",689,1,"SGW"
"Seung soo (NEW)",13,0,"EVE",689,1,"SGW"
"Seung soo (NEW)",14,0,"TOT",689,1,"SGW"
"Seung soo (NEW)",15,0,"BUR",689,1,"SGW"
"Seung soo (NEW)",16,0,"SUN",689,1,"SGW"
"Seung soo (NEW)",17,0,"CHE",689,1,"SGW"
"Seung soo (NEW)",18,0,"MUN",689,1,"SGW"
"Seung soo (NEW)",19,0,"BUR",689,1,"SGW"
"Seung soo (NEW)",20,0,"CRY",689,1,"SGW"
"Seung soo (NEW)",21,0,"LEE",689,1,"SGW"
"Seung soo (NEW)",22,0,"WOL",689,1,"SGW"
"Seung soo (NEW)",23,0,"AVL",689,1,"SGW"
"Shahar (NEW)",1,NA,NA,765,NA,"BGW"
"Shahar (NEW)",2,NA,NA,765,NA,"BGW"
"Shahar (NEW)",3,NA,NA,765,NA,"BGW"
"Shahar (NEW)",4,NA,NA,765,NA,"BGW"
"Shahar (NEW)",5,NA,NA,765,NA,"BGW"
"Shahar (NEW)",6,NA,NA,765,NA,"BGW"
"Shahar (NEW)",7,NA,NA,765,NA,"BGW"
"Shahar (NEW)",8,NA,NA,765,NA,"BGW"
"Shahar (NEW)",9,NA,NA,765,NA,"BGW"
"Shahar (NEW)",10,NA,NA,765,NA,"BGW"
"Shahar (NEW)",11,NA,NA,765,NA,"BGW"
"Shahar (NEW)",12,NA,NA,765,NA,"BGW"
"Shahar (NEW)",13,NA,NA,765,NA,"BGW"
"Shahar (NEW)",14,NA,NA,765,NA,"BGW"
"Shahar (NEW)",15,NA,NA,765,NA,"BGW"
"Shahar (NEW)",16,NA,NA,765,NA,"BGW"
"Shahar (NEW)",17,0,"CHE",765,1,"SGW"
"Shahar (NEW)",18,0,"MUN",765,1,"SGW"
"Shahar (NEW)",19,0,"BUR",765,1,"SGW"
"Shahar (NEW)",20,0,"CRY",765,1,"SGW"
"Shahar (NEW)",21,0,"LEE",765,1,"SGW"
"Shahar (NEW)",22,0,"WOL",765,1,"SGW"
"Shahar (NEW)",23,0,"AVL",765,1,"SGW"
"Sharman-Lowe (CHE)",1,NA,NA,803,NA,"BGW"
"Sharman-Lowe (CHE)",2,NA,NA,803,NA,"BGW"
"Sharman-Lowe (CHE)",3,NA,NA,803,NA,"BGW"
"Sharman-Lowe (CHE)",4,NA,NA,803,NA,"BGW"
"Sharman-Lowe (CHE)",5,NA,NA,803,NA,"BGW"
"Sharman-Lowe (CHE)",6,NA,NA,803,NA,"BGW"
"Sharman-Lowe (CHE)",7,NA,NA,803,NA,"BGW"
"Sharman-Lowe (CHE)",8,NA,NA,803,NA,"BGW"
"Sharman-Lowe (CHE)",9,NA,NA,803,NA,"BGW"
"Sharman-Lowe (CHE)",10,NA,NA,803,NA,"BGW"
"Sharman-Lowe (CHE)",11,NA,NA,803,NA,"BGW"
"Sharman-Lowe (CHE)",12,NA,NA,803,NA,"BGW"
"Sharman-Lowe (CHE)",13,NA,NA,803,NA,"BGW"
"Sharman-Lowe (CHE)",14,NA,NA,803,NA,"BGW"
"Sharman-Lowe (CHE)",15,NA,NA,803,NA,"BGW"
"Sharman-Lowe (CHE)",16,NA,NA,803,NA,"BGW"
"Sharman-Lowe (CHE)",17,NA,NA,803,NA,"BGW"
"Sharman-Lowe (CHE)",18,NA,NA,803,NA,"BGW"
"Sharman-Lowe (CHE)",19,NA,NA,803,NA,"BGW"
"Sharman-Lowe (CHE)",20,NA,NA,803,NA,"BGW"
"Sharman-Lowe (CHE)",21,NA,NA,803,NA,"BGW"
"Sharman-Lowe (CHE)",22,NA,NA,803,NA,"BGW"
"Sharman-Lowe (CHE)",23,0,"CRY",803,1,"SGW"
"Shaw (MUN)",1,2,"ARS",443,1,"SGW"
"Shaw (MUN)",2,2,"FUL",443,1,"SGW"
"Shaw (MUN)",3,1,"BUR",443,1,"SGW"
"Shaw (MUN)",4,1,"MCI",443,1,"SGW"
"Shaw (MUN)",5,2,"CHE",443,1,"SGW"
"Shaw (MUN)",6,1,"BRE",443,1,"SGW"
"Shaw (MUN)",7,6,"SUN",443,1,"SGW"
"Shaw (MUN)",8,2,"LIV",443,1,"SGW"
"Shaw (MUN)",9,9,"BHA",443,1,"SGW"
"Shaw (MUN)",10,1,"NFO",443,1,"SGW"
"Shaw (MUN)",11,1,"TOT",443,1,"SGW"
"Shaw (MUN)",12,2,"EVE",443,1,"SGW"
"Shaw (MUN)",13,1,"CRY",443,1,"SGW"
"Shaw (MUN)",14,1,"WHU",443,1,"SGW"
"Shaw (MUN)",15,2,"WOL",443,1,"SGW"
"Shaw (MUN)",16,0,"BOU",443,1,"SGW"
"Shaw (MUN)",17,3,"AVL",443,1,"SGW"
"Shaw (MUN)",18,5,"NEW",443,1,"SGW"
"Shaw (MUN)",19,2,"WOL",443,1,"SGW"
"Shaw (MUN)",20,2,"LEE",443,1,"SGW"
"Shaw (MUN)",21,1,"BUR",443,1,"SGW"
"Shaw (MUN)",22,5,"MCI",443,1,"SGW"
"Shaw (MUN)",23,1,"ARS",443,1,"SGW"
"Sherif (EVE)",1,0,"LEE",313,1,"SGW"
"Sherif (EVE)",2,0,"BHA",313,1,"SGW"
"Sherif (EVE)",3,0,"WOL",313,1,"SGW"
"Sherif (EVE)",4,0,"AVL",313,1,"SGW"
"Sherif (EVE)",5,0,"LIV",313,1,"SGW"
"Sherif (EVE)",6,0,"WHU",313,1,"SGW"
"Sherif (EVE)",7,0,"CRY",313,1,"SGW"
"Sherif (EVE)",8,0,"MCI",313,1,"SGW"
"Sherif (EVE)",9,0,"TOT",313,1,"SGW"
"Sherif (EVE)",10,0,"SUN",313,1,"SGW"
"Sherif (EVE)",11,0,"FUL",313,1,"SGW"
"Sherif (EVE)",12,0,"MUN",313,1,"SGW"
"Sherif (EVE)",13,0,"NEW",313,1,"SGW"
"Sherif (EVE)",14,0,"BOU",313,1,"SGW"
"Sherif (EVE)",15,0,"NFO",313,1,"SGW"
"Sherif (EVE)",16,0,"CHE",313,1,"SGW"
"Sherif (EVE)",17,0,"ARS",313,1,"SGW"
"Sherif (EVE)",18,0,"BUR",313,1,"SGW"
"Sherif (EVE)",19,0,"NFO",313,1,"SGW"
"Sherif (EVE)",20,0,"BRE",313,1,"SGW"
"Sherif (EVE)",21,0,"WOL",313,1,"SGW"
"Sherif (EVE)",22,0,"AVL",313,1,"SGW"
"Sherif (EVE)",23,0,"LEE",313,1,"SGW"
"Silcott-Duberry (BOU)",1,0,"LIV",95,1,"SGW"
"Silcott-Duberry (BOU)",2,0,"WOL",95,1,"SGW"
"Silcott-Duberry (BOU)",3,0,"TOT",95,1,"SGW"
"Silcott-Duberry (BOU)",4,0,"BHA",95,1,"SGW"
"Silcott-Duberry (BOU)",5,0,"NEW",95,1,"SGW"
"Silcott-Duberry (BOU)",6,0,"LEE",95,1,"SGW"
"Silcott-Duberry (BOU)",7,0,"FUL",95,1,"SGW"
"Silcott-Duberry (BOU)",8,0,"CRY",95,1,"SGW"
"Silcott-Duberry (BOU)",9,0,"NFO",95,1,"SGW"
"Silcott-Duberry (BOU)",10,0,"MCI",95,1,"SGW"
"Silcott-Duberry (BOU)",11,0,"AVL",95,1,"SGW"
"Silcott-Duberry (BOU)",12,0,"WHU",95,1,"SGW"
"Silcott-Duberry (BOU)",13,0,"SUN",95,1,"SGW"
"Silcott-Duberry (BOU)",14,0,"EVE",95,1,"SGW"
"Silcott-Duberry (BOU)",15,0,"CHE",95,1,"SGW"
"Silcott-Duberry (BOU)",16,0,"MUN",95,1,"SGW"
"Silcott-Duberry (BOU)",17,0,"BUR",95,1,"SGW"
"Silcott-Duberry (BOU)",18,0,"BRE",95,1,"SGW"
"Silcott-Duberry (BOU)",19,0,"CHE",95,1,"SGW"
"Silcott-Duberry (BOU)",20,0,"ARS",95,1,"SGW"
"Silcott-Duberry (BOU)",21,0,"TOT",95,1,"SGW"
"Silcott-Duberry (BOU)",22,0,"BHA",95,1,"SGW"
"Silcott-Duberry (BOU)",23,0,"LIV",95,1,"SGW"
"Sima (BHA)",1,0,"FUL",165,1,"SGW"
"Sima (BHA)",2,0,"EVE",165,1,"SGW"
"Sima (BHA)",3,0,"MCI",165,1,"SGW"
"Sima (BHA)",4,0,"BOU",165,1,"SGW"
"Sima (BHA)",5,0,"TOT",165,1,"SGW"
"Sima (BHA)",6,0,"CHE",165,1,"SGW"
"Sima (BHA)",7,0,"WOL",165,1,"SGW"
"Sima (BHA)",8,0,"NEW",165,1,"SGW"
"Sima (BHA)",9,0,"MUN",165,1,"SGW"
"Sima (BHA)",10,0,"LEE",165,1,"SGW"
"Sima (BHA)",11,0,"CRY",165,1,"SGW"
"Sima (BHA)",12,0,"BRE",165,1,"SGW"
"Sima (BHA)",13,0,"NFO",165,1,"SGW"
"Sima (BHA)",14,0,"AVL",165,1,"SGW"
"Sima (BHA)",15,0,"WHU",165,1,"SGW"
"Sima (BHA)",16,0,"LIV",165,1,"SGW"
"Sima (BHA)",17,0,"SUN",165,1,"SGW"
"Sima (BHA)",18,0,"ARS",165,1,"SGW"
"Sima (BHA)",19,0,"WHU",165,1,"SGW"
"Sima (BHA)",20,0,"BUR",165,1,"SGW"
"Sima (BHA)",21,0,"MCI",165,1,"SGW"
"Sima (BHA)",22,0,"BOU",165,1,"SGW"
"Sima (BHA)",23,0,"FUL",165,1,"SGW"
"Simmonds (BHA)",1,NA,NA,761,NA,"BGW"
"Simmonds (BHA)",2,NA,NA,761,NA,"BGW"
"Simmonds (BHA)",3,NA,NA,761,NA,"BGW"
"Simmonds (BHA)",4,NA,NA,761,NA,"BGW"
"Simmonds (BHA)",5,NA,NA,761,NA,"BGW"
"Simmonds (BHA)",6,NA,NA,761,NA,"BGW"
"Simmonds (BHA)",7,NA,NA,761,NA,"BGW"
"Simmonds (BHA)",8,NA,NA,761,NA,"BGW"
"Simmonds (BHA)",9,NA,NA,761,NA,"BGW"
"Simmonds (BHA)",10,NA,NA,761,NA,"BGW"
"Simmonds (BHA)",11,NA,NA,761,NA,"BGW"
"Simmonds (BHA)",12,NA,NA,761,NA,"BGW"
"Simmonds (BHA)",13,NA,NA,761,NA,"BGW"
"Simmonds (BHA)",14,NA,NA,761,NA,"BGW"
"Simmonds (BHA)",15,NA,NA,761,NA,"BGW"
"Simmonds (BHA)",16,NA,NA,761,NA,"BGW"
"Simmonds (BHA)",17,0,"SUN",761,1,"SGW"
"Simmonds (BHA)",18,0,"ARS",761,1,"SGW"
"Simmonds (BHA)",19,0,"WHU",761,1,"SGW"
"Simmonds (BHA)",20,0,"BUR",761,1,"SGW"
"Simmonds (BHA)",21,0,"MCI",761,1,"SGW"
"Simmonds (BHA)",22,0,"BOU",761,1,"SGW"
"Simmonds (BHA)",23,0,"FUL",761,1,"SGW"
"Sinisterra (BOU)",1,0,"LIV",91,1,"SGW"
"Sinisterra (BOU)",2,0,"WOL",91,1,"SGW"
"Sinisterra (BOU)",3,0,"TOT",91,1,"SGW"
"Sinisterra (BOU)",4,0,"BHA",91,1,"SGW"
"Sinisterra (BOU)",5,0,"NEW",91,1,"SGW"
"Sinisterra (BOU)",6,0,"LEE",91,1,"SGW"
"Sinisterra (BOU)",7,0,"FUL",91,1,"SGW"
"Sinisterra (BOU)",8,0,"CRY",91,1,"SGW"
"Sinisterra (BOU)",9,0,"NFO",91,1,"SGW"
"Sinisterra (BOU)",10,0,"MCI",91,1,"SGW"
"Sinisterra (BOU)",11,0,"AVL",91,1,"SGW"
"Sinisterra (BOU)",12,0,"WHU",91,1,"SGW"
"Sinisterra (BOU)",13,0,"SUN",91,1,"SGW"
"Sinisterra (BOU)",14,0,"EVE",91,1,"SGW"
"Sinisterra (BOU)",15,0,"CHE",91,1,"SGW"
"Sinisterra (BOU)",16,0,"MUN",91,1,"SGW"
"Sinisterra (BOU)",17,0,"BUR",91,1,"SGW"
"Sinisterra (BOU)",18,0,"BRE",91,1,"SGW"
"Sinisterra (BOU)",19,0,"CHE",91,1,"SGW"
"Sinisterra (BOU)",20,0,"ARS",91,1,"SGW"
"Sinisterra (BOU)",21,0,"TOT",91,1,"SGW"
"Sinisterra (BOU)",22,0,"BHA",91,1,"SGW"
"Sinisterra (BOU)",23,0,"LIV",91,1,"SGW"
"Slater (BHA)",1,0,"FUL",155,1,"SGW"
"Slater (BHA)",2,0,"EVE",155,1,"SGW"
"Slater (BHA)",3,0,"MCI",155,1,"SGW"
"Slater (BHA)",4,0,"BOU",155,1,"SGW"
"Slater (BHA)",5,0,"TOT",155,1,"SGW"
"Slater (BHA)",6,0,"CHE",155,1,"SGW"
"Slater (BHA)",7,0,"WOL",155,1,"SGW"
"Slater (BHA)",8,0,"NEW",155,1,"SGW"
"Slater (BHA)",9,0,"MUN",155,1,"SGW"
"Slater (BHA)",10,0,"LEE",155,1,"SGW"
"Slater (BHA)",11,0,"CRY",155,1,"SGW"
"Slater (BHA)",12,0,"BRE",155,1,"SGW"
"Slater (BHA)",13,0,"NFO",155,1,"SGW"
"Slater (BHA)",14,0,"AVL",155,1,"SGW"
"Slater (BHA)",15,0,"WHU",155,1,"SGW"
"Slater (BHA)",16,0,"LIV",155,1,"SGW"
"Slater (BHA)",17,0,"SUN",155,1,"SGW"
"Slater (BHA)",18,0,"ARS",155,1,"SGW"
"Slater (BHA)",19,0,"WHU",155,1,"SGW"
"Slater (BHA)",20,0,"BUR",155,1,"SGW"
"Slater (BHA)",21,0,"MCI",155,1,"SGW"
"Slater (BHA)",22,0,"BOU",155,1,"SGW"
"Slater (BHA)",23,0,"FUL",155,1,"SGW"
"Slonina (CHE)",1,0,"CRY",223,1,"SGW"
"Slonina (CHE)",2,0,"WHU",223,1,"SGW"
"Slonina (CHE)",3,0,"FUL",223,1,"SGW"
"Slonina (CHE)",4,0,"BRE",223,1,"SGW"
"Slonina (CHE)",5,0,"MUN",223,1,"SGW"
"Slonina (CHE)",6,0,"BHA",223,1,"SGW"
"Slonina (CHE)",7,0,"LIV",223,1,"SGW"
"Slonina (CHE)",8,0,"NFO",223,1,"SGW"
"Slonina (CHE)",9,0,"SUN",223,1,"SGW"
"Slonina (CHE)",10,0,"TOT",223,1,"SGW"
"Slonina (CHE)",11,0,"WOL",223,1,"SGW"
"Slonina (CHE)",12,0,"BUR",223,1,"SGW"
"Slonina (CHE)",13,0,"ARS",223,1,"SGW"
"Slonina (CHE)",14,0,"LEE",223,1,"SGW"
"Slonina (CHE)",15,0,"BOU",223,1,"SGW"
"Slonina (CHE)",16,0,"EVE",223,1,"SGW"
"Slonina (CHE)",17,0,"NEW",223,1,"SGW"
"Slonina (CHE)",18,0,"AVL",223,1,"SGW"
"Slonina (CHE)",19,0,"BOU",223,1,"SGW"
"Slonina (CHE)",20,0,"MCI",223,1,"SGW"
"Slonina (CHE)",21,0,"FUL",223,1,"SGW"
"Slonina (CHE)",22,0,"BRE",223,1,"SGW"
"Slonina (CHE)",23,0,"CRY",223,1,"SGW"
"Smith (BOU)",1,1,"LIV",73,1,"SGW"
"Smith (BOU)",2,6,"WOL",73,1,"SGW"
"Smith (BOU)",3,1,"TOT",73,1,"SGW"
"Smith (BOU)",4,0,"BHA",73,1,"SGW"
"Smith (BOU)",5,0,"NEW",73,1,"SGW"
"Smith (BOU)",6,0,"LEE",73,1,"SGW"
"Smith (BOU)",7,0,"FUL",73,1,"SGW"
"Smith (BOU)",8,0,"CRY",73,1,"SGW"
"Smith (BOU)",9,0,"NFO",73,1,"SGW"
"Smith (BOU)",10,0,"MCI",73,1,"SGW"
"Smith (BOU)",11,1,"AVL",73,1,"SGW"
"Smith (BOU)",12,1,"WHU",73,1,"SGW"
"Smith (BOU)",13,1,"SUN",73,1,"SGW"
"Smith (BOU)",14,0,"EVE",73,1,"SGW"
"Smith (BOU)",15,6,"CHE",73,1,"SGW"
"Smith (BOU)",16,2,"MUN",73,1,"SGW"
"Smith (BOU)",17,0,"BUR",73,1,"SGW"
"Smith (BOU)",18,0,"BRE",73,1,"SGW"
"Smith (BOU)",19,1,"CHE",73,1,"SGW"
"Smith (BOU)",20,0,"ARS",73,1,"SGW"
"Smith (BOU)",21,0,"TOT",73,1,"SGW"
"Smith (BOU)",22,0,"BHA",73,1,"SGW"
"Smith (BOU)",23,1,"LIV",73,1,"SGW"
"Smith Rowe (FUL)",1,1,"BHA",325,1,"SGW"
"Smith Rowe (FUL)",2,6,"MUN",325,1,"SGW"
"Smith Rowe (FUL)",3,1,"CHE",325,1,"SGW"
"Smith Rowe (FUL)",4,1,"LEE",325,1,"SGW"
"Smith Rowe (FUL)",5,1,"BRE",325,1,"SGW"
"Smith Rowe (FUL)",6,1,"AVL",325,1,"SGW"
"Smith Rowe (FUL)",7,1,"BOU",325,1,"SGW"
"Smith Rowe (FUL)",8,1,"ARS",325,1,"SGW"
"Smith Rowe (FUL)",9,1,"NEW",325,1,"SGW"
"Smith Rowe (FUL)",10,1,"WOL",325,1,"SGW"
"Smith Rowe (FUL)",11,1,"EVE",325,1,"SGW"
"Smith Rowe (FUL)",12,1,"SUN",325,1,"SGW"
"Smith Rowe (FUL)",13,1,"TOT",325,1,"SGW"
"Smith Rowe (FUL)",14,7,"MCI",325,1,"SGW"
"Smith Rowe (FUL)",15,2,"CRY",325,1,"SGW"
"Smith Rowe (FUL)",16,8,"BUR",325,1,"SGW"
"Smith Rowe (FUL)",17,3,"NFO",325,1,"SGW"
"Smith Rowe (FUL)",18,3,"WHU",325,1,"SGW"
"Smith Rowe (FUL)",19,1,"CRY",325,1,"SGW"
"Smith Rowe (FUL)",20,2,"LIV",325,1,"SGW"
"Smith Rowe (FUL)",21,5,"CHE",325,1,"SGW"
"Smith Rowe (FUL)",22,3,"LEE",325,1,"SGW"
"Smith Rowe (FUL)",23,2,"BHA",325,1,"SGW"
"Solanke (TOT)",1,1,"BUR",596,1,"SGW"
"Solanke (TOT)",2,1,"MCI",596,1,"SGW"
"Solanke (TOT)",3,0,"BOU",596,1,"SGW"
"Solanke (TOT)",4,0,"WHU",596,1,"SGW"
"Solanke (TOT)",5,0,"BHA",596,1,"SGW"
"Solanke (TOT)",6,0,"WOL",596,1,"SGW"
"Solanke (TOT)",7,0,"LEE",596,1,"SGW"
"Solanke (TOT)",8,0,"AVL",596,1,"SGW"
"Solanke (TOT)",9,0,"EVE",596,1,"SGW"
"Solanke (TOT)",10,0,"CHE",596,1,"SGW"
"Solanke (TOT)",11,0,"MUN",596,1,"SGW"
"Solanke (TOT)",12,0,"ARS",596,1,"SGW"
"Solanke (TOT)",13,0,"FUL",596,1,"SGW"
"Solanke (TOT)",14,0,"NEW",596,1,"SGW"
"Solanke (TOT)",15,0,"BRE",596,1,"SGW"
"Solanke (TOT)",16,0,"NFO",596,1,"SGW"
"Solanke (TOT)",17,0,"LIV",596,1,"SGW"
"Solanke (TOT)",18,0,"CRY",596,1,"SGW"
"Solanke (TOT)",19,0,"BRE",596,1,"SGW"
"Solanke (TOT)",20,0,"SUN",596,1,"SGW"
"Solanke (TOT)",21,0,"BOU",596,1,"SGW"
"Solanke (TOT)",22,1,"WHU",596,1,"SGW"
"Solanke (TOT)",23,2,"BUR",596,1,"SGW"
"Soler (BOU)",1,0,"LIV",80,1,"SGW"
"Soler (BOU)",2,0,"WOL",80,1,"SGW"
"Soler (BOU)",3,0,"TOT",80,1,"SGW"
"Soler (BOU)",4,1,"BHA",80,1,"SGW"
"Soler (BOU)",5,0,"NEW",80,1,"SGW"
"Soler (BOU)",6,0,"LEE",80,1,"SGW"
"Soler (BOU)",7,0,"FUL",80,1,"SGW"
"Soler (BOU)",8,0,"CRY",80,1,"SGW"
"Soler (BOU)",9,0,"NFO",80,1,"SGW"
"Soler (BOU)",10,0,"MCI",80,1,"SGW"
"Soler (BOU)",11,0,"AVL",80,1,"SGW"
"Soler (BOU)",12,0,"WHU",80,1,"SGW"
"Soler (BOU)",13,0,"SUN",80,1,"SGW"
"Soler (BOU)",14,1,"EVE",80,1,"SGW"
"Soler (BOU)",15,0,"CHE",80,1,"SGW"
"Soler (BOU)",16,0,"MUN",80,1,"SGW"
"Soler (BOU)",17,0,"BUR",80,1,"SGW"
"Soler (BOU)",18,1,"BRE",80,1,"SGW"
"Soler (BOU)",19,0,"CHE",80,1,"SGW"
"Soler (BOU)",20,0,"ARS",80,1,"SGW"
"Soler (BOU)",21,0,"TOT",80,1,"SGW"
"Soler (BOU)",22,0,"BHA",80,1,"SGW"
"Soler (BOU)",23,0,"LIV",80,1,"SGW"
"Solomon (TOT)",1,0,"BUR",589,1,"SGW"
"Solomon (TOT)",2,0,"MCI",589,1,"SGW"
"Solomon (TOT)",3,0,"BOU",589,1,"SGW"
"Solomon (TOT)",4,0,"WHU",589,1,"SGW"
"Solomon (TOT)",5,0,"BHA",589,1,"SGW"
"Solomon (TOT)",6,0,"WOL",589,1,"SGW"
"Solomon (TOT)",7,0,"LEE",589,1,"SGW"
"Solomon (TOT)",8,0,"AVL",589,1,"SGW"
"Solomon (TOT)",9,0,"EVE",589,1,"SGW"
"Solomon (TOT)",10,0,"CHE",589,1,"SGW"
"Solomon (TOT)",11,0,"MUN",589,1,"SGW"
"Solomon (TOT)",12,0,"ARS",589,1,"SGW"
"Solomon (TOT)",13,0,"FUL",589,1,"SGW"
"Solomon (TOT)",14,0,"NEW",589,1,"SGW"
"Solomon (TOT)",15,0,"BRE",589,1,"SGW"
"Solomon (TOT)",16,0,"NFO",589,1,"SGW"
"Solomon (TOT)",17,0,"LIV",589,1,"SGW"
"Solomon (TOT)",18,0,"CRY",589,1,"SGW"
"Solomon (TOT)",19,0,"BRE",589,1,"SGW"
"Solomon (TOT)",20,0,"SUN",589,1,"SGW"
"Solomon (TOT)",21,0,"BOU",589,1,"SGW"
"Solomon (TOT)",22,0,"WHU",589,1,"SGW"
"Solomon (TOT)",23,0,"BUR",589,1,"SGW"
"Son (TOT)",1,0,"BUR",579,1,"SGW"
"Son (TOT)",2,0,"MCI",579,1,"SGW"
"Son (TOT)",3,0,"BOU",579,1,"SGW"
"Son (TOT)",4,0,"WHU",579,1,"SGW"
"Son (TOT)",5,0,"BHA",579,1,"SGW"
"Son (TOT)",6,0,"WOL",579,1,"SGW"
"Son (TOT)",7,0,"LEE",579,1,"SGW"
"Son (TOT)",8,0,"AVL",579,1,"SGW"
"Son (TOT)",9,0,"EVE",579,1,"SGW"
"Son (TOT)",10,0,"CHE",579,1,"SGW"
"Son (TOT)",11,0,"MUN",579,1,"SGW"
"Son (TOT)",12,0,"ARS",579,1,"SGW"
"Son (TOT)",13,0,"FUL",579,1,"SGW"
"Son (TOT)",14,0,"NEW",579,1,"SGW"
"Son (TOT)",15,0,"BRE",579,1,"SGW"
"Son (TOT)",16,0,"NFO",579,1,"SGW"
"Son (TOT)",17,0,"LIV",579,1,"SGW"
"Son (TOT)",18,0,"CRY",579,1,"SGW"
"Son (TOT)",19,0,"BRE",579,1,"SGW"
"Son (TOT)",20,0,"SUN",579,1,"SGW"
"Son (TOT)",21,0,"BOU",579,1,"SGW"
"Son (TOT)",22,0,"WHU",579,1,"SGW"
"Son (TOT)",23,0,"BUR",579,1,"SGW"
"Sonne (BUR)",1,1,"TOT",197,1,"SGW"
"Sonne (BUR)",2,1,"SUN",197,1,"SGW"
"Sonne (BUR)",3,1,"MUN",197,1,"SGW"
"Sonne (BUR)",4,0,"LIV",197,1,"SGW"
"Sonne (BUR)",5,0,"NFO",197,1,"SGW"
"Sonne (BUR)",6,0,"MCI",197,1,"SGW"
"Sonne (BUR)",7,0,"AVL",197,1,"SGW"
"Sonne (BUR)",8,0,"LEE",197,1,"SGW"
"Sonne (BUR)",9,0,"WOL",197,1,"SGW"
"Sonne (BUR)",10,0,"ARS",197,1,"SGW"
"Sonne (BUR)",11,0,"WHU",197,1,"SGW"
"Sonne (BUR)",12,0,"CHE",197,1,"SGW"
"Sonne (BUR)",13,0,"BRE",197,1,"SGW"
"Sonne (BUR)",14,0,"CRY",197,1,"SGW"
"Sonne (BUR)",15,0,"NEW",197,1,"SGW"
"Sonne (BUR)",16,7,"FUL",197,1,"SGW"
"Sonne (BUR)",17,1,"BOU",197,1,"SGW"
"Sonne (BUR)",18,0,"EVE",197,1,"SGW"
"Sonne (BUR)",19,0,"NEW",197,1,"SGW"
"Sonne (BUR)",20,1,"BHA",197,1,"SGW"
"Sonne (BUR)",21,1,"MUN",197,1,"SGW"
"Sonne (BUR)",22,0,"LIV",197,1,"SGW"
"Sonne (BUR)",23,0,"TOT",197,1,"SGW"
"Sosa (CRY)",1,0,"CHE",259,1,"SGW"
"Sosa (CRY)",2,0,"NFO",259,1,"SGW"
"Sosa (CRY)",3,0,"AVL",259,1,"SGW"
"Sosa (CRY)",4,0,"SUN",259,1,"SGW"
"Sosa (CRY)",5,0,"WHU",259,1,"SGW"
"Sosa (CRY)",6,0,"LIV",259,1,"SGW"
"Sosa (CRY)",7,0,"EVE",259,1,"SGW"
"Sosa (CRY)",8,0,"BOU",259,1,"SGW"
"Sosa (CRY)",9,1,"ARS",259,1,"SGW"
"Sosa (CRY)",10,0,"BRE",259,1,"SGW"
"Sosa (CRY)",11,0,"BHA",259,1,"SGW"
"Sosa (CRY)",12,0,"WOL",259,1,"SGW"
"Sosa (CRY)",13,0,"MUN",259,1,"SGW"
"Sosa (CRY)",14,0,"BUR",259,1,"SGW"
"Sosa (CRY)",15,0,"FUL",259,1,"SGW"
"Sosa (CRY)",16,0,"MCI",259,1,"SGW"
"Sosa (CRY)",17,1,"LEE",259,1,"SGW"
"Sosa (CRY)",18,0,"TOT",259,1,"SGW"
"Sosa (CRY)",19,1,"FUL",259,1,"SGW"
"Sosa (CRY)",20,0,"NEW",259,1,"SGW"
"Sosa (CRY)",21,1,"AVL",259,1,"SGW"
"Sosa (CRY)",22,0,"SUN",259,1,"SGW"
"Sosa (CRY)",23,1,"CHE",259,1,"SGW"
"Souček (WHU)",1,1,"SUN",613,1,"SGW"
"Souček (WHU)",2,2,"CHE",613,1,"SGW"
"Souček (WHU)",3,3,"NFO",613,1,"SGW"
"Souček (WHU)",4,-2,"TOT",613,1,"SGW"
"Souček (WHU)",5,0,"CRY",613,1,"SGW"
"Souček (WHU)",6,0,"EVE",613,1,"SGW"
"Souček (WHU)",7,0,"ARS",613,1,"SGW"
"Souček (WHU)",8,2,"BRE",613,1,"SGW"
"Souček (WHU)",9,2,"LEE",613,1,"SGW"
"Souček (WHU)",10,6,"NEW",613,1,"SGW"
"Souček (WHU)",11,12,"BUR",613,1,"SGW"
"Souček (WHU)",12,1,"BOU",613,1,"SGW"
"Souček (WHU)",13,1,"LIV",613,1,"SGW"
"Souček (WHU)",14,2,"MUN",613,1,"SGW"
"Souček (WHU)",15,1,"BHA",613,1,"SGW"
"Souček (WHU)",16,1,"AVL",613,1,"SGW"
"Souček (WHU)",17,1,"MCI",613,1,"SGW"
"Souček (WHU)",18,1,"FUL",613,1,"SGW"
"Souček (WHU)",19,1,"BHA",613,1,"SGW"
"Souček (WHU)",20,1,"WOL",613,1,"SGW"
"Souček (WHU)",21,6,"NFO",613,1,"SGW"
"Souček (WHU)",22,3,"TOT",613,1,"SGW"
"Souček (WHU)",23,2,"SUN",613,1,"SGW"
"Sousa (AVL)",1,0,"NEW",45,1,"SGW"
"Sousa (AVL)",2,0,"BRE",45,1,"SGW"
"Sousa (AVL)",3,0,"CRY",45,1,"SGW"
"Sousa (AVL)",4,0,"EVE",45,1,"SGW"
"Sousa (AVL)",5,0,"SUN",45,1,"SGW"
"Sousa (AVL)",6,0,"FUL",45,1,"SGW"
"Sousa (AVL)",7,0,"BUR",45,1,"SGW"
"Sousa (AVL)",8,0,"TOT",45,1,"SGW"
"Sousa (AVL)",9,0,"MCI",45,1,"SGW"
"Sousa (AVL)",10,0,"LIV",45,1,"SGW"
"Sousa (AVL)",11,0,"BOU",45,1,"SGW"
"Sousa (AVL)",12,0,"LEE",45,1,"SGW"
"Sousa (AVL)",13,0,"WOL",45,1,"SGW"
"Sousa (AVL)",14,0,"BHA",45,1,"SGW"
"Sousa (AVL)",15,0,"ARS",45,1,"SGW"
"Sousa (AVL)",16,0,"WHU",45,1,"SGW"
"Sousa (AVL)",17,0,"MUN",45,1,"SGW"
"Sousa (AVL)",18,0,"CHE",45,1,"SGW"
"Sousa (AVL)",19,0,"ARS",45,1,"SGW"
"Sousa (AVL)",20,0,"NFO",45,1,"SGW"
"Sousa (AVL)",21,0,"CRY",45,1,"SGW"
"Sousa (AVL)",22,0,"EVE",45,1,"SGW"
"Sousa (AVL)",23,0,"NEW",45,1,"SGW"
"Spence (TOT)",1,6,"BUR",573,1,"SGW"
"Spence (TOT)",2,6,"MCI",573,1,"SGW"
"Spence (TOT)",3,1,"BOU",573,1,"SGW"
"Spence (TOT)",4,5,"WHU",573,1,"SGW"
"Spence (TOT)",5,1,"BHA",573,1,"SGW"
"Spence (TOT)",6,2,"WOL",573,1,"SGW"
"Spence (TOT)",7,0,"LEE",573,1,"SGW"
"Spence (TOT)",8,1,"AVL",573,1,"SGW"
"Spence (TOT)",9,6,"EVE",573,1,"SGW"
"Spence (TOT)",10,2,"CHE",573,1,"SGW"
"Spence (TOT)",11,1,"MUN",573,1,"SGW"
"Spence (TOT)",12,0,"ARS",573,1,"SGW"
"Spence (TOT)",13,0,"FUL",573,1,"SGW"
"Spence (TOT)",14,0,"NEW",573,1,"SGW"
"Spence (TOT)",15,6,"BRE",573,1,"SGW"
"Spence (TOT)",16,0,"NFO",573,1,"SGW"
"Spence (TOT)",17,1,"LIV",573,1,"SGW"
"Spence (TOT)",18,7,"CRY",573,1,"SGW"
"Spence (TOT)",19,6,"BRE",573,1,"SGW"
"Spence (TOT)",20,1,"SUN",573,1,"SGW"
"Spence (TOT)",21,1,"BOU",573,1,"SGW"
"Spence (TOT)",22,1,"WHU",573,1,"SGW"
"Spence (TOT)",23,1,"BUR",573,1,"SGW"
"Stach (LEE)",1,8,"EVE",660,1,"SGW"
"Stach (LEE)",2,2,"ARS",660,1,"SGW"
"Stach (LEE)",3,3,"NEW",660,1,"SGW"
"Stach (LEE)",4,1,"FUL",660,1,"SGW"
"Stach (LEE)",5,15,"WOL",660,1,"SGW"
"Stach (LEE)",6,2,"BOU",660,1,"SGW"
"Stach (LEE)",7,2,"TOT",660,1,"SGW"
"Stach (LEE)",8,2,"BUR",660,1,"SGW"
"Stach (LEE)",9,0,"WHU",660,1,"SGW"
"Stach (LEE)",10,1,"BHA",660,1,"SGW"
"Stach (LEE)",11,4,"NFO",660,1,"SGW"
"Stach (LEE)",12,4,"AVL",660,1,"SGW"
"Stach (LEE)",13,0,"MCI",660,1,"SGW"
"Stach (LEE)",14,6,"CHE",660,1,"SGW"
"Stach (LEE)",15,12,"LIV",660,1,"SGW"
"Stach (LEE)",16,2,"BRE",660,1,"SGW"
"Stach (LEE)",17,8,"CRY",660,1,"SGW"
"Stach (LEE)",18,4,"SUN",660,1,"SGW"
"Stach (LEE)",19,5,"LIV",660,1,"SGW"
"Stach (LEE)",20,4,"MUN",660,1,"SGW"
"Stach (LEE)",21,2,"NEW",660,1,"SGW"
"Stach (LEE)",22,0,"FUL",660,1,"SGW"
"Stach (LEE)",23,8,"EVE",660,1,"SGW"
"Stamenic (NFO)",1,0,"BRE",524,1,"SGW"
"Stamenic (NFO)",2,0,"CRY",524,1,"SGW"
"Stamenic (NFO)",3,0,"WHU",524,1,"SGW"
"Stamenic (NFO)",4,0,"ARS",524,1,"SGW"
"Stamenic (NFO)",5,0,"BUR",524,1,"SGW"
"Stamenic (NFO)",6,0,"SUN",524,1,"SGW"
"Stamenic (NFO)",7,0,"NEW",524,1,"SGW"
"Stamenic (NFO)",8,0,"CHE",524,1,"SGW"
"Stamenic (NFO)",9,0,"BOU",524,1,"SGW"
"Stamenic (NFO)",10,0,"MUN",524,1,"SGW"
"Stamenic (NFO)",11,0,"LEE",524,1,"SGW"
"Stamenic (NFO)",12,0,"LIV",524,1,"SGW"
"Stamenic (NFO)",13,0,"BHA",524,1,"SGW"
"Stamenic (NFO)",14,0,"WOL",524,1,"SGW"
"Stamenic (NFO)",15,0,"EVE",524,1,"SGW"
"Stamenic (NFO)",16,0,"TOT",524,1,"SGW"
"Stamenic (NFO)",17,0,"FUL",524,1,"SGW"
"Stamenic (NFO)",18,0,"MCI",524,1,"SGW"
"Stamenic (NFO)",19,0,"EVE",524,1,"SGW"
"Stamenic (NFO)",20,0,"AVL",524,1,"SGW"
"Stamenic (NFO)",21,0,"WHU",524,1,"SGW"
"Stamenic (NFO)",22,0,"ARS",524,1,"SGW"
"Stamenic (NFO)",23,0,"BRE",524,1,"SGW"
"Steele (BHA)",1,0,"FUL",138,1,"SGW"
"Steele (BHA)",2,0,"EVE",138,1,"SGW"
"Steele (BHA)",3,0,"MCI",138,1,"SGW"
"Steele (BHA)",4,0,"BOU",138,1,"SGW"
"Steele (BHA)",5,0,"TOT",138,1,"SGW"
"Steele (BHA)",6,0,"CHE",138,1,"SGW"
"Steele (BHA)",7,0,"WOL",138,1,"SGW"
"Steele (BHA)",8,0,"NEW",138,1,"SGW"
"Steele (BHA)",9,0,"MUN",138,1,"SGW"
"Steele (BHA)",10,0,"LEE",138,1,"SGW"
"Steele (BHA)",11,0,"CRY",138,1,"SGW"
"Steele (BHA)",12,0,"BRE",138,1,"SGW"
"Steele (BHA)",13,0,"NFO",138,1,"SGW"
"Steele (BHA)",14,0,"AVL",138,1,"SGW"
"Steele (BHA)",15,0,"WHU",138,1,"SGW"
"Steele (BHA)",16,0,"LIV",138,1,"SGW"
"Steele (BHA)",17,0,"SUN",138,1,"SGW"
"Steele (BHA)",18,0,"ARS",138,1,"SGW"
"Steele (BHA)",19,0,"WHU",138,1,"SGW"
"Steele (BHA)",20,0,"BUR",138,1,"SGW"
"Steele (BHA)",21,0,"MCI",138,1,"SGW"
"Steele (BHA)",22,0,"BOU",138,1,"SGW"
"Steele (BHA)",23,0,"FUL",138,1,"SGW"
"Stevens (BOU)",1,NA,NA,799,NA,"BGW"
"Stevens (BOU)",2,NA,NA,799,NA,"BGW"
"Stevens (BOU)",3,NA,NA,799,NA,"BGW"
"Stevens (BOU)",4,NA,NA,799,NA,"BGW"
"Stevens (BOU)",5,NA,NA,799,NA,"BGW"
"Stevens (BOU)",6,NA,NA,799,NA,"BGW"
"Stevens (BOU)",7,NA,NA,799,NA,"BGW"
"Stevens (BOU)",8,NA,NA,799,NA,"BGW"
"Stevens (BOU)",9,NA,NA,799,NA,"BGW"
"Stevens (BOU)",10,NA,NA,799,NA,"BGW"
"Stevens (BOU)",11,NA,NA,799,NA,"BGW"
"Stevens (BOU)",12,NA,NA,799,NA,"BGW"
"Stevens (BOU)",13,NA,NA,799,NA,"BGW"
"Stevens (BOU)",14,NA,NA,799,NA,"BGW"
"Stevens (BOU)",15,NA,NA,799,NA,"BGW"
"Stevens (BOU)",16,NA,NA,799,NA,"BGW"
"Stevens (BOU)",17,NA,NA,799,NA,"BGW"
"Stevens (BOU)",18,NA,NA,799,NA,"BGW"
"Stevens (BOU)",19,NA,NA,799,NA,"BGW"
"Stevens (BOU)",20,NA,NA,799,NA,"BGW"
"Stevens (BOU)",21,NA,NA,799,NA,"BGW"
"Stevens (BOU)",22,0,"BHA",799,1,"SGW"
"Stevens (BOU)",23,0,"LIV",799,1,"SGW"
"Stones (MCI)",1,6,"WOL",409,1,"SGW"
"Stones (MCI)",2,1,"TOT",409,1,"SGW"
"Stones (MCI)",3,1,"BHA",409,1,"SGW"
"Stones (MCI)",4,0,"MUN",409,1,"SGW"
"Stones (MCI)",5,1,"ARS",409,1,"SGW"
"Stones (MCI)",6,0,"BUR",409,1,"SGW"
"Stones (MCI)",7,0,"BRE",409,1,"SGW"
"Stones (MCI)",8,0,"EVE",409,1,"SGW"
"Stones (MCI)",9,2,"AVL",409,1,"SGW"
"Stones (MCI)",10,0,"BOU",409,1,"SGW"
"Stones (MCI)",11,0,"LIV",409,1,"SGW"
"Stones (MCI)",12,0,"NEW",409,1,"SGW"
"Stones (MCI)",13,1,"LEE",409,1,"SGW"
"Stones (MCI)",14,0,"FUL",409,1,"SGW"
"Stones (MCI)",15,0,"SUN",409,1,"SGW"
"Stones (MCI)",16,0,"CRY",409,1,"SGW"
"Stones (MCI)",17,0,"WHU",409,1,"SGW"
"Stones (MCI)",18,0,"NFO",409,1,"SGW"
"Stones (MCI)",19,0,"SUN",409,1,"SGW"
"Stones (MCI)",20,0,"CHE",409,1,"SGW"
"Stones (MCI)",21,0,"BHA",409,1,"SGW"
"Stones (MCI)",22,0,"MUN",409,1,"SGW"
"Stones (MCI)",23,0,"WOL",409,1,"SGW"
"Strand Larsen (WOL)",1,2,"MCI",654,1,"SGW"
"Strand Larsen (WOL)",2,2,"BOU",654,1,"SGW"
"Strand Larsen (WOL)",3,0,"EVE",654,1,"SGW"
"Strand Larsen (WOL)",4,0,"NEW",654,1,"SGW"
"Strand Larsen (WOL)",5,1,"LEE",654,1,"SGW"
"Strand Larsen (WOL)",6,2,"TOT",654,1,"SGW"
"Strand Larsen (WOL)",7,2,"BHA",654,1,"SGW"
"Strand Larsen (WOL)",8,2,"SUN",654,1,"SGW"
"Strand Larsen (WOL)",9,6,"BUR",654,1,"SGW"
"Strand Larsen (WOL)",10,2,"FUL",654,1,"SGW"
"Strand Larsen (WOL)",11,2,"CHE",654,1,"SGW"
"Strand Larsen (WOL)",12,2,"CRY",654,1,"SGW"
"Strand Larsen (WOL)",13,2,"AVL",654,1,"SGW"
"Strand Larsen (WOL)",14,2,"NFO",654,1,"SGW"
"Strand Larsen (WOL)",15,1,"MUN",654,1,"SGW"
"Strand Larsen (WOL)",16,2,"ARS",654,1,"SGW"
"Strand Larsen (WOL)",17,0,"BRE",654,1,"SGW"
"Strand Larsen (WOL)",18,1,"LIV",654,1,"SGW"
"Strand Larsen (WOL)",19,0,"MUN",654,1,"SGW"
"Strand Larsen (WOL)",20,1,"WHU",654,1,"SGW"
"Strand Larsen (WOL)",21,4,"EVE",654,1,"SGW"
"Strand Larsen (WOL)",22,1,"NEW",654,1,"SGW"
"Strand Larsen (WOL)",23,1,"MCI",654,1,"SGW"
"Struijk (LEE)",1,8,"EVE",343,1,"SGW"
"Struijk (LEE)",2,0,"ARS",343,1,"SGW"
"Struijk (LEE)",3,6,"NEW",343,1,"SGW"
"Struijk (LEE)",4,2,"FUL",343,1,"SGW"
"Struijk (LEE)",5,4,"WOL",343,1,"SGW"
"Struijk (LEE)",6,3,"BOU",343,1,"SGW"
"Struijk (LEE)",7,1,"TOT",343,1,"SGW"
"Struijk (LEE)",8,0,"BUR",343,1,"SGW"
"Struijk (LEE)",9,0,"WHU",343,1,"SGW"
"Struijk (LEE)",10,0,"BHA",343,1,"SGW"
"Struijk (LEE)",11,1,"NFO",343,1,"SGW"
"Struijk (LEE)",12,0,"AVL",343,1,"SGW"
"Struijk (LEE)",13,3,"MCI",343,1,"SGW"
"Struijk (LEE)",14,2,"CHE",343,1,"SGW"
"Struijk (LEE)",15,0,"LIV",343,1,"SGW"
"Struijk (LEE)",16,4,"BRE",343,1,"SGW"
"Struijk (LEE)",17,4,"CRY",343,1,"SGW"
"Struijk (LEE)",18,2,"SUN",343,1,"SGW"
"Struijk (LEE)",19,8,"LIV",343,1,"SGW"
"Struijk (LEE)",20,8,"MUN",343,1,"SGW"
"Struijk (LEE)",21,2,"NEW",343,1,"SGW"
"Struijk (LEE)",22,6,"FUL",343,1,"SGW"
"Struijk (LEE)",23,4,"EVE",343,1,"SGW"
"Summerville (WHU)",1,0,"SUN",615,1,"SGW"
"Summerville (WHU)",2,0,"CHE",615,1,"SGW"
"Summerville (WHU)",3,7,"NFO",615,1,"SGW"
"Summerville (WHU)",4,2,"TOT",615,1,"SGW"
"Summerville (WHU)",5,2,"CRY",615,1,"SGW"
"Summerville (WHU)",6,2,"EVE",615,1,"SGW"
"Summerville (WHU)",7,1,"ARS",615,1,"SGW"
"Summerville (WHU)",8,1,"BRE",615,1,"SGW"
"Summerville (WHU)",9,1,"LEE",615,1,"SGW"
"Summerville (WHU)",10,2,"NEW",615,1,"SGW"
"Summerville (WHU)",11,5,"BUR",615,1,"SGW"
"Summerville (WHU)",12,0,"BOU",615,1,"SGW"
"Summerville (WHU)",13,0,"LIV",615,1,"SGW"
"Summerville (WHU)",14,0,"MUN",615,1,"SGW"
"Summerville (WHU)",15,3,"BHA",615,1,"SGW"
"Summerville (WHU)",16,2,"AVL",615,1,"SGW"
"Summerville (WHU)",17,2,"MCI",615,1,"SGW"
"Summerville (WHU)",18,1,"FUL",615,1,"SGW"
"Summerville (WHU)",19,1,"BHA",615,1,"SGW"
"Summerville (WHU)",20,2,"WOL",615,1,"SGW"
"Summerville (WHU)",21,4,"NFO",615,1,"SGW"
"Summerville (WHU)",22,10,"TOT",615,1,"SGW"
"Summerville (WHU)",23,8,"SUN",615,1,"SGW"
"Sutherland (WOL)",1,NA,NA,778,NA,"BGW"
"Sutherland (WOL)",2,NA,NA,778,NA,"BGW"
"Sutherland (WOL)",3,NA,NA,778,NA,"BGW"
"Sutherland (WOL)",4,NA,NA,778,NA,"BGW"
"Sutherland (WOL)",5,NA,NA,778,NA,"BGW"
"Sutherland (WOL)",6,NA,NA,778,NA,"BGW"
"Sutherland (WOL)",7,NA,NA,778,NA,"BGW"
"Sutherland (WOL)",8,NA,NA,778,NA,"BGW"
"Sutherland (WOL)",9,NA,NA,778,NA,"BGW"
"Sutherland (WOL)",10,NA,NA,778,NA,"BGW"
"Sutherland (WOL)",11,NA,NA,778,NA,"BGW"
"Sutherland (WOL)",12,NA,NA,778,NA,"BGW"
"Sutherland (WOL)",13,NA,NA,778,NA,"BGW"
"Sutherland (WOL)",14,NA,NA,778,NA,"BGW"
"Sutherland (WOL)",15,NA,NA,778,NA,"BGW"
"Sutherland (WOL)",16,NA,NA,778,NA,"BGW"
"Sutherland (WOL)",17,NA,NA,778,NA,"BGW"
"Sutherland (WOL)",18,NA,NA,778,NA,"BGW"
"Sutherland (WOL)",19,0,"MUN",778,1,"SGW"
"Sutherland (WOL)",20,0,"WHU",778,1,"SGW"
"Sutherland (WOL)",21,0,"EVE",778,1,"SGW"
"Sutherland (WOL)",22,0,"NEW",778,1,"SGW"
"Sutherland (WOL)",23,0,"MCI",778,1,"SGW"
"Szoboszlai (LIV)",1,2,"BOU",387,1,"SGW"
"Szoboszlai (LIV)",2,2,"NEW",387,1,"SGW"
"Szoboszlai (LIV)",3,13,"ARS",387,1,"SGW"
"Szoboszlai (LIV)",4,3,"BUR",387,1,"SGW"
"Szoboszlai (LIV)",5,1,"EVE",387,1,"SGW"
"Szoboszlai (LIV)",6,5,"CRY",387,1,"SGW"
"Szoboszlai (LIV)",7,1,"CHE",387,1,"SGW"
"Szoboszlai (LIV)",8,4,"MUN",387,1,"SGW"
"Szoboszlai (LIV)",9,10,"BRE",387,1,"SGW"
"Szoboszlai (LIV)",10,2,"AVL",387,1,"SGW"
"Szoboszlai (LIV)",11,1,"MCI",387,1,"SGW"
"Szoboszlai (LIV)",12,2,"NFO",387,1,"SGW"
"Szoboszlai (LIV)",13,3,"WHU",387,1,"SGW"
"Szoboszlai (LIV)",14,2,"SUN",387,1,"SGW"
"Szoboszlai (LIV)",15,8,"LEE",387,1,"SGW"
"Szoboszlai (LIV)",16,3,"BHA",387,1,"SGW"
"Szoboszlai (LIV)",17,1,"TOT",387,1,"SGW"
"Szoboszlai (LIV)",18,0,"WOL",387,1,"SGW"
"Szoboszlai (LIV)",19,3,"LEE",387,1,"SGW"
"Szoboszlai (LIV)",20,2,"FUL",387,1,"SGW"
"Szoboszlai (LIV)",21,3,"ARS",387,1,"SGW"
"Szoboszlai (LIV)",22,0,"BUR",387,1,"SGW"
"Szoboszlai (LIV)",23,13,"BOU",387,1,"SGW"
"Takai (TOT)",1,0,"BUR",577,1,"SGW"
"Takai (TOT)",2,0,"MCI",577,1,"SGW"
"Takai (TOT)",3,0,"BOU",577,1,"SGW"
"Takai (TOT)",4,0,"WHU",577,1,"SGW"
"Takai (TOT)",5,0,"BHA",577,1,"SGW"
"Takai (TOT)",6,0,"WOL",577,1,"SGW"
"Takai (TOT)",7,0,"LEE",577,1,"SGW"
"Takai (TOT)",8,0,"AVL",577,1,"SGW"
"Takai (TOT)",9,0,"EVE",577,1,"SGW"
"Takai (TOT)",10,0,"CHE",577,1,"SGW"
"Takai (TOT)",11,0,"MUN",577,1,"SGW"
"Takai (TOT)",12,0,"ARS",577,1,"SGW"
"Takai (TOT)",13,0,"FUL",577,1,"SGW"
"Takai (TOT)",14,0,"NEW",577,1,"SGW"
"Takai (TOT)",15,0,"BRE",577,1,"SGW"
"Takai (TOT)",16,0,"NFO",577,1,"SGW"
"Takai (TOT)",17,0,"LIV",577,1,"SGW"
"Takai (TOT)",18,0,"CRY",577,1,"SGW"
"Takai (TOT)",19,0,"BRE",577,1,"SGW"
"Takai (TOT)",20,0,"SUN",577,1,"SGW"
"Takai (TOT)",21,0,"BOU",577,1,"SGW"
"Takai (TOT)",22,0,"WHU",577,1,"SGW"
"Takai (TOT)",23,0,"BUR",577,1,"SGW"
"Talbi (SUN)",1,6,"WHU",553,1,"SGW"
"Talbi (SUN)",2,2,"BUR",553,1,"SGW"
"Talbi (SUN)",3,3,"BRE",553,1,"SGW"
"Talbi (SUN)",4,3,"CRY",553,1,"SGW"
"Talbi (SUN)",5,2,"AVL",553,1,"SGW"
"Talbi (SUN)",6,3,"NFO",553,1,"SGW"
"Talbi (SUN)",7,1,"MUN",553,1,"SGW"
"Talbi (SUN)",8,4,"WOL",553,1,"SGW"
"Talbi (SUN)",9,8,"CHE",553,1,"SGW"
"Talbi (SUN)",10,1,"EVE",553,1,"SGW"
"Talbi (SUN)",11,1,"ARS",553,1,"SGW"
"Talbi (SUN)",12,1,"FUL",553,1,"SGW"
"Talbi (SUN)",13,2,"BOU",553,1,"SGW"
"Talbi (SUN)",14,10,"LIV",553,1,"SGW"
"Talbi (SUN)",15,1,"MCI",553,1,"SGW"
"Talbi (SUN)",16,3,"NEW",553,1,"SGW"
"Talbi (SUN)",17,0,"BHA",553,1,"SGW"
"Talbi (SUN)",18,0,"LEE",553,1,"SGW"
"Talbi (SUN)",19,0,"MCI",553,1,"SGW"
"Talbi (SUN)",20,0,"TOT",553,1,"SGW"
"Talbi (SUN)",21,0,"BRE",553,1,"SGW"
"Talbi (SUN)",22,0,"CRY",553,1,"SGW"
"Talbi (SUN)",23,1,"WHU",553,1,"SGW"
"Tanaka (LEE)",1,3,"EVE",358,1,"SGW"
"Tanaka (LEE)",2,1,"ARS",358,1,"SGW"
"Tanaka (LEE)",3,0,"NEW",358,1,"SGW"
"Tanaka (LEE)",4,0,"FUL",358,1,"SGW"
"Tanaka (LEE)",5,1,"WOL",358,1,"SGW"
"Tanaka (LEE)",6,1,"BOU",358,1,"SGW"
"Tanaka (LEE)",7,1,"TOT",358,1,"SGW"
"Tanaka (LEE)",8,1,"BUR",358,1,"SGW"
"Tanaka (LEE)",9,3,"WHU",358,1,"SGW"
"Tanaka (LEE)",10,2,"BHA",358,1,"SGW"
"Tanaka (LEE)",11,0,"NFO",358,1,"SGW"
"Tanaka (LEE)",12,2,"AVL",358,1,"SGW"
"Tanaka (LEE)",13,4,"MCI",358,1,"SGW"
"Tanaka (LEE)",14,9,"CHE",358,1,"SGW"
"Tanaka (LEE)",15,6,"LIV",358,1,"SGW"
"Tanaka (LEE)",16,2,"BRE",358,1,"SGW"
"Tanaka (LEE)",17,1,"CRY",358,1,"SGW"
"Tanaka (LEE)",18,1,"SUN",358,1,"SGW"
"Tanaka (LEE)",19,1,"LIV",358,1,"SGW"
"Tanaka (LEE)",20,1,"MUN",358,1,"SGW"
"Tanaka (LEE)",21,1,"NEW",358,1,"SGW"
"Tanaka (LEE)",22,1,"FUL",358,1,"SGW"
"Tanaka (LEE)",23,1,"EVE",358,1,"SGW"
"Targett (NEW)",1,0,"AVL",484,1,"SGW"
"Targett (NEW)",2,0,"LIV",484,1,"SGW"
"Targett (NEW)",3,0,"LEE",484,1,"SGW"
"Targett (NEW)",4,0,"WOL",484,1,"SGW"
"Targett (NEW)",5,0,"BOU",484,1,"SGW"
"Targett (NEW)",6,0,"ARS",484,1,"SGW"
"Targett (NEW)",7,0,"NFO",484,1,"SGW"
"Targett (NEW)",8,0,"BHA",484,1,"SGW"
"Targett (NEW)",9,0,"FUL",484,1,"SGW"
"Targett (NEW)",10,0,"WHU",484,1,"SGW"
"Targett (NEW)",11,0,"BRE",484,1,"SGW"
"Targett (NEW)",12,0,"MCI",484,1,"SGW"
"Targett (NEW)",13,0,"EVE",484,1,"SGW"
"Targett (NEW)",14,0,"TOT",484,1,"SGW"
"Targett (NEW)",15,0,"BUR",484,1,"SGW"
"Targett (NEW)",16,0,"SUN",484,1,"SGW"
"Targett (NEW)",17,0,"CHE",484,1,"SGW"
"Targett (NEW)",18,0,"MUN",484,1,"SGW"
"Targett (NEW)",19,0,"BUR",484,1,"SGW"
"Targett (NEW)",20,0,"CRY",484,1,"SGW"
"Targett (NEW)",21,0,"LEE",484,1,"SGW"
"Targett (NEW)",22,0,"WOL",484,1,"SGW"
"Targett (NEW)",23,0,"AVL",484,1,"SGW"
"Tarkowski (EVE)",1,4,"LEE",291,1,"SGW"
"Tarkowski (EVE)",2,8,"BHA",291,1,"SGW"
"Tarkowski (EVE)",3,3,"WOL",291,1,"SGW"
"Tarkowski (EVE)",4,8,"AVL",291,1,"SGW"
"Tarkowski (EVE)",5,3,"LIV",291,1,"SGW"
"Tarkowski (EVE)",6,1,"WHU",291,1,"SGW"
"Tarkowski (EVE)",7,5,"CRY",291,1,"SGW"
"Tarkowski (EVE)",8,3,"MCI",291,1,"SGW"
"Tarkowski (EVE)",9,1,"TOT",291,1,"SGW"
"Tarkowski (EVE)",10,2,"SUN",291,1,"SGW"
"Tarkowski (EVE)",11,5,"FUL",291,1,"SGW"
"Tarkowski (EVE)",12,8,"MUN",291,1,"SGW"
"Tarkowski (EVE)",13,3,"NEW",291,1,"SGW"
"Tarkowski (EVE)",14,10,"BOU",291,1,"SGW"
"Tarkowski (EVE)",15,9,"NFO",291,1,"SGW"
"Tarkowski (EVE)",16,1,"CHE",291,1,"SGW"
"Tarkowski (EVE)",17,3,"ARS",291,1,"SGW"
"Tarkowski (EVE)",18,8,"BUR",291,1,"SGW"
"Tarkowski (EVE)",19,9,"NFO",291,1,"SGW"
"Tarkowski (EVE)",20,2,"BRE",291,1,"SGW"
"Tarkowski (EVE)",21,4,"WOL",291,1,"SGW"
"Tarkowski (EVE)",22,8,"AVL",291,1,"SGW"
"Tarkowski (EVE)",23,4,"LEE",291,1,"SGW"
"Tasker (BHA)",1,0,"FUL",156,1,"SGW"
"Tasker (BHA)",2,0,"EVE",156,1,"SGW"
"Tasker (BHA)",3,0,"MCI",156,1,"SGW"
"Tasker (BHA)",4,0,"BOU",156,1,"SGW"
"Tasker (BHA)",5,0,"TOT",156,1,"SGW"
"Tasker (BHA)",6,0,"CHE",156,1,"SGW"
"Tasker (BHA)",7,0,"WOL",156,1,"SGW"
"Tasker (BHA)",8,0,"NEW",156,1,"SGW"
"Tasker (BHA)",9,0,"MUN",156,1,"SGW"
"Tasker (BHA)",10,0,"LEE",156,1,"SGW"
"Tasker (BHA)",11,0,"CRY",156,1,"SGW"
"Tasker (BHA)",12,0,"BRE",156,1,"SGW"
"Tasker (BHA)",13,0,"NFO",156,1,"SGW"
"Tasker (BHA)",14,0,"AVL",156,1,"SGW"
"Tasker (BHA)",15,0,"WHU",156,1,"SGW"
"Tasker (BHA)",16,0,"LIV",156,1,"SGW"
"Tasker (BHA)",17,0,"SUN",156,1,"SGW"
"Tasker (BHA)",18,0,"ARS",156,1,"SGW"
"Tasker (BHA)",19,0,"WHU",156,1,"SGW"
"Tasker (BHA)",20,0,"BUR",156,1,"SGW"
"Tasker (BHA)",21,0,"MCI",156,1,"SGW"
"Tasker (BHA)",22,0,"BOU",156,1,"SGW"
"Tasker (BHA)",23,0,"FUL",156,1,"SGW"
"Taty (WHU)",1,NA,NA,791,NA,"BGW"
"Taty (WHU)",2,NA,NA,791,NA,"BGW"
"Taty (WHU)",3,NA,NA,791,NA,"BGW"
"Taty (WHU)",4,NA,NA,791,NA,"BGW"
"Taty (WHU)",5,NA,NA,791,NA,"BGW"
"Taty (WHU)",6,NA,NA,791,NA,"BGW"
"Taty (WHU)",7,NA,NA,791,NA,"BGW"
"Taty (WHU)",8,NA,NA,791,NA,"BGW"
"Taty (WHU)",9,NA,NA,791,NA,"BGW"
"Taty (WHU)",10,NA,NA,791,NA,"BGW"
"Taty (WHU)",11,NA,NA,791,NA,"BGW"
"Taty (WHU)",12,NA,NA,791,NA,"BGW"
"Taty (WHU)",13,NA,NA,791,NA,"BGW"
"Taty (WHU)",14,NA,NA,791,NA,"BGW"
"Taty (WHU)",15,NA,NA,791,NA,"BGW"
"Taty (WHU)",16,NA,NA,791,NA,"BGW"
"Taty (WHU)",17,NA,NA,791,NA,"BGW"
"Taty (WHU)",18,NA,NA,791,NA,"BGW"
"Taty (WHU)",19,NA,NA,791,NA,"BGW"
"Taty (WHU)",20,NA,NA,791,NA,"BGW"
"Taty (WHU)",21,2,"NFO",791,1,"SGW"
"Taty (WHU)",22,1,"TOT",791,1,"SGW"
"Taty (WHU)",23,4,"SUN",791,1,"SGW"
"Tavernier (BOU)",1,4,"LIV",84,1,"SGW"
"Tavernier (BOU)",2,11,"WOL",84,1,"SGW"
"Tavernier (BOU)",3,3,"TOT",84,1,"SGW"
"Tavernier (BOU)",4,2,"BHA",84,1,"SGW"
"Tavernier (BOU)",5,3,"NEW",84,1,"SGW"
"Tavernier (BOU)",6,1,"LEE",84,1,"SGW"
"Tavernier (BOU)",7,3,"FUL",84,1,"SGW"
"Tavernier (BOU)",8,5,"CRY",84,1,"SGW"
"Tavernier (BOU)",9,11,"NFO",84,1,"SGW"
"Tavernier (BOU)",10,2,"MCI",84,1,"SGW"
"Tavernier (BOU)",11,2,"AVL",84,1,"SGW"
"Tavernier (BOU)",12,7,"WHU",84,1,"SGW"
"Tavernier (BOU)",13,1,"SUN",84,1,"SGW"
"Tavernier (BOU)",14,1,"EVE",84,1,"SGW"
"Tavernier (BOU)",15,5,"CHE",84,1,"SGW"
"Tavernier (BOU)",16,12,"MUN",84,1,"SGW"
"Tavernier (BOU)",17,2,"BUR",84,1,"SGW"
"Tavernier (BOU)",18,1,"BRE",84,1,"SGW"
"Tavernier (BOU)",19,3,"CHE",84,1,"SGW"
"Tavernier (BOU)",20,2,"ARS",84,1,"SGW"
"Tavernier (BOU)",21,5,"TOT",84,1,"SGW"
"Tavernier (BOU)",22,8,"BHA",84,1,"SGW"
"Tavernier (BOU)",23,0,"LIV",84,1,"SGW"
"Tchaouna (BUR)",1,1,"TOT",210,1,"SGW"
"Tchaouna (BUR)",2,1,"SUN",210,1,"SGW"
"Tchaouna (BUR)",3,3,"MUN",210,1,"SGW"
"Tchaouna (BUR)",4,3,"LIV",210,1,"SGW"
"Tchaouna (BUR)",5,2,"NFO",210,1,"SGW"
"Tchaouna (BUR)",6,2,"MCI",210,1,"SGW"
"Tchaouna (BUR)",7,1,"AVL",210,1,"SGW"
"Tchaouna (BUR)",8,6,"LEE",210,1,"SGW"
"Tchaouna (BUR)",9,0,"WOL",210,1,"SGW"
"Tchaouna (BUR)",10,1,"ARS",210,1,"SGW"
"Tchaouna (BUR)",11,2,"WHU",210,1,"SGW"
"Tchaouna (BUR)",12,2,"CHE",210,1,"SGW"
"Tchaouna (BUR)",13,3,"BRE",210,1,"SGW"
"Tchaouna (BUR)",14,1,"CRY",210,1,"SGW"
"Tchaouna (BUR)",15,0,"NEW",210,1,"SGW"
"Tchaouna (BUR)",16,0,"FUL",210,1,"SGW"
"Tchaouna (BUR)",17,1,"BOU",210,1,"SGW"
"Tchaouna (BUR)",18,0,"EVE",210,1,"SGW"
"Tchaouna (BUR)",19,2,"NEW",210,1,"SGW"
"Tchaouna (BUR)",20,1,"BHA",210,1,"SGW"
"Tchaouna (BUR)",21,0,"MUN",210,1,"SGW"
"Tchaouna (BUR)",22,1,"LIV",210,1,"SGW"
"Tchaouna (BUR)",23,0,"TOT",210,1,"SGW"
"Tchatchoua (WOL)",1,NA,NA,695,NA,"BGW"
"Tchatchoua (WOL)",2,1,"BOU",695,1,"SGW"
"Tchatchoua (WOL)",3,1,"EVE",695,1,"SGW"
"Tchatchoua (WOL)",4,1,"NEW",695,1,"SGW"
"Tchatchoua (WOL)",5,1,"LEE",695,1,"SGW"
"Tchatchoua (WOL)",6,1,"TOT",695,1,"SGW"
"Tchatchoua (WOL)",7,4,"BHA",695,1,"SGW"
"Tchatchoua (WOL)",8,1,"SUN",695,1,"SGW"
"Tchatchoua (WOL)",9,1,"BUR",695,1,"SGW"
"Tchatchoua (WOL)",10,0,"FUL",695,1,"SGW"
"Tchatchoua (WOL)",11,3,"CHE",695,1,"SGW"
"Tchatchoua (WOL)",12,1,"CRY",695,1,"SGW"
"Tchatchoua (WOL)",13,2,"AVL",695,1,"SGW"
"Tchatchoua (WOL)",14,2,"NFO",695,1,"SGW"
"Tchatchoua (WOL)",15,1,"MUN",695,1,"SGW"
"Tchatchoua (WOL)",16,0,"ARS",695,1,"SGW"
"Tchatchoua (WOL)",17,1,"BRE",695,1,"SGW"
"Tchatchoua (WOL)",18,1,"LIV",695,1,"SGW"
"Tchatchoua (WOL)",19,1,"MUN",695,1,"SGW"
"Tchatchoua (WOL)",20,5,"WHU",695,1,"SGW"
"Tchatchoua (WOL)",21,2,"EVE",695,1,"SGW"
"Tchatchoua (WOL)",22,6,"NEW",695,1,"SGW"
"Tchatchoua (WOL)",23,0,"MCI",695,1,"SGW"
"Tel (TOT)",1,1,"BUR",584,1,"SGW"
"Tel (TOT)",2,0,"MCI",584,1,"SGW"
"Tel (TOT)",3,1,"BOU",584,1,"SGW"
"Tel (TOT)",4,3,"WHU",584,1,"SGW"
"Tel (TOT)",5,0,"BHA",584,1,"SGW"
"Tel (TOT)",6,1,"WOL",584,1,"SGW"
"Tel (TOT)",7,9,"LEE",584,1,"SGW"
"Tel (TOT)",8,1,"AVL",584,1,"SGW"
"Tel (TOT)",9,1,"EVE",584,1,"SGW"
"Tel (TOT)",10,0,"CHE",584,1,"SGW"
"Tel (TOT)",11,6,"MUN",584,1,"SGW"
"Tel (TOT)",12,0,"ARS",584,1,"SGW"
"Tel (TOT)",13,1,"FUL",584,1,"SGW"
"Tel (TOT)",14,4,"NEW",584,1,"SGW"
"Tel (TOT)",15,0,"BRE",584,1,"SGW"
"Tel (TOT)",16,1,"NFO",584,1,"SGW"
"Tel (TOT)",17,0,"LIV",584,1,"SGW"
"Tel (TOT)",18,0,"CRY",584,1,"SGW"
"Tel (TOT)",19,1,"BRE",584,1,"SGW"
"Tel (TOT)",20,2,"SUN",584,1,"SGW"
"Tel (TOT)",21,10,"BOU",584,1,"SGW"
"Tel (TOT)",22,2,"WHU",584,1,"SGW"
"Tel (TOT)",23,1,"BUR",584,1,"SGW"
"Tete (FUL)",1,2,"BHA",322,1,"SGW"
"Tete (FUL)",2,2,"MUN",322,1,"SGW"
"Tete (FUL)",3,3,"CHE",322,1,"SGW"
"Tete (FUL)",4,6,"LEE",322,1,"SGW"
"Tete (FUL)",5,2,"BRE",322,1,"SGW"
"Tete (FUL)",6,0,"AVL",322,1,"SGW"
"Tete (FUL)",7,0,"BOU",322,1,"SGW"
"Tete (FUL)",8,0,"ARS",322,1,"SGW"
"Tete (FUL)",9,2,"NEW",322,1,"SGW"
"Tete (FUL)",10,6,"WOL",322,1,"SGW"
"Tete (FUL)",11,3,"EVE",322,1,"SGW"
"Tete (FUL)",12,6,"SUN",322,1,"SGW"
"Tete (FUL)",13,12,"TOT",322,1,"SGW"
"Tete (FUL)",14,0,"MCI",322,1,"SGW"
"Tete (FUL)",15,3,"CRY",322,1,"SGW"
"Tete (FUL)",16,2,"BUR",322,1,"SGW"
"Tete (FUL)",17,9,"NFO",322,1,"SGW"
"Tete (FUL)",18,6,"WHU",322,1,"SGW"
"Tete (FUL)",19,1,"CRY",322,1,"SGW"
"Tete (FUL)",20,0,"LIV",322,1,"SGW"
"Tete (FUL)",21,0,"CHE",322,1,"SGW"
"Tete (FUL)",22,0,"LEE",322,1,"SGW"
"Tete (FUL)",23,0,"BHA",322,1,"SGW"
"Thiago (BRE)",1,6,"NFO",136,1,"SGW"
"Thiago (BRE)",2,2,"AVL",136,1,"SGW"
"Thiago (BRE)",3,6,"SUN",136,1,"SGW"
"Thiago (BRE)",4,1,"CHE",136,1,"SGW"
"Thiago (BRE)",5,2,"FUL",136,1,"SGW"
"Thiago (BRE)",6,13,"MUN",136,1,"SGW"
"Thiago (BRE)",7,2,"MCI",136,1,"SGW"
"Thiago (BRE)",8,8,"WHU",136,1,"SGW"
"Thiago (BRE)",9,5,"LIV",136,1,"SGW"
"Thiago (BRE)",10,2,"CRY",136,1,"SGW"
"Thiago (BRE)",11,13,"NEW",136,1,"SGW"
"Thiago (BRE)",12,4,"BHA",136,1,"SGW"
"Thiago (BRE)",13,13,"BUR",136,1,"SGW"
"Thiago (BRE)",14,1,"ARS",136,1,"SGW"
"Thiago (BRE)",15,2,"TOT",136,1,"SGW"
"Thiago (BRE)",16,2,"LEE",136,1,"SGW"
"Thiago (BRE)",17,2,"WOL",136,1,"SGW"
"Thiago (BRE)",18,5,"BOU",136,1,"SGW"
"Thiago (BRE)",19,2,"TOT",136,1,"SGW"
"Thiago (BRE)",20,17,"EVE",136,1,"SGW"
"Thiago (BRE)",21,12,"SUN",136,1,"SGW"
"Thiago (BRE)",22,2,"CHE",136,1,"SGW"
"Thiago (BRE)",23,2,"NFO",136,1,"SGW"
"Thiaw (NEW)",1,0,"AVL",684,1,"SGW"
"Thiaw (NEW)",2,1,"LIV",684,1,"SGW"
"Thiaw (NEW)",3,0,"LEE",684,1,"SGW"
"Thiaw (NEW)",4,0,"WOL",684,1,"SGW"
"Thiaw (NEW)",5,7,"BOU",684,1,"SGW"
"Thiaw (NEW)",6,3,"ARS",684,1,"SGW"
"Thiaw (NEW)",7,8,"NFO",684,1,"SGW"
"Thiaw (NEW)",8,1,"BHA",684,1,"SGW"
"Thiaw (NEW)",9,2,"FUL",684,1,"SGW"
"Thiaw (NEW)",10,1,"WHU",684,1,"SGW"
"Thiaw (NEW)",11,3,"BRE",684,1,"SGW"
"Thiaw (NEW)",12,4,"MCI",684,1,"SGW"
"Thiaw (NEW)",13,16,"EVE",684,1,"SGW"
"Thiaw (NEW)",14,1,"TOT",684,1,"SGW"
"Thiaw (NEW)",15,2,"BUR",684,1,"SGW"
"Thiaw (NEW)",16,3,"SUN",684,1,"SGW"
"Thiaw (NEW)",17,1,"CHE",684,1,"SGW"
"Thiaw (NEW)",18,2,"MUN",684,1,"SGW"
"Thiaw (NEW)",19,4,"BUR",684,1,"SGW"
"Thiaw (NEW)",20,17,"CRY",684,1,"SGW"
"Thiaw (NEW)",21,-1,"LEE",684,1,"SGW"
"Thiaw (NEW)",22,9,"WOL",684,1,"SGW"
"Thiaw (NEW)",23,1,"AVL",684,1,"SGW"
"Tielemans (AVL)",1,3,"NEW",48,1,"SGW"
"Tielemans (AVL)",2,2,"BRE",48,1,"SGW"
"Tielemans (AVL)",3,2,"CRY",48,1,"SGW"
"Tielemans (AVL)",4,1,"EVE",48,1,"SGW"
"Tielemans (AVL)",5,0,"SUN",48,1,"SGW"
"Tielemans (AVL)",6,0,"FUL",48,1,"SGW"
"Tielemans (AVL)",7,0,"BUR",48,1,"SGW"
"Tielemans (AVL)",8,0,"TOT",48,1,"SGW"
"Tielemans (AVL)",9,0,"MCI",48,1,"SGW"
"Tielemans (AVL)",10,0,"LIV",48,1,"SGW"
"Tielemans (AVL)",11,4,"BOU",48,1,"SGW"
"Tielemans (AVL)",12,2,"LEE",48,1,"SGW"
"Tielemans (AVL)",13,3,"WOL",48,1,"SGW"
"Tielemans (AVL)",14,1,"BHA",48,1,"SGW"
"Tielemans (AVL)",15,2,"ARS",48,1,"SGW"
"Tielemans (AVL)",16,6,"WHU",48,1,"SGW"
"Tielemans (AVL)",17,2,"MUN",48,1,"SGW"
"Tielemans (AVL)",18,7,"CHE",48,1,"SGW"
"Tielemans (AVL)",19,2,"ARS",48,1,"SGW"
"Tielemans (AVL)",20,7,"NFO",48,1,"SGW"
"Tielemans (AVL)",21,3,"CRY",48,1,"SGW"
"Tielemans (AVL)",22,2,"EVE",48,1,"SGW"
"Tielemans (AVL)",23,3,"NEW",48,1,"SGW"
"Todibo (WHU)",1,1,"SUN",609,1,"SGW"
"Todibo (WHU)",2,0,"CHE",609,1,"SGW"
"Todibo (WHU)",3,0,"NFO",609,1,"SGW"
"Todibo (WHU)",4,0,"TOT",609,1,"SGW"
"Todibo (WHU)",5,0,"CRY",609,1,"SGW"
"Todibo (WHU)",6,0,"EVE",609,1,"SGW"
"Todibo (WHU)",7,0,"ARS",609,1,"SGW"
"Todibo (WHU)",8,1,"BRE",609,1,"SGW"
"Todibo (WHU)",9,0,"LEE",609,1,"SGW"
"Todibo (WHU)",10,4,"NEW",609,1,"SGW"
"Todibo (WHU)",11,1,"BUR",609,1,"SGW"
"Todibo (WHU)",12,5,"BOU",609,1,"SGW"
"Todibo (WHU)",13,1,"LIV",609,1,"SGW"
"Todibo (WHU)",14,4,"MUN",609,1,"SGW"
"Todibo (WHU)",15,2,"BHA",609,1,"SGW"
"Todibo (WHU)",16,1,"AVL",609,1,"SGW"
"Todibo (WHU)",17,1,"MCI",609,1,"SGW"
"Todibo (WHU)",18,1,"FUL",609,1,"SGW"
"Todibo (WHU)",19,1,"BHA",609,1,"SGW"
"Todibo (WHU)",20,0,"WOL",609,1,"SGW"
"Todibo (WHU)",21,2,"NFO",609,1,"SGW"
"Todibo (WHU)",22,4,"TOT",609,1,"SGW"
"Todibo (WHU)",23,2,"SUN",609,1,"SGW"
"Tolu (WOL)",1,NA,NA,720,NA,"BGW"
"Tolu (WOL)",2,NA,NA,720,NA,"BGW"
"Tolu (WOL)",3,NA,NA,720,NA,"BGW"
"Tolu (WOL)",4,2,"NEW",720,1,"SGW"
"Tolu (WOL)",5,2,"LEE",720,1,"SGW"
"Tolu (WOL)",6,1,"TOT",720,1,"SGW"
"Tolu (WOL)",7,1,"BHA",720,1,"SGW"
"Tolu (WOL)",8,1,"SUN",720,1,"SGW"
"Tolu (WOL)",9,1,"BUR",720,1,"SGW"
"Tolu (WOL)",10,1,"FUL",720,1,"SGW"
"Tolu (WOL)",11,0,"CHE",720,1,"SGW"
"Tolu (WOL)",12,1,"CRY",720,1,"SGW"
"Tolu (WOL)",13,1,"AVL",720,1,"SGW"
"Tolu (WOL)",14,1,"NFO",720,1,"SGW"
"Tolu (WOL)",15,1,"MUN",720,1,"SGW"
"Tolu (WOL)",16,7,"ARS",720,1,"SGW"
"Tolu (WOL)",17,1,"BRE",720,1,"SGW"
"Tolu (WOL)",18,5,"LIV",720,1,"SGW"
"Tolu (WOL)",19,2,"MUN",720,1,"SGW"
"Tolu (WOL)",20,2,"WHU",720,1,"SGW"
"Tolu (WOL)",21,2,"EVE",720,1,"SGW"
"Tolu (WOL)",22,2,"NEW",720,1,"SGW"
"Tolu (WOL)",23,1,"MCI",720,1,"SGW"
"Tonali (NEW)",1,3,"AVL",491,1,"SGW"
"Tonali (NEW)",2,2,"LIV",491,1,"SGW"
"Tonali (NEW)",3,3,"LEE",491,1,"SGW"
"Tonali (NEW)",4,3,"WOL",491,1,"SGW"
"Tonali (NEW)",5,3,"BOU",491,1,"SGW"
"Tonali (NEW)",6,6,"ARS",491,1,"SGW"
"Tonali (NEW)",7,3,"NFO",491,1,"SGW"
"Tonali (NEW)",8,2,"BHA",491,1,"SGW"
"Tonali (NEW)",9,1,"FUL",491,1,"SGW"
"Tonali (NEW)",10,2,"WHU",491,1,"SGW"
"Tonali (NEW)",11,4,"BRE",491,1,"SGW"
"Tonali (NEW)",12,4,"MCI",491,1,"SGW"
"Tonali (NEW)",13,1,"EVE",491,1,"SGW"
"Tonali (NEW)",14,1,"TOT",491,1,"SGW"
"Tonali (NEW)",15,1,"BUR",491,1,"SGW"
"Tonali (NEW)",16,0,"SUN",491,1,"SGW"
"Tonali (NEW)",17,4,"CHE",491,1,"SGW"
"Tonali (NEW)",18,1,"MUN",491,1,"SGW"
"Tonali (NEW)",19,2,"BUR",491,1,"SGW"
"Tonali (NEW)",20,3,"CRY",491,1,"SGW"
"Tonali (NEW)",21,1,"LEE",491,1,"SGW"
"Tonali (NEW)",22,2,"WOL",491,1,"SGW"
"Tonali (NEW)",23,4,"AVL",491,1,"SGW"
"Tosin (CHE)",1,0,"CRY",232,1,"SGW"
"Tosin (CHE)",2,2,"WHU",232,1,"SGW"
"Tosin (CHE)",3,8,"FUL",232,1,"SGW"
"Tosin (CHE)",4,1,"BRE",232,1,"SGW"
"Tosin (CHE)",5,0,"MUN",232,1,"SGW"
"Tosin (CHE)",6,0,"BHA",232,1,"SGW"
"Tosin (CHE)",7,0,"LIV",232,1,"SGW"
"Tosin (CHE)",8,1,"NFO",232,1,"SGW"
"Tosin (CHE)",9,1,"SUN",232,1,"SGW"
"Tosin (CHE)",10,1,"TOT",232,1,"SGW"
"Tosin (CHE)",11,0,"WOL",232,1,"SGW"
"Tosin (CHE)",12,10,"BUR",232,1,"SGW"
"Tosin (CHE)",13,0,"ARS",232,1,"SGW"
"Tosin (CHE)",14,3,"LEE",232,1,"SGW"
"Tosin (CHE)",15,0,"BOU",232,1,"SGW"
"Tosin (CHE)",16,0,"EVE",232,1,"SGW"
"Tosin (CHE)",17,0,"NEW",232,1,"SGW"
"Tosin (CHE)",18,0,"AVL",232,1,"SGW"
"Tosin (CHE)",19,0,"BOU",232,1,"SGW"
"Tosin (CHE)",20,0,"MCI",232,1,"SGW"
"Tosin (CHE)",21,0,"FUL",232,1,"SGW"
"Tosin (CHE)",22,3,"BRE",232,1,"SGW"
"Tosin (CHE)",23,0,"CRY",232,1,"SGW"
"Tóth.A (BOU)",1,NA,NA,801,NA,"BGW"
"Tóth.A (BOU)",2,NA,NA,801,NA,"BGW"
"Tóth.A (BOU)",3,NA,NA,801,NA,"BGW"
"Tóth.A (BOU)",4,NA,NA,801,NA,"BGW"
"Tóth.A (BOU)",5,NA,NA,801,NA,"BGW"
"Tóth.A (BOU)",6,NA,NA,801,NA,"BGW"
"Tóth.A (BOU)",7,NA,NA,801,NA,"BGW"
"Tóth.A (BOU)",8,NA,NA,801,NA,"BGW"
"Tóth.A (BOU)",9,NA,NA,801,NA,"BGW"
"Tóth.A (BOU)",10,NA,NA,801,NA,"BGW"
"Tóth.A (BOU)",11,NA,NA,801,NA,"BGW"
"Tóth.A (BOU)",12,NA,NA,801,NA,"BGW"
"Tóth.A (BOU)",13,NA,NA,801,NA,"BGW"
"Tóth.A (BOU)",14,NA,NA,801,NA,"BGW"
"Tóth.A (BOU)",15,NA,NA,801,NA,"BGW"
"Tóth.A (BOU)",16,NA,NA,801,NA,"BGW"
"Tóth.A (BOU)",17,NA,NA,801,NA,"BGW"
"Tóth.A (BOU)",18,NA,NA,801,NA,"BGW"
"Tóth.A (BOU)",19,NA,NA,801,NA,"BGW"
"Tóth.A (BOU)",20,NA,NA,801,NA,"BGW"
"Tóth.A (BOU)",21,NA,NA,801,NA,"BGW"
"Tóth.A (BOU)",22,NA,NA,801,NA,"BGW"
"Tóth.A (BOU)",23,1,"LIV",801,1,"SGW"
"Toti (WOL)",1,0,"MCI",637,1,"SGW"
"Toti (WOL)",2,-2,"BOU",637,1,"SGW"
"Toti (WOL)",3,3,"EVE",637,1,"SGW"
"Toti (WOL)",4,2,"NEW",637,1,"SGW"
"Toti (WOL)",5,1,"LEE",637,1,"SGW"
"Toti (WOL)",6,1,"TOT",637,1,"SGW"
"Toti (WOL)",7,0,"BHA",637,1,"SGW"
"Toti (WOL)",8,0,"SUN",637,1,"SGW"
"Toti (WOL)",9,0,"BUR",637,1,"SGW"
"Toti (WOL)",10,0,"FUL",637,1,"SGW"
"Toti (WOL)",11,1,"CHE",637,1,"SGW"
"Toti (WOL)",12,3,"CRY",637,1,"SGW"
"Toti (WOL)",13,4,"AVL",637,1,"SGW"
"Toti (WOL)",14,2,"NFO",637,1,"SGW"
"Toti (WOL)",15,1,"MUN",637,1,"SGW"
"Toti (WOL)",16,4,"ARS",637,1,"SGW"
"Toti (WOL)",17,0,"BRE",637,1,"SGW"
"Toti (WOL)",18,0,"LIV",637,1,"SGW"
"Toti (WOL)",19,0,"MUN",637,1,"SGW"
"Toti (WOL)",20,0,"WHU",637,1,"SGW"
"Toti (WOL)",21,0,"EVE",637,1,"SGW"
"Toti (WOL)",22,0,"NEW",637,1,"SGW"
"Toti (WOL)",23,0,"MCI",637,1,"SGW"
"Trafford (MCI)",1,7,"WOL",182,1,"SGW"
"Trafford (MCI)",2,2,"TOT",182,1,"SGW"
"Trafford (MCI)",3,2,"BHA",182,1,"SGW"
"Trafford (MCI)",4,0,"MUN",182,1,"SGW"
"Trafford (MCI)",5,0,"ARS",182,1,"SGW"
"Trafford (MCI)",6,0,"BUR",182,1,"SGW"
"Trafford (MCI)",7,0,"BRE",182,1,"SGW"
"Trafford (MCI)",8,0,"EVE",182,1,"SGW"
"Trafford (MCI)",9,0,"AVL",182,1,"SGW"
"Trafford (MCI)",10,0,"BOU",182,1,"SGW"
"Trafford (MCI)",11,0,"LIV",182,1,"SGW"
"Trafford (MCI)",12,0,"NEW",182,1,"SGW"
"Trafford (MCI)",13,0,"LEE",182,1,"SGW"
"Trafford (MCI)",14,0,"FUL",182,1,"SGW"
"Trafford (MCI)",15,0,"SUN",182,1,"SGW"
"Trafford (MCI)",16,0,"CRY",182,1,"SGW"
"Trafford (MCI)",17,0,"WHU",182,1,"SGW"
"Trafford (MCI)",18,0,"NFO",182,1,"SGW"
"Trafford (MCI)",19,0,"SUN",182,1,"SGW"
"Trafford (MCI)",20,0,"CHE",182,1,"SGW"
"Trafford (MCI)",21,0,"BHA",182,1,"SGW"
"Trafford (MCI)",22,0,"MUN",182,1,"SGW"
"Trafford (MCI)",23,0,"WOL",182,1,"SGW"
"Traoré (SUN)",1,NA,NA,735,NA,"BGW"
"Traoré (SUN)",2,NA,NA,735,NA,"BGW"
"Traoré (SUN)",3,NA,NA,735,NA,"BGW"
"Traoré (SUN)",4,0,"CRY",735,1,"SGW"
"Traoré (SUN)",5,0,"AVL",735,1,"SGW"
"Traoré (SUN)",6,1,"NFO",735,1,"SGW"
"Traoré (SUN)",7,0,"MUN",735,1,"SGW"
"Traoré (SUN)",8,3,"WOL",735,1,"SGW"
"Traoré (SUN)",9,5,"CHE",735,1,"SGW"
"Traoré (SUN)",10,2,"EVE",735,1,"SGW"
"Traoré (SUN)",11,2,"ARS",735,1,"SGW"
"Traoré (SUN)",12,3,"FUL",735,1,"SGW"
"Traoré (SUN)",13,8,"BOU",735,1,"SGW"
"Traoré (SUN)",14,0,"LIV",735,1,"SGW"
"Traoré (SUN)",15,1,"MCI",735,1,"SGW"
"Traoré (SUN)",16,3,"NEW",735,1,"SGW"
"Traoré (SUN)",17,0,"BHA",735,1,"SGW"
"Traoré (SUN)",18,0,"LEE",735,1,"SGW"
"Traoré (SUN)",19,0,"MCI",735,1,"SGW"
"Traoré (SUN)",20,0,"TOT",735,1,"SGW"
"Traoré (SUN)",21,0,"BRE",735,1,"SGW"
"Traoré (SUN)",22,0,"CRY",735,1,"SGW"
"Traoré (SUN)",23,0,"WHU",735,1,"SGW"
"Travers (EVE)",1,0,"LEE",288,1,"SGW"
"Travers (EVE)",2,0,"BHA",288,1,"SGW"
"Travers (EVE)",3,0,"WOL",288,1,"SGW"
"Travers (EVE)",4,0,"AVL",288,1,"SGW"
"Travers (EVE)",5,0,"LIV",288,1,"SGW"
"Travers (EVE)",6,0,"WHU",288,1,"SGW"
"Travers (EVE)",7,0,"CRY",288,1,"SGW"
"Travers (EVE)",8,0,"MCI",288,1,"SGW"
"Travers (EVE)",9,0,"TOT",288,1,"SGW"
"Travers (EVE)",10,0,"SUN",288,1,"SGW"
"Travers (EVE)",11,0,"FUL",288,1,"SGW"
"Travers (EVE)",12,0,"MUN",288,1,"SGW"
"Travers (EVE)",13,0,"NEW",288,1,"SGW"
"Travers (EVE)",14,0,"BOU",288,1,"SGW"
"Travers (EVE)",15,0,"NFO",288,1,"SGW"
"Travers (EVE)",16,0,"CHE",288,1,"SGW"
"Travers (EVE)",17,0,"ARS",288,1,"SGW"
"Travers (EVE)",18,0,"BUR",288,1,"SGW"
"Travers (EVE)",19,0,"NFO",288,1,"SGW"
"Travers (EVE)",20,0,"BRE",288,1,"SGW"
"Travers (EVE)",21,0,"WOL",288,1,"SGW"
"Travers (EVE)",22,0,"AVL",288,1,"SGW"
"Travers (EVE)",23,0,"LEE",288,1,"SGW"
"Trésor (BUR)",1,0,"TOT",214,1,"SGW"
"Trésor (BUR)",2,0,"SUN",214,1,"SGW"
"Trésor (BUR)",3,0,"MUN",214,1,"SGW"
"Trésor (BUR)",4,0,"LIV",214,1,"SGW"
"Trésor (BUR)",5,0,"NFO",214,1,"SGW"
"Trésor (BUR)",6,0,"MCI",214,1,"SGW"
"Trésor (BUR)",7,0,"AVL",214,1,"SGW"
"Trésor (BUR)",8,0,"LEE",214,1,"SGW"
"Trésor (BUR)",9,0,"WOL",214,1,"SGW"
"Trésor (BUR)",10,0,"ARS",214,1,"SGW"
"Trésor (BUR)",11,0,"WHU",214,1,"SGW"
"Trésor (BUR)",12,0,"CHE",214,1,"SGW"
"Trésor (BUR)",13,0,"BRE",214,1,"SGW"
"Trésor (BUR)",14,0,"CRY",214,1,"SGW"
"Trésor (BUR)",15,0,"NEW",214,1,"SGW"
"Trésor (BUR)",16,1,"FUL",214,1,"SGW"
"Trésor (BUR)",17,1,"BOU",214,1,"SGW"
"Trésor (BUR)",18,1,"EVE",214,1,"SGW"
"Trésor (BUR)",19,1,"NEW",214,1,"SGW"
"Trésor (BUR)",20,0,"BHA",214,1,"SGW"
"Trésor (BUR)",21,0,"MUN",214,1,"SGW"
"Trésor (BUR)",22,0,"LIV",214,1,"SGW"
"Trésor (BUR)",23,0,"TOT",214,1,"SGW"
"Trevitt (BRE)",1,0,"NFO",134,1,"SGW"
"Trevitt (BRE)",2,0,"AVL",134,1,"SGW"
"Trevitt (BRE)",3,0,"SUN",134,1,"SGW"
"Trevitt (BRE)",4,0,"CHE",134,1,"SGW"
"Trevitt (BRE)",5,0,"FUL",134,1,"SGW"
"Trevitt (BRE)",6,0,"MUN",134,1,"SGW"
"Trevitt (BRE)",7,0,"MCI",134,1,"SGW"
"Trevitt (BRE)",8,0,"WHU",134,1,"SGW"
"Trevitt (BRE)",9,0,"LIV",134,1,"SGW"
"Trevitt (BRE)",10,0,"CRY",134,1,"SGW"
"Trevitt (BRE)",11,0,"NEW",134,1,"SGW"
"Trevitt (BRE)",12,0,"BHA",134,1,"SGW"
"Trevitt (BRE)",13,0,"BUR",134,1,"SGW"
"Trevitt (BRE)",14,0,"ARS",134,1,"SGW"
"Trevitt (BRE)",15,0,"TOT",134,1,"SGW"
"Trevitt (BRE)",16,0,"LEE",134,1,"SGW"
"Trevitt (BRE)",17,0,"WOL",134,1,"SGW"
"Trevitt (BRE)",18,0,"BOU",134,1,"SGW"
"Trevitt (BRE)",19,0,"TOT",134,1,"SGW"
"Trevitt (BRE)",20,0,"EVE",134,1,"SGW"
"Trevitt (BRE)",21,0,"SUN",134,1,"SGW"
"Trevitt (BRE)",22,0,"CHE",134,1,"SGW"
"Trevitt (BRE)",23,0,"NFO",134,1,"SGW"
"Triantis (SUN)",1,0,"WHU",559,1,"SGW"
"Triantis (SUN)",2,0,"BUR",559,1,"SGW"
"Triantis (SUN)",3,0,"BRE",559,1,"SGW"
"Triantis (SUN)",4,0,"CRY",559,1,"SGW"
"Triantis (SUN)",5,0,"AVL",559,1,"SGW"
"Triantis (SUN)",6,0,"NFO",559,1,"SGW"
"Triantis (SUN)",7,0,"MUN",559,1,"SGW"
"Triantis (SUN)",8,0,"WOL",559,1,"SGW"
"Triantis (SUN)",9,0,"CHE",559,1,"SGW"
"Triantis (SUN)",10,0,"EVE",559,1,"SGW"
"Triantis (SUN)",11,0,"ARS",559,1,"SGW"
"Triantis (SUN)",12,0,"FUL",559,1,"SGW"
"Triantis (SUN)",13,0,"BOU",559,1,"SGW"
"Triantis (SUN)",14,0,"LIV",559,1,"SGW"
"Triantis (SUN)",15,0,"MCI",559,1,"SGW"
"Triantis (SUN)",16,0,"NEW",559,1,"SGW"
"Triantis (SUN)",17,0,"BHA",559,1,"SGW"
"Triantis (SUN)",18,0,"LEE",559,1,"SGW"
"Triantis (SUN)",19,0,"MCI",559,1,"SGW"
"Triantis (SUN)",20,0,"TOT",559,1,"SGW"
"Triantis (SUN)",21,0,"BRE",559,1,"SGW"
"Triantis (SUN)",22,0,"CRY",559,1,"SGW"
"Triantis (SUN)",23,0,"WHU",559,1,"SGW"
"Trippier (NEW)",1,6,"AVL",478,1,"SGW"
"Trippier (NEW)",2,1,"LIV",478,1,"SGW"
"Trippier (NEW)",3,6,"LEE",478,1,"SGW"
"Trippier (NEW)",4,8,"WOL",478,1,"SGW"
"Trippier (NEW)",5,0,"BOU",478,1,"SGW"
"Trippier (NEW)",6,0,"ARS",478,1,"SGW"
"Trippier (NEW)",7,6,"NFO",478,1,"SGW"
"Trippier (NEW)",8,1,"BHA",478,1,"SGW"
"Trippier (NEW)",9,2,"FUL",478,1,"SGW"
"Trippier (NEW)",10,0,"WHU",478,1,"SGW"
"Trippier (NEW)",11,0,"BRE",478,1,"SGW"
"Trippier (NEW)",12,0,"MCI",478,1,"SGW"
"Trippier (NEW)",13,0,"EVE",478,1,"SGW"
"Trippier (NEW)",14,0,"TOT",478,1,"SGW"
"Trippier (NEW)",15,0,"BUR",478,1,"SGW"
"Trippier (NEW)",16,0,"SUN",478,1,"SGW"
"Trippier (NEW)",17,0,"CHE",478,1,"SGW"
"Trippier (NEW)",18,0,"MUN",478,1,"SGW"
"Trippier (NEW)",19,0,"BUR",478,1,"SGW"
"Trippier (NEW)",20,0,"CRY",478,1,"SGW"
"Trippier (NEW)",21,0,"LEE",478,1,"SGW"
"Trippier (NEW)",22,6,"WOL",478,1,"SGW"
"Trippier (NEW)",23,1,"AVL",478,1,"SGW"
"Trossard (ARS)",1,0,"MUN",20,1,"SGW"
"Trossard (ARS)",2,1,"LEE",20,1,"SGW"
"Trossard (ARS)",3,0,"LIV",20,1,"SGW"
"Trossard (ARS)",4,4,"NFO",20,1,"SGW"
"Trossard (ARS)",5,2,"MCI",20,1,"SGW"
"Trossard (ARS)",6,2,"NEW",20,1,"SGW"
"Trossard (ARS)",7,3,"WHU",20,1,"SGW"
"Trossard (ARS)",8,10,"FUL",20,1,"SGW"
"Trossard (ARS)",9,3,"CRY",20,1,"SGW"
"Trossard (ARS)",10,6,"BUR",20,1,"SGW"
"Trossard (ARS)",11,9,"SUN",20,1,"SGW"
"Trossard (ARS)",12,12,"TOT",20,1,"SGW"
"Trossard (ARS)",13,0,"CHE",20,1,"SGW"
"Trossard (ARS)",14,0,"BRE",20,1,"SGW"
"Trossard (ARS)",15,6,"AVL",20,1,"SGW"
"Trossard (ARS)",16,1,"WOL",20,1,"SGW"
"Trossard (ARS)",17,3,"EVE",20,1,"SGW"
"Trossard (ARS)",18,2,"BHA",20,1,"SGW"
"Trossard (ARS)",19,13,"AVL",20,1,"SGW"
"Trossard (ARS)",20,1,"BOU",20,1,"SGW"
"Trossard (ARS)",21,2,"LIV",20,1,"SGW"
"Trossard (ARS)",22,1,"NFO",20,1,"SGW"
"Trossard (ARS)",23,2,"MUN",20,1,"SGW"
"Truffert (BOU)",1,0,"LIV",74,1,"SGW"
"Truffert (BOU)",2,6,"WOL",74,1,"SGW"
"Truffert (BOU)",3,7,"TOT",74,1,"SGW"
"Truffert (BOU)",4,2,"BHA",74,1,"SGW"
"Truffert (BOU)",5,9,"NEW",74,1,"SGW"
"Truffert (BOU)",6,3,"LEE",74,1,"SGW"
"Truffert (BOU)",7,5,"FUL",74,1,"SGW"
"Truffert (BOU)",8,1,"CRY",74,1,"SGW"
"Truffert (BOU)",9,10,"NFO",74,1,"SGW"
"Truffert (BOU)",10,2,"MCI",74,1,"SGW"
"Truffert (BOU)",11,0,"AVL",74,1,"SGW"
"Truffert (BOU)",12,0,"WHU",74,1,"SGW"
"Truffert (BOU)",13,1,"SUN",74,1,"SGW"
"Truffert (BOU)",14,4,"EVE",74,1,"SGW"
"Truffert (BOU)",15,6,"CHE",74,1,"SGW"
"Truffert (BOU)",16,0,"MUN",74,1,"SGW"
"Truffert (BOU)",17,5,"BUR",74,1,"SGW"
"Truffert (BOU)",18,1,"BRE",74,1,"SGW"
"Truffert (BOU)",19,3,"CHE",74,1,"SGW"
"Truffert (BOU)",20,1,"ARS",74,1,"SGW"
"Truffert (BOU)",21,1,"TOT",74,1,"SGW"
"Truffert (BOU)",22,4,"BHA",74,1,"SGW"
"Truffert (BOU)",23,3,"LIV",74,1,"SGW"
"Tsimikas (LIV)",1,0,"BOU",377,1,"SGW"
"Tsimikas (LIV)",2,0,"NEW",377,1,"SGW"
"Tsimikas (LIV)",3,0,"ARS",377,1,"SGW"
"Tsimikas (LIV)",4,0,"BUR",377,1,"SGW"
"Tsimikas (LIV)",5,0,"EVE",377,1,"SGW"
"Tsimikas (LIV)",6,0,"CRY",377,1,"SGW"
"Tsimikas (LIV)",7,0,"CHE",377,1,"SGW"
"Tsimikas (LIV)",8,0,"MUN",377,1,"SGW"
"Tsimikas (LIV)",9,0,"BRE",377,1,"SGW"
"Tsimikas (LIV)",10,0,"AVL",377,1,"SGW"
"Tsimikas (LIV)",11,0,"MCI",377,1,"SGW"
"Tsimikas (LIV)",12,0,"NFO",377,1,"SGW"
"Tsimikas (LIV)",13,0,"WHU",377,1,"SGW"
"Tsimikas (LIV)",14,0,"SUN",377,1,"SGW"
"Tsimikas (LIV)",15,0,"LEE",377,1,"SGW"
"Tsimikas (LIV)",16,0,"BHA",377,1,"SGW"
"Tsimikas (LIV)",17,0,"TOT",377,1,"SGW"
"Tsimikas (LIV)",18,0,"WOL",377,1,"SGW"
"Tsimikas (LIV)",19,0,"LEE",377,1,"SGW"
"Tsimikas (LIV)",20,0,"FUL",377,1,"SGW"
"Tsimikas (LIV)",21,0,"ARS",377,1,"SGW"
"Tsimikas (LIV)",22,0,"BUR",377,1,"SGW"
"Tsimikas (LIV)",23,0,"BOU",377,1,"SGW"
"Tuanzebe (BUR)",1,0,"TOT",198,1,"SGW"
"Tuanzebe (BUR)",2,0,"SUN",198,1,"SGW"
"Tuanzebe (BUR)",3,0,"MUN",198,1,"SGW"
"Tuanzebe (BUR)",4,0,"LIV",198,1,"SGW"
"Tuanzebe (BUR)",5,0,"NFO",198,1,"SGW"
"Tuanzebe (BUR)",6,0,"MCI",198,1,"SGW"
"Tuanzebe (BUR)",7,1,"AVL",198,1,"SGW"
"Tuanzebe (BUR)",8,8,"LEE",198,1,"SGW"
"Tuanzebe (BUR)",9,1,"WOL",198,1,"SGW"
"Tuanzebe (BUR)",10,3,"ARS",198,1,"SGW"
"Tuanzebe (BUR)",11,3,"WHU",198,1,"SGW"
"Tuanzebe (BUR)",12,1,"CHE",198,1,"SGW"
"Tuanzebe (BUR)",13,0,"BRE",198,1,"SGW"
"Tuanzebe (BUR)",14,0,"CRY",198,1,"SGW"
"Tuanzebe (BUR)",15,0,"NEW",198,1,"SGW"
"Tuanzebe (BUR)",16,1,"FUL",198,1,"SGW"
"Tuanzebe (BUR)",17,0,"BOU",198,1,"SGW"
"Tuanzebe (BUR)",18,0,"EVE",198,1,"SGW"
"Tuanzebe (BUR)",19,0,"NEW",198,1,"SGW"
"Tuanzebe (BUR)",20,0,"BHA",198,1,"SGW"
"Tuanzebe (BUR)",21,0,"MUN",198,1,"SGW"
"Tuanzebe (BUR)",22,4,"LIV",198,1,"SGW"
"Tuanzebe (BUR)",23,7,"TOT",198,1,"SGW"
"Turner (NFO)",1,0,"BRE",504,1,"SGW"
"Turner (NFO)",2,0,"CRY",504,1,"SGW"
"Turner (NFO)",3,0,"WHU",504,1,"SGW"
"Turner (NFO)",4,0,"ARS",504,1,"SGW"
"Turner (NFO)",5,0,"BUR",504,1,"SGW"
"Turner (NFO)",6,0,"SUN",504,1,"SGW"
"Turner (NFO)",7,0,"NEW",504,1,"SGW"
"Turner (NFO)",8,0,"CHE",504,1,"SGW"
"Turner (NFO)",9,0,"BOU",504,1,"SGW"
"Turner (NFO)",10,0,"MUN",504,1,"SGW"
"Turner (NFO)",11,0,"LEE",504,1,"SGW"
"Turner (NFO)",12,0,"LIV",504,1,"SGW"
"Turner (NFO)",13,0,"BHA",504,1,"SGW"
"Turner (NFO)",14,0,"WOL",504,1,"SGW"
"Turner (NFO)",15,0,"EVE",504,1,"SGW"
"Turner (NFO)",16,0,"TOT",504,1,"SGW"
"Turner (NFO)",17,0,"FUL",504,1,"SGW"
"Turner (NFO)",18,0,"MCI",504,1,"SGW"
"Turner (NFO)",19,0,"EVE",504,1,"SGW"
"Turner (NFO)",20,0,"AVL",504,1,"SGW"
"Turner (NFO)",21,0,"WHU",504,1,"SGW"
"Turner (NFO)",22,0,"ARS",504,1,"SGW"
"Turner (NFO)",23,0,"BRE",504,1,"SGW"
"Tutierov (SUN)",1,NA,NA,775,NA,"BGW"
"Tutierov (SUN)",2,NA,NA,775,NA,"BGW"
"Tutierov (SUN)",3,NA,NA,775,NA,"BGW"
"Tutierov (SUN)",4,NA,NA,775,NA,"BGW"
"Tutierov (SUN)",5,NA,NA,775,NA,"BGW"
"Tutierov (SUN)",6,NA,NA,775,NA,"BGW"
"Tutierov (SUN)",7,NA,NA,775,NA,"BGW"
"Tutierov (SUN)",8,NA,NA,775,NA,"BGW"
"Tutierov (SUN)",9,NA,NA,775,NA,"BGW"
"Tutierov (SUN)",10,NA,NA,775,NA,"BGW"
"Tutierov (SUN)",11,NA,NA,775,NA,"BGW"
"Tutierov (SUN)",12,NA,NA,775,NA,"BGW"
"Tutierov (SUN)",13,NA,NA,775,NA,"BGW"
"Tutierov (SUN)",14,NA,NA,775,NA,"BGW"
"Tutierov (SUN)",15,NA,NA,775,NA,"BGW"
"Tutierov (SUN)",16,NA,NA,775,NA,"BGW"
"Tutierov (SUN)",17,NA,NA,775,NA,"BGW"
"Tutierov (SUN)",18,0,"LEE",775,1,"SGW"
"Tutierov (SUN)",19,0,"MCI",775,1,"SGW"
"Tutierov (SUN)",20,0,"TOT",775,1,"SGW"
"Tutierov (SUN)",21,0,"BRE",775,1,"SGW"
"Tutierov (SUN)",22,0,"CRY",775,1,"SGW"
"Tutierov (SUN)",23,0,"WHU",775,1,"SGW"
"Tyrer (EVE)",1,0,"LEE",289,1,"SGW"
"Tyrer (EVE)",2,0,"BHA",289,1,"SGW"
"Tyrer (EVE)",3,0,"WOL",289,1,"SGW"
"Tyrer (EVE)",4,0,"AVL",289,1,"SGW"
"Tyrer (EVE)",5,0,"LIV",289,1,"SGW"
"Tyrer (EVE)",6,0,"WHU",289,1,"SGW"
"Tyrer (EVE)",7,0,"CRY",289,1,"SGW"
"Tyrer (EVE)",8,0,"MCI",289,1,"SGW"
"Tyrer (EVE)",9,0,"TOT",289,1,"SGW"
"Tyrer (EVE)",10,0,"SUN",289,1,"SGW"
"Tyrer (EVE)",11,0,"FUL",289,1,"SGW"
"Tyrer (EVE)",12,0,"MUN",289,1,"SGW"
"Tyrer (EVE)",13,0,"NEW",289,1,"SGW"
"Tyrer (EVE)",14,0,"BOU",289,1,"SGW"
"Tyrer (EVE)",15,0,"NFO",289,1,"SGW"
"Tyrer (EVE)",16,0,"CHE",289,1,"SGW"
"Tyrer (EVE)",17,0,"ARS",289,1,"SGW"
"Tyrer (EVE)",18,0,"BUR",289,1,"SGW"
"Tyrer (EVE)",19,0,"NFO",289,1,"SGW"
"Tyrer (EVE)",20,0,"BRE",289,1,"SGW"
"Tyrer (EVE)",21,0,"WOL",289,1,"SGW"
"Tyrer (EVE)",22,0,"AVL",289,1,"SGW"
"Tyrer (EVE)",23,0,"LEE",289,1,"SGW"
"Tzimas (BHA)",1,0,"FUL",180,1,"SGW"
"Tzimas (BHA)",2,0,"EVE",180,1,"SGW"
"Tzimas (BHA)",3,0,"MCI",180,1,"SGW"
"Tzimas (BHA)",4,1,"BOU",180,1,"SGW"
"Tzimas (BHA)",5,0,"TOT",180,1,"SGW"
"Tzimas (BHA)",6,1,"CHE",180,1,"SGW"
"Tzimas (BHA)",7,4,"WOL",180,1,"SGW"
"Tzimas (BHA)",8,1,"NEW",180,1,"SGW"
"Tzimas (BHA)",9,1,"MUN",180,1,"SGW"
"Tzimas (BHA)",10,1,"LEE",180,1,"SGW"
"Tzimas (BHA)",11,1,"CRY",180,1,"SGW"
"Tzimas (BHA)",12,0,"BRE",180,1,"SGW"
"Tzimas (BHA)",13,5,"NFO",180,1,"SGW"
"Tzimas (BHA)",14,1,"AVL",180,1,"SGW"
"Tzimas (BHA)",15,0,"WHU",180,1,"SGW"
"Tzimas (BHA)",16,0,"LIV",180,1,"SGW"
"Tzimas (BHA)",17,0,"SUN",180,1,"SGW"
"Tzimas (BHA)",18,0,"ARS",180,1,"SGW"
"Tzimas (BHA)",19,0,"WHU",180,1,"SGW"
"Tzimas (BHA)",20,0,"BUR",180,1,"SGW"
"Tzimas (BHA)",21,0,"MCI",180,1,"SGW"
"Tzimas (BHA)",22,0,"BOU",180,1,"SGW"
"Tzimas (BHA)",23,0,"FUL",180,1,"SGW"
"Uche (CRY)",1,NA,NA,732,NA,"BGW"
"Uche (CRY)",2,NA,NA,732,NA,"BGW"
"Uche (CRY)",3,NA,NA,732,NA,"BGW"
"Uche (CRY)",4,1,"SUN",732,1,"SGW"
"Uche (CRY)",5,0,"WHU",732,1,"SGW"
"Uche (CRY)",6,0,"LIV",732,1,"SGW"
"Uche (CRY)",7,1,"EVE",732,1,"SGW"
"Uche (CRY)",8,0,"BOU",732,1,"SGW"
"Uche (CRY)",9,1,"ARS",732,1,"SGW"
"Uche (CRY)",10,0,"BRE",732,1,"SGW"
"Uche (CRY)",11,0,"BHA",732,1,"SGW"
"Uche (CRY)",12,0,"WOL",732,1,"SGW"
"Uche (CRY)",13,1,"MUN",732,1,"SGW"
"Uche (CRY)",14,0,"BUR",732,1,"SGW"
"Uche (CRY)",15,1,"FUL",732,1,"SGW"
"Uche (CRY)",16,1,"MCI",732,1,"SGW"
"Uche (CRY)",17,4,"LEE",732,1,"SGW"
"Uche (CRY)",18,1,"TOT",732,1,"SGW"
"Uche (CRY)",19,1,"FUL",732,1,"SGW"
"Uche (CRY)",20,1,"NEW",732,1,"SGW"
"Uche (CRY)",21,0,"AVL",732,1,"SGW"
"Uche (CRY)",22,0,"SUN",732,1,"SGW"
"Uche (CRY)",23,1,"CHE",732,1,"SGW"
"Udogie (TOT)",1,0,"BUR",574,1,"SGW"
"Udogie (TOT)",2,0,"MCI",574,1,"SGW"
"Udogie (TOT)",3,1,"BOU",574,1,"SGW"
"Udogie (TOT)",4,1,"WHU",574,1,"SGW"
"Udogie (TOT)",5,1,"BHA",574,1,"SGW"
"Udogie (TOT)",6,2,"WOL",574,1,"SGW"
"Udogie (TOT)",7,2,"LEE",574,1,"SGW"
"Udogie (TOT)",8,0,"AVL",574,1,"SGW"
"Udogie (TOT)",9,0,"EVE",574,1,"SGW"
"Udogie (TOT)",10,1,"CHE",574,1,"SGW"
"Udogie (TOT)",11,4,"MUN",574,1,"SGW"
"Udogie (TOT)",12,0,"ARS",574,1,"SGW"
"Udogie (TOT)",13,0,"FUL",574,1,"SGW"
"Udogie (TOT)",14,1,"NEW",574,1,"SGW"
"Udogie (TOT)",15,0,"BRE",574,1,"SGW"
"Udogie (TOT)",16,0,"NFO",574,1,"SGW"
"Udogie (TOT)",17,0,"LIV",574,1,"SGW"
"Udogie (TOT)",18,0,"CRY",574,1,"SGW"
"Udogie (TOT)",19,0,"BRE",574,1,"SGW"
"Udogie (TOT)",20,0,"SUN",574,1,"SGW"
"Udogie (TOT)",21,0,"BOU",574,1,"SGW"
"Udogie (TOT)",22,0,"WHU",574,1,"SGW"
"Udogie (TOT)",23,1,"BUR",574,1,"SGW"
"Ugarte (MUN)",1,1,"ARS",459,1,"SGW"
"Ugarte (MUN)",2,1,"FUL",459,1,"SGW"
"Ugarte (MUN)",3,0,"BUR",459,1,"SGW"
"Ugarte (MUN)",4,4,"MCI",459,1,"SGW"
"Ugarte (MUN)",5,1,"CHE",459,1,"SGW"
"Ugarte (MUN)",6,2,"BRE",459,1,"SGW"
"Ugarte (MUN)",7,1,"SUN",459,1,"SGW"
"Ugarte (MUN)",8,1,"LIV",459,1,"SGW"
"Ugarte (MUN)",9,1,"BHA",459,1,"SGW"
"Ugarte (MUN)",10,0,"NFO",459,1,"SGW"
"Ugarte (MUN)",11,1,"TOT",459,1,"SGW"
"Ugarte (MUN)",12,0,"EVE",459,1,"SGW"
"Ugarte (MUN)",13,0,"CRY",459,1,"SGW"
"Ugarte (MUN)",14,1,"WHU",459,1,"SGW"
"Ugarte (MUN)",15,0,"WOL",459,1,"SGW"
"Ugarte (MUN)",16,0,"BOU",459,1,"SGW"
"Ugarte (MUN)",17,1,"AVL",459,1,"SGW"
"Ugarte (MUN)",18,5,"NEW",459,1,"SGW"
"Ugarte (MUN)",19,2,"WOL",459,1,"SGW"
"Ugarte (MUN)",20,4,"LEE",459,1,"SGW"
"Ugarte (MUN)",21,2,"BUR",459,1,"SGW"
"Ugarte (MUN)",22,1,"MCI",459,1,"SGW"
"Ugarte (MUN)",23,0,"ARS",459,1,"SGW"
"Ugochukwu (BUR)",1,1,"TOT",676,1,"SGW"
"Ugochukwu (BUR)",2,3,"SUN",676,1,"SGW"
"Ugochukwu (BUR)",3,2,"MUN",676,1,"SGW"
"Ugochukwu (BUR)",4,-1,"LIV",676,1,"SGW"
"Ugochukwu (BUR)",5,0,"NFO",676,1,"SGW"
"Ugochukwu (BUR)",6,1,"MCI",676,1,"SGW"
"Ugochukwu (BUR)",7,7,"AVL",676,1,"SGW"
"Ugochukwu (BUR)",8,10,"LEE",676,1,"SGW"
"Ugochukwu (BUR)",9,2,"WOL",676,1,"SGW"
"Ugochukwu (BUR)",10,2,"ARS",676,1,"SGW"
"Ugochukwu (BUR)",11,5,"WHU",676,1,"SGW"
"Ugochukwu (BUR)",12,2,"CHE",676,1,"SGW"
"Ugochukwu (BUR)",13,1,"BRE",676,1,"SGW"
"Ugochukwu (BUR)",14,1,"CRY",676,1,"SGW"
"Ugochukwu (BUR)",15,2,"NEW",676,1,"SGW"
"Ugochukwu (BUR)",16,9,"FUL",676,1,"SGW"
"Ugochukwu (BUR)",17,2,"BOU",676,1,"SGW"
"Ugochukwu (BUR)",18,3,"EVE",676,1,"SGW"
"Ugochukwu (BUR)",19,4,"NEW",676,1,"SGW"
"Ugochukwu (BUR)",20,1,"BHA",676,1,"SGW"
"Ugochukwu (BUR)",21,4,"MUN",676,1,"SGW"
"Ugochukwu (BUR)",22,4,"LIV",676,1,"SGW"
"Ugochukwu (BUR)",23,2,"TOT",676,1,"SGW"
"Umeh (CRY)",1,0,"CHE",282,1,"SGW"
"Umeh (CRY)",2,0,"NFO",282,1,"SGW"
"Umeh (CRY)",3,0,"AVL",282,1,"SGW"
"Umeh (CRY)",4,0,"SUN",282,1,"SGW"
"Umeh (CRY)",5,0,"WHU",282,1,"SGW"
"Umeh (CRY)",6,0,"LIV",282,1,"SGW"
"Umeh (CRY)",7,0,"EVE",282,1,"SGW"
"Umeh (CRY)",8,0,"BOU",282,1,"SGW"
"Umeh (CRY)",9,0,"ARS",282,1,"SGW"
"Umeh (CRY)",10,0,"BRE",282,1,"SGW"
"Umeh (CRY)",11,0,"BHA",282,1,"SGW"
"Umeh (CRY)",12,0,"WOL",282,1,"SGW"
"Umeh (CRY)",13,0,"MUN",282,1,"SGW"
"Umeh (CRY)",14,0,"BUR",282,1,"SGW"
"Umeh (CRY)",15,0,"FUL",282,1,"SGW"
"Umeh (CRY)",16,0,"MCI",282,1,"SGW"
"Umeh (CRY)",17,0,"LEE",282,1,"SGW"
"Umeh (CRY)",18,0,"TOT",282,1,"SGW"
"Umeh (CRY)",19,0,"FUL",282,1,"SGW"
"Umeh (CRY)",20,0,"NEW",282,1,"SGW"
"Umeh (CRY)",21,0,"AVL",282,1,"SGW"
"Umeh (CRY)",22,0,"SUN",282,1,"SGW"
"Umeh (CRY)",23,0,"CHE",282,1,"SGW"
"Valdimarsson (BRE)",1,0,"NFO",105,1,"SGW"
"Valdimarsson (BRE)",2,0,"AVL",105,1,"SGW"
"Valdimarsson (BRE)",3,0,"SUN",105,1,"SGW"
"Valdimarsson (BRE)",4,0,"CHE",105,1,"SGW"
"Valdimarsson (BRE)",5,0,"FUL",105,1,"SGW"
"Valdimarsson (BRE)",6,0,"MUN",105,1,"SGW"
"Valdimarsson (BRE)",7,0,"MCI",105,1,"SGW"
"Valdimarsson (BRE)",8,0,"WHU",105,1,"SGW"
"Valdimarsson (BRE)",9,0,"LIV",105,1,"SGW"
"Valdimarsson (BRE)",10,0,"CRY",105,1,"SGW"
"Valdimarsson (BRE)",11,0,"NEW",105,1,"SGW"
"Valdimarsson (BRE)",12,0,"BHA",105,1,"SGW"
"Valdimarsson (BRE)",13,0,"BUR",105,1,"SGW"
"Valdimarsson (BRE)",14,0,"ARS",105,1,"SGW"
"Valdimarsson (BRE)",15,0,"TOT",105,1,"SGW"
"Valdimarsson (BRE)",16,0,"LEE",105,1,"SGW"
"Valdimarsson (BRE)",17,0,"WOL",105,1,"SGW"
"Valdimarsson (BRE)",18,0,"BOU",105,1,"SGW"
"Valdimarsson (BRE)",19,0,"TOT",105,1,"SGW"
"Valdimarsson (BRE)",20,0,"EVE",105,1,"SGW"
"Valdimarsson (BRE)",21,0,"SUN",105,1,"SGW"
"Valdimarsson (BRE)",22,0,"CHE",105,1,"SGW"
"Valdimarsson (BRE)",23,0,"NFO",105,1,"SGW"
"Van de Ven (TOT)",1,6,"BUR",575,1,"SGW"
"Van de Ven (TOT)",2,6,"MCI",575,1,"SGW"
"Van de Ven (TOT)",3,1,"BOU",575,1,"SGW"
"Van de Ven (TOT)",4,14,"WHU",575,1,"SGW"
"Van de Ven (TOT)",5,1,"BHA",575,1,"SGW"
"Van de Ven (TOT)",6,2,"WOL",575,1,"SGW"
"Van de Ven (TOT)",7,2,"LEE",575,1,"SGW"
"Van de Ven (TOT)",8,0,"AVL",575,1,"SGW"
"Van de Ven (TOT)",9,23,"EVE",575,1,"SGW"
"Van de Ven (TOT)",10,2,"CHE",575,1,"SGW"
"Van de Ven (TOT)",11,1,"MUN",575,1,"SGW"
"Van de Ven (TOT)",12,0,"ARS",575,1,"SGW"
"Van de Ven (TOT)",13,0,"FUL",575,1,"SGW"
"Van de Ven (TOT)",14,0,"NEW",575,1,"SGW"
"Van de Ven (TOT)",15,6,"BRE",575,1,"SGW"
"Van de Ven (TOT)",16,1,"NFO",575,1,"SGW"
"Van de Ven (TOT)",17,0,"LIV",575,1,"SGW"
"Van de Ven (TOT)",18,11,"CRY",575,1,"SGW"
"Van de Ven (TOT)",19,6,"BRE",575,1,"SGW"
"Van de Ven (TOT)",20,7,"SUN",575,1,"SGW"
"Van de Ven (TOT)",21,0,"BOU",575,1,"SGW"
"Van de Ven (TOT)",22,0,"WHU",575,1,"SGW"
"Van de Ven (TOT)",23,7,"BUR",575,1,"SGW"
"Van den Berg (BRE)",1,3,"NFO",113,1,"SGW"
"Van den Berg (BRE)",2,8,"AVL",113,1,"SGW"
"Van den Berg (BRE)",3,3,"SUN",113,1,"SGW"
"Van den Berg (BRE)",4,1,"CHE",113,1,"SGW"
"Van den Berg (BRE)",5,1,"FUL",113,1,"SGW"
"Van den Berg (BRE)",6,2,"MUN",113,1,"SGW"
"Van den Berg (BRE)",7,2,"MCI",113,1,"SGW"
"Van den Berg (BRE)",8,6,"WHU",113,1,"SGW"
"Van den Berg (BRE)",9,3,"LIV",113,1,"SGW"
"Van den Berg (BRE)",10,3,"CRY",113,1,"SGW"
"Van den Berg (BRE)",11,2,"NEW",113,1,"SGW"
"Van den Berg (BRE)",12,3,"BHA",113,1,"SGW"
"Van den Berg (BRE)",13,2,"BUR",113,1,"SGW"
"Van den Berg (BRE)",14,1,"ARS",113,1,"SGW"
"Van den Berg (BRE)",15,1,"TOT",113,1,"SGW"
"Van den Berg (BRE)",16,4,"LEE",113,1,"SGW"
"Van den Berg (BRE)",17,7,"WOL",113,1,"SGW"
"Van den Berg (BRE)",18,0,"BOU",113,1,"SGW"
"Van den Berg (BRE)",19,0,"TOT",113,1,"SGW"
"Van den Berg (BRE)",20,0,"EVE",113,1,"SGW"
"Van den Berg (BRE)",21,0,"SUN",113,1,"SGW"
"Van den Berg (BRE)",22,0,"CHE",113,1,"SGW"
"Van den Berg (BRE)",23,1,"NFO",113,1,"SGW"
"Van Hecke (BHA)",1,2,"FUL",151,1,"SGW"
"Van Hecke (BHA)",2,1,"EVE",151,1,"SGW"
"Van Hecke (BHA)",3,1,"MCI",151,1,"SGW"
"Van Hecke (BHA)",4,3,"BOU",151,1,"SGW"
"Van Hecke (BHA)",5,1,"TOT",151,1,"SGW"
"Van Hecke (BHA)",6,3,"CHE",151,1,"SGW"
"Van Hecke (BHA)",7,11,"WOL",151,1,"SGW"
"Van Hecke (BHA)",8,4,"NEW",151,1,"SGW"
"Van Hecke (BHA)",9,2,"MUN",151,1,"SGW"
"Van Hecke (BHA)",10,7,"LEE",151,1,"SGW"
"Van Hecke (BHA)",11,5,"CRY",151,1,"SGW"
"Van Hecke (BHA)",12,2,"BRE",151,1,"SGW"
"Van Hecke (BHA)",13,6,"NFO",151,1,"SGW"
"Van Hecke (BHA)",14,12,"AVL",151,1,"SGW"
"Van Hecke (BHA)",15,5,"WHU",151,1,"SGW"
"Van Hecke (BHA)",16,1,"LIV",151,1,"SGW"
"Van Hecke (BHA)",17,0,"SUN",151,1,"SGW"
"Van Hecke (BHA)",18,3,"ARS",151,1,"SGW"
"Van Hecke (BHA)",19,0,"WHU",151,1,"SGW"
"Van Hecke (BHA)",20,6,"BUR",151,1,"SGW"
"Van Hecke (BHA)",21,3,"MCI",151,1,"SGW"
"Van Hecke (BHA)",22,6,"BOU",151,1,"SGW"
"Van Hecke (BHA)",23,1,"FUL",151,1,"SGW"
"Veltman (BHA)",1,0,"FUL",152,1,"SGW"
"Veltman (BHA)",2,0,"EVE",152,1,"SGW"
"Veltman (BHA)",3,1,"MCI",152,1,"SGW"
"Veltman (BHA)",4,3,"BOU",152,1,"SGW"
"Veltman (BHA)",5,3,"TOT",152,1,"SGW"
"Veltman (BHA)",6,0,"CHE",152,1,"SGW"
"Veltman (BHA)",7,0,"WOL",152,1,"SGW"
"Veltman (BHA)",8,0,"NEW",152,1,"SGW"
"Veltman (BHA)",9,0,"MUN",152,1,"SGW"
"Veltman (BHA)",10,0,"LEE",152,1,"SGW"
"Veltman (BHA)",11,0,"CRY",152,1,"SGW"
"Veltman (BHA)",12,1,"BRE",152,1,"SGW"
"Veltman (BHA)",13,1,"NFO",152,1,"SGW"
"Veltman (BHA)",14,1,"AVL",152,1,"SGW"
"Veltman (BHA)",15,0,"WHU",152,1,"SGW"
"Veltman (BHA)",16,0,"LIV",152,1,"SGW"
"Veltman (BHA)",17,1,"SUN",152,1,"SGW"
"Veltman (BHA)",18,0,"ARS",152,1,"SGW"
"Veltman (BHA)",19,10,"WHU",152,1,"SGW"
"Veltman (BHA)",20,6,"BUR",152,1,"SGW"
"Veltman (BHA)",21,0,"MCI",152,1,"SGW"
"Veltman (BHA)",22,2,"BOU",152,1,"SGW"
"Veltman (BHA)",23,0,"FUL",152,1,"SGW"
"Verbruggen (BHA)",1,2,"FUL",139,1,"SGW"
"Verbruggen (BHA)",2,1,"EVE",139,1,"SGW"
"Verbruggen (BHA)",3,2,"MCI",139,1,"SGW"
"Verbruggen (BHA)",4,2,"BOU",139,1,"SGW"
"Verbruggen (BHA)",5,1,"TOT",139,1,"SGW"
"Verbruggen (BHA)",6,2,"CHE",139,1,"SGW"
"Verbruggen (BHA)",7,1,"WOL",139,1,"SGW"
"Verbruggen (BHA)",8,2,"NEW",139,1,"SGW"
"Verbruggen (BHA)",9,1,"MUN",139,1,"SGW"
"Verbruggen (BHA)",10,6,"LEE",139,1,"SGW"
"Verbruggen (BHA)",11,6,"CRY",139,1,"SGW"
"Verbruggen (BHA)",12,7,"BRE",139,1,"SGW"
"Verbruggen (BHA)",13,7,"NFO",139,1,"SGW"
"Verbruggen (BHA)",14,1,"AVL",139,1,"SGW"
"Verbruggen (BHA)",15,3,"WHU",139,1,"SGW"
"Verbruggen (BHA)",16,1,"LIV",139,1,"SGW"
"Verbruggen (BHA)",17,11,"SUN",139,1,"SGW"
"Verbruggen (BHA)",18,1,"ARS",139,1,"SGW"
"Verbruggen (BHA)",19,1,"WHU",139,1,"SGW"
"Verbruggen (BHA)",20,7,"BUR",139,1,"SGW"
"Verbruggen (BHA)",21,3,"MCI",139,1,"SGW"
"Verbruggen (BHA)",22,2,"BOU",139,1,"SGW"
"Verbruggen (BHA)",23,1,"FUL",139,1,"SGW"
"Vicario (TOT)",1,9,"BUR",565,1,"SGW"
"Vicario (TOT)",2,9,"MCI",565,1,"SGW"
"Vicario (TOT)",3,3,"BOU",565,1,"SGW"
"Vicario (TOT)",4,8,"WHU",565,1,"SGW"
"Vicario (TOT)",5,1,"BHA",565,1,"SGW"
"Vicario (TOT)",6,2,"WOL",565,1,"SGW"
"Vicario (TOT)",7,3,"LEE",565,1,"SGW"
"Vicario (TOT)",8,1,"AVL",565,1,"SGW"
"Vicario (TOT)",9,6,"EVE",565,1,"SGW"
"Vicario (TOT)",10,4,"CHE",565,1,"SGW"
"Vicario (TOT)",11,1,"MUN",565,1,"SGW"
"Vicario (TOT)",12,1,"ARS",565,1,"SGW"
"Vicario (TOT)",13,1,"FUL",565,1,"SGW"
"Vicario (TOT)",14,2,"NEW",565,1,"SGW"
"Vicario (TOT)",15,6,"BRE",565,1,"SGW"
"Vicario (TOT)",16,2,"NFO",565,1,"SGW"
"Vicario (TOT)",17,1,"LIV",565,1,"SGW"
"Vicario (TOT)",18,7,"CRY",565,1,"SGW"
"Vicario (TOT)",19,5,"BRE",565,1,"SGW"
"Vicario (TOT)",20,2,"SUN",565,1,"SGW"
"Vicario (TOT)",21,1,"BOU",565,1,"SGW"
"Vicario (TOT)",22,1,"WHU",565,1,"SGW"
"Vicario (TOT)",23,1,"BUR",565,1,"SGW"
"Virgil (LIV)",1,3,"BOU",373,1,"SGW"
"Virgil (LIV)",2,3,"NEW",373,1,"SGW"
"Virgil (LIV)",3,8,"ARS",373,1,"SGW"
"Virgil (LIV)",4,8,"BUR",373,1,"SGW"
"Virgil (LIV)",5,4,"EVE",373,1,"SGW"
"Virgil (LIV)",6,2,"CRY",373,1,"SGW"
"Virgil (LIV)",7,1,"CHE",373,1,"SGW"
"Virgil (LIV)",8,3,"MUN",373,1,"SGW"
"Virgil (LIV)",9,3,"BRE",373,1,"SGW"
"Virgil (LIV)",10,5,"AVL",373,1,"SGW"
"Virgil (LIV)",11,1,"MCI",373,1,"SGW"
"Virgil (LIV)",12,3,"NFO",373,1,"SGW"
"Virgil (LIV)",13,6,"WHU",373,1,"SGW"
"Virgil (LIV)",14,4,"SUN",373,1,"SGW"
"Virgil (LIV)",15,2,"LEE",373,1,"SGW"
"Virgil (LIV)",16,6,"BHA",373,1,"SGW"
"Virgil (LIV)",17,2,"TOT",373,1,"SGW"
"Virgil (LIV)",18,2,"WOL",373,1,"SGW"
"Virgil (LIV)",19,6,"LEE",373,1,"SGW"
"Virgil (LIV)",20,1,"FUL",373,1,"SGW"
"Virgil (LIV)",21,6,"ARS",373,1,"SGW"
"Virgil (LIV)",22,2,"BUR",373,1,"SGW"
"Virgil (LIV)",23,9,"BOU",373,1,"SGW"
"Vitor Reis (MCI)",1,0,"WOL",412,1,"SGW"
"Vitor Reis (MCI)",2,0,"TOT",412,1,"SGW"
"Vitor Reis (MCI)",3,0,"BHA",412,1,"SGW"
"Vitor Reis (MCI)",4,0,"MUN",412,1,"SGW"
"Vitor Reis (MCI)",5,0,"ARS",412,1,"SGW"
"Vitor Reis (MCI)",6,0,"BUR",412,1,"SGW"
"Vitor Reis (MCI)",7,0,"BRE",412,1,"SGW"
"Vitor Reis (MCI)",8,0,"EVE",412,1,"SGW"
"Vitor Reis (MCI)",9,0,"AVL",412,1,"SGW"
"Vitor Reis (MCI)",10,0,"BOU",412,1,"SGW"
"Vitor Reis (MCI)",11,0,"LIV",412,1,"SGW"
"Vitor Reis (MCI)",12,0,"NEW",412,1,"SGW"
"Vitor Reis (MCI)",13,0,"LEE",412,1,"SGW"
"Vitor Reis (MCI)",14,0,"FUL",412,1,"SGW"
"Vitor Reis (MCI)",15,0,"SUN",412,1,"SGW"
"Vitor Reis (MCI)",16,0,"CRY",412,1,"SGW"
"Vitor Reis (MCI)",17,0,"WHU",412,1,"SGW"
"Vitor Reis (MCI)",18,0,"NFO",412,1,"SGW"
"Vitor Reis (MCI)",19,0,"SUN",412,1,"SGW"
"Vitor Reis (MCI)",20,0,"CHE",412,1,"SGW"
"Vitor Reis (MCI)",21,0,"BHA",412,1,"SGW"
"Vitor Reis (MCI)",22,0,"MUN",412,1,"SGW"
"Vitor Reis (MCI)",23,0,"WOL",412,1,"SGW"
"Vuskovic (TOT)",1,0,"BUR",578,1,"SGW"
"Vuskovic (TOT)",2,0,"MCI",578,1,"SGW"
"Vuskovic (TOT)",3,0,"BOU",578,1,"SGW"
"Vuskovic (TOT)",4,0,"WHU",578,1,"SGW"
"Vuskovic (TOT)",5,0,"BHA",578,1,"SGW"
"Vuskovic (TOT)",6,0,"WOL",578,1,"SGW"
"Vuskovic (TOT)",7,0,"LEE",578,1,"SGW"
"Vuskovic (TOT)",8,0,"AVL",578,1,"SGW"
"Vuskovic (TOT)",9,0,"EVE",578,1,"SGW"
"Vuskovic (TOT)",10,0,"CHE",578,1,"SGW"
"Vuskovic (TOT)",11,0,"MUN",578,1,"SGW"
"Vuskovic (TOT)",12,0,"ARS",578,1,"SGW"
"Vuskovic (TOT)",13,0,"FUL",578,1,"SGW"
"Vuskovic (TOT)",14,0,"NEW",578,1,"SGW"
"Vuskovic (TOT)",15,0,"BRE",578,1,"SGW"
"Vuskovic (TOT)",16,0,"NFO",578,1,"SGW"
"Vuskovic (TOT)",17,0,"LIV",578,1,"SGW"
"Vuskovic (TOT)",18,0,"CRY",578,1,"SGW"
"Vuskovic (TOT)",19,0,"BRE",578,1,"SGW"
"Vuskovic (TOT)",20,0,"SUN",578,1,"SGW"
"Vuskovic (TOT)",21,0,"BOU",578,1,"SGW"
"Vuskovic (TOT)",22,0,"WHU",578,1,"SGW"
"Vuskovic (TOT)",23,0,"BUR",578,1,"SGW"
"Walker (BUR)",1,1,"TOT",187,1,"SGW"
"Walker (BUR)",2,6,"SUN",187,1,"SGW"
"Walker (BUR)",3,0,"MUN",187,1,"SGW"
"Walker (BUR)",4,2,"LIV",187,1,"SGW"
"Walker (BUR)",5,2,"NFO",187,1,"SGW"
"Walker (BUR)",6,-1,"MCI",187,1,"SGW"
"Walker (BUR)",7,1,"AVL",187,1,"SGW"
"Walker (BUR)",8,14,"LEE",187,1,"SGW"
"Walker (BUR)",9,3,"WOL",187,1,"SGW"
"Walker (BUR)",10,1,"ARS",187,1,"SGW"
"Walker (BUR)",11,0,"WHU",187,1,"SGW"
"Walker (BUR)",12,0,"CHE",187,1,"SGW"
"Walker (BUR)",13,3,"BRE",187,1,"SGW"
"Walker (BUR)",14,2,"CRY",187,1,"SGW"
"Walker (BUR)",15,0,"NEW",187,1,"SGW"
"Walker (BUR)",16,0,"FUL",187,1,"SGW"
"Walker (BUR)",17,2,"BOU",187,1,"SGW"
"Walker (BUR)",18,6,"EVE",187,1,"SGW"
"Walker (BUR)",19,0,"NEW",187,1,"SGW"
"Walker (BUR)",20,0,"BHA",187,1,"SGW"
"Walker (BUR)",21,1,"MUN",187,1,"SGW"
"Walker (BUR)",22,2,"LIV",187,1,"SGW"
"Walker (BUR)",23,4,"TOT",187,1,"SGW"
"Walker-Peters (WHU)",1,0,"SUN",659,1,"SGW"
"Walker-Peters (WHU)",2,1,"CHE",659,1,"SGW"
"Walker-Peters (WHU)",3,6,"NFO",659,1,"SGW"
"Walker-Peters (WHU)",4,1,"TOT",659,1,"SGW"
"Walker-Peters (WHU)",5,1,"CRY",659,1,"SGW"
"Walker-Peters (WHU)",6,1,"EVE",659,1,"SGW"
"Walker-Peters (WHU)",7,1,"ARS",659,1,"SGW"
"Walker-Peters (WHU)",8,1,"BRE",659,1,"SGW"
"Walker-Peters (WHU)",9,1,"LEE",659,1,"SGW"
"Walker-Peters (WHU)",10,1,"NEW",659,1,"SGW"
"Walker-Peters (WHU)",11,7,"BUR",659,1,"SGW"
"Walker-Peters (WHU)",12,0,"BOU",659,1,"SGW"
"Walker-Peters (WHU)",13,0,"LIV",659,1,"SGW"
"Walker-Peters (WHU)",14,0,"MUN",659,1,"SGW"
"Walker-Peters (WHU)",15,0,"BHA",659,1,"SGW"
"Walker-Peters (WHU)",16,0,"AVL",659,1,"SGW"
"Walker-Peters (WHU)",17,3,"MCI",659,1,"SGW"
"Walker-Peters (WHU)",18,2,"FUL",659,1,"SGW"
"Walker-Peters (WHU)",19,1,"BHA",659,1,"SGW"
"Walker-Peters (WHU)",20,3,"WOL",659,1,"SGW"
"Walker-Peters (WHU)",21,0,"NFO",659,1,"SGW"
"Walker-Peters (WHU)",22,0,"TOT",659,1,"SGW"
"Walker-Peters (WHU)",23,0,"SUN",659,1,"SGW"
"Wan-Bissaka (WHU)",1,1,"SUN",610,1,"SGW"
"Wan-Bissaka (WHU)",2,0,"CHE",610,1,"SGW"
"Wan-Bissaka (WHU)",3,0,"NFO",610,1,"SGW"
"Wan-Bissaka (WHU)",4,0,"TOT",610,1,"SGW"
"Wan-Bissaka (WHU)",5,0,"CRY",610,1,"SGW"
"Wan-Bissaka (WHU)",6,0,"EVE",610,1,"SGW"
"Wan-Bissaka (WHU)",7,1,"ARS",610,1,"SGW"
"Wan-Bissaka (WHU)",8,1,"BRE",610,1,"SGW"
"Wan-Bissaka (WHU)",9,1,"LEE",610,1,"SGW"
"Wan-Bissaka (WHU)",10,7,"NEW",610,1,"SGW"
"Wan-Bissaka (WHU)",11,3,"BUR",610,1,"SGW"
"Wan-Bissaka (WHU)",12,2,"BOU",610,1,"SGW"
"Wan-Bissaka (WHU)",13,1,"LIV",610,1,"SGW"
"Wan-Bissaka (WHU)",14,3,"MUN",610,1,"SGW"
"Wan-Bissaka (WHU)",15,4,"BHA",610,1,"SGW"
"Wan-Bissaka (WHU)",16,1,"AVL",610,1,"SGW"
"Wan-Bissaka (WHU)",17,0,"MCI",610,1,"SGW"
"Wan-Bissaka (WHU)",18,0,"FUL",610,1,"SGW"
"Wan-Bissaka (WHU)",19,0,"BHA",610,1,"SGW"
"Wan-Bissaka (WHU)",20,0,"WOL",610,1,"SGW"
"Wan-Bissaka (WHU)",21,0,"NFO",610,1,"SGW"
"Wan-Bissaka (WHU)",22,4,"TOT",610,1,"SGW"
"Wan-Bissaka (WHU)",23,2,"SUN",610,1,"SGW"
"Ward-Prowse (WHU)",1,2,"SUN",614,1,"SGW"
"Ward-Prowse (WHU)",2,2,"CHE",614,1,"SGW"
"Ward-Prowse (WHU)",3,3,"NFO",614,1,"SGW"
"Ward-Prowse (WHU)",4,2,"TOT",614,1,"SGW"
"Ward-Prowse (WHU)",5,2,"CRY",614,1,"SGW"
"Ward-Prowse (WHU)",6,0,"EVE",614,1,"SGW"
"Ward-Prowse (WHU)",7,0,"ARS",614,1,"SGW"
"Ward-Prowse (WHU)",8,0,"BRE",614,1,"SGW"
"Ward-Prowse (WHU)",9,0,"LEE",614,1,"SGW"
"Ward-Prowse (WHU)",10,0,"NEW",614,1,"SGW"
"Ward-Prowse (WHU)",11,0,"BUR",614,1,"SGW"
"Ward-Prowse (WHU)",12,0,"BOU",614,1,"SGW"
"Ward-Prowse (WHU)",13,0,"LIV",614,1,"SGW"
"Ward-Prowse (WHU)",14,0,"MUN",614,1,"SGW"
"Ward-Prowse (WHU)",15,0,"BHA",614,1,"SGW"
"Ward-Prowse (WHU)",16,0,"AVL",614,1,"SGW"
"Ward-Prowse (WHU)",17,0,"MCI",614,1,"SGW"
"Ward-Prowse (WHU)",18,0,"FUL",614,1,"SGW"
"Ward-Prowse (WHU)",19,0,"BHA",614,1,"SGW"
"Ward-Prowse (WHU)",20,0,"WOL",614,1,"SGW"
"Ward-Prowse (WHU)",21,0,"NFO",614,1,"SGW"
"Ward-Prowse (WHU)",22,0,"TOT",614,1,"SGW"
"Ward-Prowse (WHU)",23,0,"SUN",614,1,"SGW"
"Watkins (AVL)",1,2,"NEW",64,1,"SGW"
"Watkins (AVL)",2,2,"BRE",64,1,"SGW"
"Watkins (AVL)",3,2,"CRY",64,1,"SGW"
"Watkins (AVL)",4,2,"EVE",64,1,"SGW"
"Watkins (AVL)",5,2,"SUN",64,1,"SGW"
"Watkins (AVL)",6,8,"FUL",64,1,"SGW"
"Watkins (AVL)",7,2,"BUR",64,1,"SGW"
"Watkins (AVL)",8,1,"TOT",64,1,"SGW"
"Watkins (AVL)",9,2,"MCI",64,1,"SGW"
"Watkins (AVL)",10,2,"LIV",64,1,"SGW"
"Watkins (AVL)",11,2,"BOU",64,1,"SGW"
"Watkins (AVL)",12,2,"LEE",64,1,"SGW"
"Watkins (AVL)",13,1,"WOL",64,1,"SGW"
"Watkins (AVL)",14,13,"BHA",64,1,"SGW"
"Watkins (AVL)",15,2,"ARS",64,1,"SGW"
"Watkins (AVL)",16,5,"WHU",64,1,"SGW"
"Watkins (AVL)",17,5,"MUN",64,1,"SGW"
"Watkins (AVL)",18,12,"CHE",64,1,"SGW"
"Watkins (AVL)",19,5,"ARS",64,1,"SGW"
"Watkins (AVL)",20,7,"NFO",64,1,"SGW"
"Watkins (AVL)",21,2,"CRY",64,1,"SGW"
"Watkins (AVL)",22,2,"EVE",64,1,"SGW"
"Watkins (AVL)",23,8,"NEW",64,1,"SGW"
"Watson (BHA)",1,0,"FUL",172,1,"SGW"
"Watson (BHA)",2,0,"EVE",172,1,"SGW"
"Watson (BHA)",3,0,"MCI",172,1,"SGW"
"Watson (BHA)",4,0,"BOU",172,1,"SGW"
"Watson (BHA)",5,0,"TOT",172,1,"SGW"
"Watson (BHA)",6,0,"CHE",172,1,"SGW"
"Watson (BHA)",7,0,"WOL",172,1,"SGW"
"Watson (BHA)",8,0,"NEW",172,1,"SGW"
"Watson (BHA)",9,1,"MUN",172,1,"SGW"
"Watson (BHA)",10,1,"LEE",172,1,"SGW"
"Watson (BHA)",11,0,"CRY",172,1,"SGW"
"Watson (BHA)",12,0,"BRE",172,1,"SGW"
"Watson (BHA)",13,0,"NFO",172,1,"SGW"
"Watson (BHA)",14,0,"AVL",172,1,"SGW"
"Watson (BHA)",15,0,"WHU",172,1,"SGW"
"Watson (BHA)",16,0,"LIV",172,1,"SGW"
"Watson (BHA)",17,1,"SUN",172,1,"SGW"
"Watson (BHA)",18,1,"ARS",172,1,"SGW"
"Watson (BHA)",19,0,"WHU",172,1,"SGW"
"Watson (BHA)",20,1,"BUR",172,1,"SGW"
"Watson (BHA)",21,0,"MCI",172,1,"SGW"
"Watson (BHA)",22,0,"BOU",172,1,"SGW"
"Watson (BHA)",23,0,"FUL",172,1,"SGW"
"Webster (BHA)",1,0,"FUL",153,1,"SGW"
"Webster (BHA)",2,0,"EVE",153,1,"SGW"
"Webster (BHA)",3,0,"MCI",153,1,"SGW"
"Webster (BHA)",4,0,"BOU",153,1,"SGW"
"Webster (BHA)",5,0,"TOT",153,1,"SGW"
"Webster (BHA)",6,0,"CHE",153,1,"SGW"
"Webster (BHA)",7,0,"WOL",153,1,"SGW"
"Webster (BHA)",8,0,"NEW",153,1,"SGW"
"Webster (BHA)",9,0,"MUN",153,1,"SGW"
"Webster (BHA)",10,0,"LEE",153,1,"SGW"
"Webster (BHA)",11,0,"CRY",153,1,"SGW"
"Webster (BHA)",12,0,"BRE",153,1,"SGW"
"Webster (BHA)",13,0,"NFO",153,1,"SGW"
"Webster (BHA)",14,0,"AVL",153,1,"SGW"
"Webster (BHA)",15,0,"WHU",153,1,"SGW"
"Webster (BHA)",16,0,"LIV",153,1,"SGW"
"Webster (BHA)",17,0,"SUN",153,1,"SGW"
"Webster (BHA)",18,0,"ARS",153,1,"SGW"
"Webster (BHA)",19,0,"WHU",153,1,"SGW"
"Webster (BHA)",20,0,"BUR",153,1,"SGW"
"Webster (BHA)",21,0,"MCI",153,1,"SGW"
"Webster (BHA)",22,0,"BOU",153,1,"SGW"
"Webster (BHA)",23,0,"FUL",153,1,"SGW"
"Weiss (BUR)",1,0,"TOT",183,1,"SGW"
"Weiss (BUR)",2,0,"SUN",183,1,"SGW"
"Weiss (BUR)",3,0,"MUN",183,1,"SGW"
"Weiss (BUR)",4,0,"LIV",183,1,"SGW"
"Weiss (BUR)",5,0,"NFO",183,1,"SGW"
"Weiss (BUR)",6,0,"MCI",183,1,"SGW"
"Weiss (BUR)",7,0,"AVL",183,1,"SGW"
"Weiss (BUR)",8,0,"LEE",183,1,"SGW"
"Weiss (BUR)",9,0,"WOL",183,1,"SGW"
"Weiss (BUR)",10,0,"ARS",183,1,"SGW"
"Weiss (BUR)",11,0,"WHU",183,1,"SGW"
"Weiss (BUR)",12,0,"CHE",183,1,"SGW"
"Weiss (BUR)",13,0,"BRE",183,1,"SGW"
"Weiss (BUR)",14,0,"CRY",183,1,"SGW"
"Weiss (BUR)",15,0,"NEW",183,1,"SGW"
"Weiss (BUR)",16,0,"FUL",183,1,"SGW"
"Weiss (BUR)",17,0,"BOU",183,1,"SGW"
"Weiss (BUR)",18,0,"EVE",183,1,"SGW"
"Weiss (BUR)",19,0,"NEW",183,1,"SGW"
"Weiss (BUR)",20,0,"BHA",183,1,"SGW"
"Weiss (BUR)",21,0,"MUN",183,1,"SGW"
"Weiss (BUR)",22,0,"LIV",183,1,"SGW"
"Weiss (BUR)",23,0,"TOT",183,1,"SGW"
"Welbeck (BHA)",1,1,"FUL",178,1,"SGW"
"Welbeck (BHA)",2,0,"EVE",178,1,"SGW"
"Welbeck (BHA)",3,2,"MCI",178,1,"SGW"
"Welbeck (BHA)",4,2,"BOU",178,1,"SGW"
"Welbeck (BHA)",5,1,"TOT",178,1,"SGW"
"Welbeck (BHA)",6,11,"CHE",178,1,"SGW"
"Welbeck (BHA)",7,1,"WOL",178,1,"SGW"
"Welbeck (BHA)",8,13,"NEW",178,1,"SGW"
"Welbeck (BHA)",9,6,"MUN",178,1,"SGW"
"Welbeck (BHA)",10,6,"LEE",178,1,"SGW"
"Welbeck (BHA)",11,2,"CRY",178,1,"SGW"
"Welbeck (BHA)",12,8,"BRE",178,1,"SGW"
"Welbeck (BHA)",13,2,"NFO",178,1,"SGW"
"Welbeck (BHA)",14,1,"AVL",178,1,"SGW"
"Welbeck (BHA)",15,2,"WHU",178,1,"SGW"
"Welbeck (BHA)",16,1,"LIV",178,1,"SGW"
"Welbeck (BHA)",17,0,"SUN",178,1,"SGW"
"Welbeck (BHA)",18,1,"ARS",178,1,"SGW"
"Welbeck (BHA)",19,3,"WHU",178,1,"SGW"
"Welbeck (BHA)",20,1,"BUR",178,1,"SGW"
"Welbeck (BHA)",21,1,"MCI",178,1,"SGW"
"Welbeck (BHA)",22,1,"BOU",178,1,"SGW"
"Welbeck (BHA)",23,2,"FUL",178,1,"SGW"
"Welch (EVE)",1,0,"LEE",298,1,"SGW"
"Welch (EVE)",2,0,"BHA",298,1,"SGW"
"Welch (EVE)",3,0,"WOL",298,1,"SGW"
"Welch (EVE)",4,0,"AVL",298,1,"SGW"
"Welch (EVE)",5,0,"LIV",298,1,"SGW"
"Welch (EVE)",6,0,"WHU",298,1,"SGW"
"Welch (EVE)",7,0,"CRY",298,1,"SGW"
"Welch (EVE)",8,0,"MCI",298,1,"SGW"
"Welch (EVE)",9,0,"TOT",298,1,"SGW"
"Welch (EVE)",10,0,"SUN",298,1,"SGW"
"Welch (EVE)",11,0,"FUL",298,1,"SGW"
"Welch (EVE)",12,0,"MUN",298,1,"SGW"
"Welch (EVE)",13,0,"NEW",298,1,"SGW"
"Welch (EVE)",14,0,"BOU",298,1,"SGW"
"Welch (EVE)",15,0,"NFO",298,1,"SGW"
"Welch (EVE)",16,0,"CHE",298,1,"SGW"
"Welch (EVE)",17,0,"ARS",298,1,"SGW"
"Welch (EVE)",18,0,"BUR",298,1,"SGW"
"Welch (EVE)",19,0,"NFO",298,1,"SGW"
"Welch (EVE)",20,0,"BRE",298,1,"SGW"
"Welch (EVE)",21,0,"WOL",298,1,"SGW"
"Welch (EVE)",22,0,"AVL",298,1,"SGW"
"Welch (EVE)",23,0,"LEE",298,1,"SGW"
"Wharton (CRY)",1,3,"CHE",273,1,"SGW"
"Wharton (CRY)",2,2,"NFO",273,1,"SGW"
"Wharton (CRY)",3,1,"AVL",273,1,"SGW"
"Wharton (CRY)",4,0,"SUN",273,1,"SGW"
"Wharton (CRY)",5,7,"WHU",273,1,"SGW"
"Wharton (CRY)",6,3,"LIV",273,1,"SGW"
"Wharton (CRY)",7,3,"EVE",273,1,"SGW"
"Wharton (CRY)",8,2,"BOU",273,1,"SGW"
"Wharton (CRY)",9,2,"ARS",273,1,"SGW"
"Wharton (CRY)",10,0,"BRE",273,1,"SGW"
"Wharton (CRY)",11,3,"BHA",273,1,"SGW"
"Wharton (CRY)",12,6,"WOL",273,1,"SGW"
"Wharton (CRY)",13,4,"MUN",273,1,"SGW"
"Wharton (CRY)",14,3,"BUR",273,1,"SGW"
"Wharton (CRY)",15,9,"FUL",273,1,"SGW"
"Wharton (CRY)",16,4,"MCI",273,1,"SGW"
"Wharton (CRY)",17,3,"LEE",273,1,"SGW"
"Wharton (CRY)",18,2,"TOT",273,1,"SGW"
"Wharton (CRY)",19,2,"FUL",273,1,"SGW"
"Wharton (CRY)",20,4,"NEW",273,1,"SGW"
"Wharton (CRY)",21,3,"AVL",273,1,"SGW"
"Wharton (CRY)",22,1,"SUN",273,1,"SGW"
"Wharton (CRY)",23,-1,"CHE",273,1,"SGW"
"Wheatley (MUN)",1,0,"ARS",468,1,"SGW"
"Wheatley (MUN)",2,0,"FUL",468,1,"SGW"
"Wheatley (MUN)",3,0,"BUR",468,1,"SGW"
"Wheatley (MUN)",4,0,"MCI",468,1,"SGW"
"Wheatley (MUN)",5,0,"CHE",468,1,"SGW"
"Wheatley (MUN)",6,0,"BRE",468,1,"SGW"
"Wheatley (MUN)",7,0,"SUN",468,1,"SGW"
"Wheatley (MUN)",8,0,"LIV",468,1,"SGW"
"Wheatley (MUN)",9,0,"BHA",468,1,"SGW"
"Wheatley (MUN)",10,0,"NFO",468,1,"SGW"
"Wheatley (MUN)",11,0,"TOT",468,1,"SGW"
"Wheatley (MUN)",12,0,"EVE",468,1,"SGW"
"Wheatley (MUN)",13,0,"CRY",468,1,"SGW"
"Wheatley (MUN)",14,0,"WHU",468,1,"SGW"
"Wheatley (MUN)",15,0,"WOL",468,1,"SGW"
"Wheatley (MUN)",16,0,"BOU",468,1,"SGW"
"Wheatley (MUN)",17,0,"AVL",468,1,"SGW"
"Wheatley (MUN)",18,0,"NEW",468,1,"SGW"
"Wheatley (MUN)",19,0,"WOL",468,1,"SGW"
"Wheatley (MUN)",20,0,"LEE",468,1,"SGW"
"Wheatley (MUN)",21,0,"BUR",468,1,"SGW"
"Wheatley (MUN)",22,0,"MCI",468,1,"SGW"
"Wheatley (MUN)",23,0,"ARS",468,1,"SGW"
"White (ARS)",1,6,"MUN",11,1,"SGW"
"White (ARS)",2,0,"LEE",11,1,"SGW"
"White (ARS)",3,0,"LIV",11,1,"SGW"
"White (ARS)",4,0,"NFO",11,1,"SGW"
"White (ARS)",5,0,"MCI",11,1,"SGW"
"White (ARS)",6,0,"NEW",11,1,"SGW"
"White (ARS)",7,0,"WHU",11,1,"SGW"
"White (ARS)",8,0,"FUL",11,1,"SGW"
"White (ARS)",9,0,"CRY",11,1,"SGW"
"White (ARS)",10,0,"BUR",11,1,"SGW"
"White (ARS)",11,0,"SUN",11,1,"SGW"
"White (ARS)",12,0,"TOT",11,1,"SGW"
"White (ARS)",13,0,"CHE",11,1,"SGW"
"White (ARS)",14,14,"BRE",11,1,"SGW"
"White (ARS)",15,1,"AVL",11,1,"SGW"
"White (ARS)",16,1,"WOL",11,1,"SGW"
"White (ARS)",17,0,"EVE",11,1,"SGW"
"White (ARS)",18,0,"BHA",11,1,"SGW"
"White (ARS)",19,1,"AVL",11,1,"SGW"
"White (ARS)",20,0,"BOU",11,1,"SGW"
"White (ARS)",21,0,"LIV",11,1,"SGW"
"White (ARS)",22,6,"NFO",11,1,"SGW"
"White (ARS)",23,1,"MUN",11,1,"SGW"
"White (NEW)",1,0,"AVL",498,1,"SGW"
"White (NEW)",2,0,"LIV",498,1,"SGW"
"White (NEW)",3,0,"LEE",498,1,"SGW"
"White (NEW)",4,0,"WOL",498,1,"SGW"
"White (NEW)",5,0,"BOU",498,1,"SGW"
"White (NEW)",6,0,"ARS",498,1,"SGW"
"White (NEW)",7,0,"NFO",498,1,"SGW"
"White (NEW)",8,0,"BHA",498,1,"SGW"
"White (NEW)",9,0,"FUL",498,1,"SGW"
"White (NEW)",10,0,"WHU",498,1,"SGW"
"White (NEW)",11,0,"BRE",498,1,"SGW"
"White (NEW)",12,0,"MCI",498,1,"SGW"
"White (NEW)",13,0,"EVE",498,1,"SGW"
"White (NEW)",14,0,"TOT",498,1,"SGW"
"White (NEW)",15,0,"BUR",498,1,"SGW"
"White (NEW)",16,0,"SUN",498,1,"SGW"
"White (NEW)",17,0,"CHE",498,1,"SGW"
"White (NEW)",18,0,"MUN",498,1,"SGW"
"White (NEW)",19,0,"BUR",498,1,"SGW"
"White (NEW)",20,0,"CRY",498,1,"SGW"
"White (NEW)",21,0,"LEE",498,1,"SGW"
"White (NEW)",22,0,"WOL",498,1,"SGW"
"White (NEW)",23,0,"AVL",498,1,"SGW"
"Wieffer (BHA)",1,4,"FUL",173,1,"SGW"
"Wieffer (BHA)",2,3,"EVE",173,1,"SGW"
"Wieffer (BHA)",3,0,"MCI",173,1,"SGW"
"Wieffer (BHA)",4,0,"BOU",173,1,"SGW"
"Wieffer (BHA)",5,1,"TOT",173,1,"SGW"
"Wieffer (BHA)",6,3,"CHE",173,1,"SGW"
"Wieffer (BHA)",7,1,"WOL",173,1,"SGW"
"Wieffer (BHA)",8,7,"NEW",173,1,"SGW"
"Wieffer (BHA)",9,4,"MUN",173,1,"SGW"
"Wieffer (BHA)",10,10,"LEE",173,1,"SGW"
"Wieffer (BHA)",11,3,"CRY",173,1,"SGW"
"Wieffer (BHA)",12,4,"BRE",173,1,"SGW"
"Wieffer (BHA)",13,4,"NFO",173,1,"SGW"
"Wieffer (BHA)",14,8,"AVL",173,1,"SGW"
"Wieffer (BHA)",15,2,"WHU",173,1,"SGW"
"Wieffer (BHA)",16,2,"LIV",173,1,"SGW"
"Wieffer (BHA)",17,1,"SUN",173,1,"SGW"
"Wieffer (BHA)",18,1,"ARS",173,1,"SGW"
"Wieffer (BHA)",19,0,"WHU",173,1,"SGW"
"Wieffer (BHA)",20,0,"BUR",173,1,"SGW"
"Wieffer (BHA)",21,0,"MCI",173,1,"SGW"
"Wieffer (BHA)",22,0,"BOU",173,1,"SGW"
"Wieffer (BHA)",23,0,"FUL",173,1,"SGW"
"Williams-Barnett (TOT)",1,NA,NA,790,NA,"BGW"
"Williams-Barnett (TOT)",2,NA,NA,790,NA,"BGW"
"Williams-Barnett (TOT)",3,NA,NA,790,NA,"BGW"
"Williams-Barnett (TOT)",4,NA,NA,790,NA,"BGW"
"Williams-Barnett (TOT)",5,NA,NA,790,NA,"BGW"
"Williams-Barnett (TOT)",6,NA,NA,790,NA,"BGW"
"Williams-Barnett (TOT)",7,NA,NA,790,NA,"BGW"
"Williams-Barnett (TOT)",8,NA,NA,790,NA,"BGW"
"Williams-Barnett (TOT)",9,NA,NA,790,NA,"BGW"
"Williams-Barnett (TOT)",10,NA,NA,790,NA,"BGW"
"Williams-Barnett (TOT)",11,NA,NA,790,NA,"BGW"
"Williams-Barnett (TOT)",12,NA,NA,790,NA,"BGW"
"Williams-Barnett (TOT)",13,NA,NA,790,NA,"BGW"
"Williams-Barnett (TOT)",14,NA,NA,790,NA,"BGW"
"Williams-Barnett (TOT)",15,NA,NA,790,NA,"BGW"
"Williams-Barnett (TOT)",16,NA,NA,790,NA,"BGW"
"Williams-Barnett (TOT)",17,NA,NA,790,NA,"BGW"
"Williams-Barnett (TOT)",18,NA,NA,790,NA,"BGW"
"Williams-Barnett (TOT)",19,NA,NA,790,NA,"BGW"
"Williams-Barnett (TOT)",20,0,"SUN",790,1,"SGW"
"Williams-Barnett (TOT)",21,0,"BOU",790,1,"SGW"
"Williams-Barnett (TOT)",22,0,"WHU",790,1,"SGW"
"Williams-Barnett (TOT)",23,0,"BUR",790,1,"SGW"
"Willock (NEW)",1,0,"AVL",494,1,"SGW"
"Willock (NEW)",2,0,"LIV",494,1,"SGW"
"Willock (NEW)",3,0,"LEE",494,1,"SGW"
"Willock (NEW)",4,1,"WOL",494,1,"SGW"
"Willock (NEW)",5,3,"BOU",494,1,"SGW"
"Willock (NEW)",6,0,"ARS",494,1,"SGW"
"Willock (NEW)",7,0,"NFO",494,1,"SGW"
"Willock (NEW)",8,0,"BHA",494,1,"SGW"
"Willock (NEW)",9,0,"FUL",494,1,"SGW"
"Willock (NEW)",10,0,"WHU",494,1,"SGW"
"Willock (NEW)",11,1,"BRE",494,1,"SGW"
"Willock (NEW)",12,1,"MCI",494,1,"SGW"
"Willock (NEW)",13,1,"EVE",494,1,"SGW"
"Willock (NEW)",14,0,"TOT",494,1,"SGW"
"Willock (NEW)",15,3,"BUR",494,1,"SGW"
"Willock (NEW)",16,0,"SUN",494,1,"SGW"
"Willock (NEW)",17,1,"CHE",494,1,"SGW"
"Willock (NEW)",18,1,"MUN",494,1,"SGW"
"Willock (NEW)",19,1,"BUR",494,1,"SGW"
"Willock (NEW)",20,1,"CRY",494,1,"SGW"
"Willock (NEW)",21,0,"LEE",494,1,"SGW"
"Willock (NEW)",22,0,"WOL",494,1,"SGW"
"Willock (NEW)",23,1,"AVL",494,1,"SGW"
"Wilson (FUL)",1,5,"BHA",329,1,"SGW"
"Wilson (FUL)",2,1,"MUN",329,1,"SGW"
"Wilson (FUL)",3,1,"CHE",329,1,"SGW"
"Wilson (FUL)",4,1,"LEE",329,1,"SGW"
"Wilson (FUL)",5,9,"BRE",329,1,"SGW"
"Wilson (FUL)",6,1,"AVL",329,1,"SGW"
"Wilson (FUL)",7,3,"BOU",329,1,"SGW"
"Wilson (FUL)",8,2,"ARS",329,1,"SGW"
"Wilson (FUL)",9,0,"NEW",329,1,"SGW"
"Wilson (FUL)",10,10,"WOL",329,1,"SGW"
"Wilson (FUL)",11,1,"EVE",329,1,"SGW"
"Wilson (FUL)",12,2,"SUN",329,1,"SGW"
"Wilson (FUL)",13,10,"TOT",329,1,"SGW"
"Wilson (FUL)",14,8,"MCI",329,1,"SGW"
"Wilson (FUL)",15,8,"CRY",329,1,"SGW"
"Wilson (FUL)",16,16,"BUR",329,1,"SGW"
"Wilson (FUL)",17,2,"NFO",329,1,"SGW"
"Wilson (FUL)",18,5,"WHU",329,1,"SGW"
"Wilson (FUL)",19,2,"CRY",329,1,"SGW"
"Wilson (FUL)",20,6,"LIV",329,1,"SGW"
"Wilson (FUL)",21,9,"CHE",329,1,"SGW"
"Wilson (FUL)",22,2,"LEE",329,1,"SGW"
"Wilson (FUL)",23,10,"BHA",329,1,"SGW"
"Wilson (WHU)",1,1,"SUN",671,1,"SGW"
"Wilson (WHU)",2,1,"CHE",671,1,"SGW"
"Wilson (WHU)",3,7,"NFO",671,1,"SGW"
"Wilson (WHU)",4,1,"TOT",671,1,"SGW"
"Wilson (WHU)",5,1,"CRY",671,1,"SGW"
"Wilson (WHU)",6,0,"EVE",671,1,"SGW"
"Wilson (WHU)",7,0,"ARS",671,1,"SGW"
"Wilson (WHU)",8,0,"BRE",671,1,"SGW"
"Wilson (WHU)",9,2,"LEE",671,1,"SGW"
"Wilson (WHU)",10,2,"NEW",671,1,"SGW"
"Wilson (WHU)",11,7,"BUR",671,1,"SGW"
"Wilson (WHU)",12,12,"BOU",671,1,"SGW"
"Wilson (WHU)",13,2,"LIV",671,1,"SGW"
"Wilson (WHU)",14,2,"MUN",671,1,"SGW"
"Wilson (WHU)",15,4,"BHA",671,1,"SGW"
"Wilson (WHU)",16,1,"AVL",671,1,"SGW"
"Wilson (WHU)",17,1,"MCI",671,1,"SGW"
"Wilson (WHU)",18,1,"FUL",671,1,"SGW"
"Wilson (WHU)",19,5,"BHA",671,1,"SGW"
"Wilson (WHU)",20,2,"WOL",671,1,"SGW"
"Wilson (WHU)",21,0,"NFO",671,1,"SGW"
"Wilson (WHU)",22,6,"TOT",671,1,"SGW"
"Wilson (WHU)",23,1,"SUN",671,1,"SGW"
"Winterburn (BOU)",1,1,"LIV",96,1,"SGW"
"Winterburn (BOU)",2,0,"WOL",96,1,"SGW"
"Winterburn (BOU)",3,0,"TOT",96,1,"SGW"
"Winterburn (BOU)",4,0,"BHA",96,1,"SGW"
"Winterburn (BOU)",5,0,"NEW",96,1,"SGW"
"Winterburn (BOU)",6,0,"LEE",96,1,"SGW"
"Winterburn (BOU)",7,0,"FUL",96,1,"SGW"
"Winterburn (BOU)",8,0,"CRY",96,1,"SGW"
"Winterburn (BOU)",9,0,"NFO",96,1,"SGW"
"Winterburn (BOU)",10,0,"MCI",96,1,"SGW"
"Winterburn (BOU)",11,0,"AVL",96,1,"SGW"
"Winterburn (BOU)",12,0,"WHU",96,1,"SGW"
"Winterburn (BOU)",13,0,"SUN",96,1,"SGW"
"Winterburn (BOU)",14,0,"EVE",96,1,"SGW"
"Winterburn (BOU)",15,0,"CHE",96,1,"SGW"
"Winterburn (BOU)",16,0,"MUN",96,1,"SGW"
"Winterburn (BOU)",17,0,"BUR",96,1,"SGW"
"Winterburn (BOU)",18,0,"BRE",96,1,"SGW"
"Winterburn (BOU)",19,0,"CHE",96,1,"SGW"
"Winterburn (BOU)",20,0,"ARS",96,1,"SGW"
"Winterburn (BOU)",21,0,"TOT",96,1,"SGW"
"Winterburn (BOU)",22,0,"BHA",96,1,"SGW"
"Winterburn (BOU)",23,0,"LIV",96,1,"SGW"
"Wirtz (LIV)",1,2,"BOU",382,1,"SGW"
"Wirtz (LIV)",2,2,"NEW",382,1,"SGW"
"Wirtz (LIV)",3,3,"ARS",382,1,"SGW"
"Wirtz (LIV)",4,3,"BUR",382,1,"SGW"
"Wirtz (LIV)",5,0,"EVE",382,1,"SGW"
"Wirtz (LIV)",6,2,"CRY",382,1,"SGW"
"Wirtz (LIV)",7,1,"CHE",382,1,"SGW"
"Wirtz (LIV)",8,1,"MUN",382,1,"SGW"
"Wirtz (LIV)",9,2,"BRE",382,1,"SGW"
"Wirtz (LIV)",10,1,"AVL",382,1,"SGW"
"Wirtz (LIV)",11,2,"MCI",382,1,"SGW"
"Wirtz (LIV)",12,0,"NFO",382,1,"SGW"
"Wirtz (LIV)",13,3,"WHU",382,1,"SGW"
"Wirtz (LIV)",14,7,"SUN",382,1,"SGW"
"Wirtz (LIV)",15,3,"LEE",382,1,"SGW"
"Wirtz (LIV)",16,5,"BHA",382,1,"SGW"
"Wirtz (LIV)",17,8,"TOT",382,1,"SGW"
"Wirtz (LIV)",18,10,"WOL",382,1,"SGW"
"Wirtz (LIV)",19,3,"LEE",382,1,"SGW"
"Wirtz (LIV)",20,10,"FUL",382,1,"SGW"
"Wirtz (LIV)",21,3,"ARS",382,1,"SGW"
"Wirtz (LIV)",22,10,"BUR",382,1,"SGW"
"Wirtz (LIV)",23,2,"BOU",382,1,"SGW"
"Wissa (NEW)",1,0,"NFO",135,1,"SGW"
"Wissa (NEW)",2,0,"AVL",135,1,"SGW"
"Wissa (NEW)",3,0,"SUN",135,1,"SGW"
"Wissa (NEW)",4,0,"WOL",135,1,"SGW"
"Wissa (NEW)",5,0,"BOU",135,1,"SGW"
"Wissa (NEW)",6,0,"ARS",135,1,"SGW"
"Wissa (NEW)",7,0,"NFO",135,1,"SGW"
"Wissa (NEW)",8,0,"BHA",135,1,"SGW"
"Wissa (NEW)",9,0,"FUL",135,1,"SGW"
"Wissa (NEW)",10,0,"WHU",135,1,"SGW"
"Wissa (NEW)",11,0,"BRE",135,1,"SGW"
"Wissa (NEW)",12,0,"MCI",135,1,"SGW"
"Wissa (NEW)",13,0,"EVE",135,1,"SGW"
"Wissa (NEW)",14,0,"TOT",135,1,"SGW"
"Wissa (NEW)",15,1,"BUR",135,1,"SGW"
"Wissa (NEW)",16,1,"SUN",135,1,"SGW"
"Wissa (NEW)",17,0,"CHE",135,1,"SGW"
"Wissa (NEW)",18,1,"MUN",135,1,"SGW"
"Wissa (NEW)",19,6,"BUR",135,1,"SGW"
"Wissa (NEW)",20,2,"CRY",135,1,"SGW"
"Wissa (NEW)",21,1,"LEE",135,1,"SGW"
"Wissa (NEW)",22,1,"WOL",135,1,"SGW"
"Wissa (NEW)",23,2,"AVL",135,1,"SGW"
"Woltemade (NEW)",1,NA,NA,714,NA,"BGW"
"Woltemade (NEW)",2,NA,NA,714,NA,"BGW"
"Woltemade (NEW)",3,NA,NA,714,NA,"BGW"
"Woltemade (NEW)",4,9,"WOL",714,1,"SGW"
"Woltemade (NEW)",5,2,"BOU",714,1,"SGW"
"Woltemade (NEW)",6,7,"ARS",714,1,"SGW"
"Woltemade (NEW)",7,6,"NFO",714,1,"SGW"
"Woltemade (NEW)",8,8,"BHA",714,1,"SGW"
"Woltemade (NEW)",9,2,"FUL",714,1,"SGW"
"Woltemade (NEW)",10,1,"WHU",714,1,"SGW"
"Woltemade (NEW)",11,5,"BRE",714,1,"SGW"
"Woltemade (NEW)",12,2,"MCI",714,1,"SGW"
"Woltemade (NEW)",13,7,"EVE",714,1,"SGW"
"Woltemade (NEW)",14,5,"TOT",714,1,"SGW"
"Woltemade (NEW)",15,2,"BUR",714,1,"SGW"
"Woltemade (NEW)",16,0,"SUN",714,1,"SGW"
"Woltemade (NEW)",17,13,"CHE",714,1,"SGW"
"Woltemade (NEW)",18,2,"MUN",714,1,"SGW"
"Woltemade (NEW)",19,1,"BUR",714,1,"SGW"
"Woltemade (NEW)",20,1,"CRY",714,1,"SGW"
"Woltemade (NEW)",21,5,"LEE",714,1,"SGW"
"Woltemade (NEW)",22,2,"WOL",714,1,"SGW"
"Woltemade (NEW)",23,1,"AVL",714,1,"SGW"
"Wood (NFO)",1,13,"BRE",525,1,"SGW"
"Wood (NFO)",2,2,"CRY",525,1,"SGW"
"Wood (NFO)",3,2,"WHU",525,1,"SGW"
"Wood (NFO)",4,1,"ARS",525,1,"SGW"
"Wood (NFO)",5,2,"BUR",525,1,"SGW"
"Wood (NFO)",6,2,"SUN",525,1,"SGW"
"Wood (NFO)",7,2,"NEW",525,1,"SGW"
"Wood (NFO)",8,1,"CHE",525,1,"SGW"
"Wood (NFO)",9,0,"BOU",525,1,"SGW"
"Wood (NFO)",10,0,"MUN",525,1,"SGW"
"Wood (NFO)",11,0,"LEE",525,1,"SGW"
"Wood (NFO)",12,0,"LIV",525,1,"SGW"
"Wood (NFO)",13,0,"BHA",525,1,"SGW"
"Wood (NFO)",14,0,"WOL",525,1,"SGW"
"Wood (NFO)",15,0,"EVE",525,1,"SGW"
"Wood (NFO)",16,0,"TOT",525,1,"SGW"
"Wood (NFO)",17,0,"FUL",525,1,"SGW"
"Wood (NFO)",18,0,"MCI",525,1,"SGW"
"Wood (NFO)",19,0,"EVE",525,1,"SGW"
"Wood (NFO)",20,0,"AVL",525,1,"SGW"
"Wood (NFO)",21,0,"WHU",525,1,"SGW"
"Wood (NFO)",22,0,"ARS",525,1,"SGW"
"Wood (NFO)",23,0,"BRE",525,1,"SGW"
"Woodman (LIV)",1,0,"BOU",369,1,"SGW"
"Woodman (LIV)",2,0,"NEW",369,1,"SGW"
"Woodman (LIV)",3,0,"ARS",369,1,"SGW"
"Woodman (LIV)",4,0,"BUR",369,1,"SGW"
"Woodman (LIV)",5,0,"EVE",369,1,"SGW"
"Woodman (LIV)",6,0,"CRY",369,1,"SGW"
"Woodman (LIV)",7,0,"CHE",369,1,"SGW"
"Woodman (LIV)",8,0,"MUN",369,1,"SGW"
"Woodman (LIV)",9,0,"BRE",369,1,"SGW"
"Woodman (LIV)",10,0,"AVL",369,1,"SGW"
"Woodman (LIV)",11,0,"MCI",369,1,"SGW"
"Woodman (LIV)",12,0,"NFO",369,1,"SGW"
"Woodman (LIV)",13,0,"WHU",369,1,"SGW"
"Woodman (LIV)",14,0,"SUN",369,1,"SGW"
"Woodman (LIV)",15,0,"LEE",369,1,"SGW"
"Woodman (LIV)",16,0,"BHA",369,1,"SGW"
"Woodman (LIV)",17,0,"TOT",369,1,"SGW"
"Woodman (LIV)",18,0,"WOL",369,1,"SGW"
"Woodman (LIV)",19,0,"LEE",369,1,"SGW"
"Woodman (LIV)",20,0,"FUL",369,1,"SGW"
"Woodman (LIV)",21,0,"ARS",369,1,"SGW"
"Woodman (LIV)",22,0,"BUR",369,1,"SGW"
"Woodman (LIV)",23,0,"BOU",369,1,"SGW"
"Worrall (BUR)",1,0,"TOT",199,1,"SGW"
"Worrall (BUR)",2,1,"SUN",199,1,"SGW"
"Worrall (BUR)",3,1,"MUN",199,1,"SGW"
"Worrall (BUR)",4,1,"LIV",199,1,"SGW"
"Worrall (BUR)",5,0,"NFO",199,1,"SGW"
"Worrall (BUR)",6,0,"MCI",199,1,"SGW"
"Worrall (BUR)",7,1,"AVL",199,1,"SGW"
"Worrall (BUR)",8,0,"LEE",199,1,"SGW"
"Worrall (BUR)",9,0,"WOL",199,1,"SGW"
"Worrall (BUR)",10,0,"ARS",199,1,"SGW"
"Worrall (BUR)",11,0,"WHU",199,1,"SGW"
"Worrall (BUR)",12,0,"CHE",199,1,"SGW"
"Worrall (BUR)",13,0,"BRE",199,1,"SGW"
"Worrall (BUR)",14,0,"CRY",199,1,"SGW"
"Worrall (BUR)",15,1,"NEW",199,1,"SGW"
"Worrall (BUR)",16,0,"FUL",199,1,"SGW"
"Worrall (BUR)",17,2,"BOU",199,1,"SGW"
"Worrall (BUR)",18,0,"EVE",199,1,"SGW"
"Worrall (BUR)",19,0,"NEW",199,1,"SGW"
"Worrall (BUR)",20,0,"BHA",199,1,"SGW"
"Worrall (BUR)",21,0,"MUN",199,1,"SGW"
"Worrall (BUR)",22,0,"LIV",199,1,"SGW"
"Worrall (BUR)",23,0,"TOT",199,1,"SGW"
"Wright (AVL)",1,0,"NEW",688,1,"SGW"
"Wright (AVL)",2,0,"BRE",688,1,"SGW"
"Wright (AVL)",3,0,"CRY",688,1,"SGW"
"Wright (AVL)",4,0,"EVE",688,1,"SGW"
"Wright (AVL)",5,0,"SUN",688,1,"SGW"
"Wright (AVL)",6,0,"FUL",688,1,"SGW"
"Wright (AVL)",7,0,"BUR",688,1,"SGW"
"Wright (AVL)",8,0,"TOT",688,1,"SGW"
"Wright (AVL)",9,0,"MCI",688,1,"SGW"
"Wright (AVL)",10,0,"LIV",688,1,"SGW"
"Wright (AVL)",11,0,"BOU",688,1,"SGW"
"Wright (AVL)",12,0,"LEE",688,1,"SGW"
"Wright (AVL)",13,0,"WOL",688,1,"SGW"
"Wright (AVL)",14,0,"BHA",688,1,"SGW"
"Wright (AVL)",15,0,"ARS",688,1,"SGW"
"Wright (AVL)",16,0,"WHU",688,1,"SGW"
"Wright (AVL)",17,0,"MUN",688,1,"SGW"
"Wright (AVL)",18,0,"CHE",688,1,"SGW"
"Wright (AVL)",19,0,"ARS",688,1,"SGW"
"Wright (AVL)",20,0,"NFO",688,1,"SGW"
"Wright (AVL)",21,0,"CRY",688,1,"SGW"
"Wright (AVL)",22,0,"EVE",688,1,"SGW"
"Wright (AVL)",23,0,"NEW",688,1,"SGW"
"Xavi (TOT)",1,NA,NA,717,NA,"BGW"
"Xavi (TOT)",2,NA,NA,717,NA,"BGW"
"Xavi (TOT)",3,NA,NA,717,NA,"BGW"
"Xavi (TOT)",4,6,"WHU",717,1,"SGW"
"Xavi (TOT)",5,1,"BHA",717,1,"SGW"
"Xavi (TOT)",6,1,"WOL",717,1,"SGW"
"Xavi (TOT)",7,2,"LEE",717,1,"SGW"
"Xavi (TOT)",8,2,"AVL",717,1,"SGW"
"Xavi (TOT)",9,3,"EVE",717,1,"SGW"
"Xavi (TOT)",10,3,"CHE",717,1,"SGW"
"Xavi (TOT)",11,2,"MUN",717,1,"SGW"
"Xavi (TOT)",12,1,"ARS",717,1,"SGW"
"Xavi (TOT)",13,1,"FUL",717,1,"SGW"
"Xavi (TOT)",14,1,"NEW",717,1,"SGW"
"Xavi (TOT)",15,14,"BRE",717,1,"SGW"
"Xavi (TOT)",16,4,"NFO",717,1,"SGW"
"Xavi (TOT)",17,-2,"LIV",717,1,"SGW"
"Xavi (TOT)",18,0,"CRY",717,1,"SGW"
"Xavi (TOT)",19,0,"BRE",717,1,"SGW"
"Xavi (TOT)",20,0,"SUN",717,1,"SGW"
"Xavi (TOT)",21,5,"BOU",717,1,"SGW"
"Xavi (TOT)",22,2,"WHU",717,1,"SGW"
"Xavi (TOT)",23,4,"BUR",717,1,"SGW"
"Xhaka (SUN)",1,3,"WHU",668,1,"SGW"
"Xhaka (SUN)",2,4,"BUR",668,1,"SGW"
"Xhaka (SUN)",3,4,"BRE",668,1,"SGW"
"Xhaka (SUN)",4,5,"CRY",668,1,"SGW"
"Xhaka (SUN)",5,4,"AVL",668,1,"SGW"
"Xhaka (SUN)",6,9,"NFO",668,1,"SGW"
"Xhaka (SUN)",7,3,"MUN",668,1,"SGW"
"Xhaka (SUN)",8,5,"WOL",668,1,"SGW"
"Xhaka (SUN)",9,2,"CHE",668,1,"SGW"
"Xhaka (SUN)",10,10,"EVE",668,1,"SGW"
"Xhaka (SUN)",11,3,"ARS",668,1,"SGW"
"Xhaka (SUN)",12,2,"FUL",668,1,"SGW"
"Xhaka (SUN)",13,5,"BOU",668,1,"SGW"
"Xhaka (SUN)",14,4,"LIV",668,1,"SGW"
"Xhaka (SUN)",15,2,"MCI",668,1,"SGW"
"Xhaka (SUN)",16,3,"NEW",668,1,"SGW"
"Xhaka (SUN)",17,3,"BHA",668,1,"SGW"
"Xhaka (SUN)",18,6,"LEE",668,1,"SGW"
"Xhaka (SUN)",19,5,"MCI",668,1,"SGW"
"Xhaka (SUN)",20,4,"TOT",668,1,"SGW"
"Xhaka (SUN)",21,2,"BRE",668,1,"SGW"
"Xhaka (SUN)",22,2,"CRY",668,1,"SGW"
"Xhaka (SUN)",23,0,"WHU",668,1,"SGW"
"Y.Chermiti (EVE)",1,0,"LEE",312,1,"SGW"
"Y.Chermiti (EVE)",2,0,"BHA",312,1,"SGW"
"Y.Chermiti (EVE)",3,0,"WOL",312,1,"SGW"
"Y.Chermiti (EVE)",4,0,"AVL",312,1,"SGW"
"Y.Chermiti (EVE)",5,0,"LIV",312,1,"SGW"
"Y.Chermiti (EVE)",6,0,"WHU",312,1,"SGW"
"Y.Chermiti (EVE)",7,0,"CRY",312,1,"SGW"
"Y.Chermiti (EVE)",8,0,"MCI",312,1,"SGW"
"Y.Chermiti (EVE)",9,0,"TOT",312,1,"SGW"
"Y.Chermiti (EVE)",10,0,"SUN",312,1,"SGW"
"Y.Chermiti (EVE)",11,0,"FUL",312,1,"SGW"
"Y.Chermiti (EVE)",12,0,"MUN",312,1,"SGW"
"Y.Chermiti (EVE)",13,0,"NEW",312,1,"SGW"
"Y.Chermiti (EVE)",14,0,"BOU",312,1,"SGW"
"Y.Chermiti (EVE)",15,0,"NFO",312,1,"SGW"
"Y.Chermiti (EVE)",16,0,"CHE",312,1,"SGW"
"Y.Chermiti (EVE)",17,0,"ARS",312,1,"SGW"
"Y.Chermiti (EVE)",18,0,"BUR",312,1,"SGW"
"Y.Chermiti (EVE)",19,0,"NFO",312,1,"SGW"
"Y.Chermiti (EVE)",20,0,"BRE",312,1,"SGW"
"Y.Chermiti (EVE)",21,0,"WOL",312,1,"SGW"
"Y.Chermiti (EVE)",22,0,"AVL",312,1,"SGW"
"Y.Chermiti (EVE)",23,0,"LEE",312,1,"SGW"
"Yalcouye (BHA)",1,0,"FUL",174,1,"SGW"
"Yalcouye (BHA)",2,0,"EVE",174,1,"SGW"
"Yalcouye (BHA)",3,0,"MCI",174,1,"SGW"
"Yalcouye (BHA)",4,0,"BOU",174,1,"SGW"
"Yalcouye (BHA)",5,0,"TOT",174,1,"SGW"
"Yalcouye (BHA)",6,0,"CHE",174,1,"SGW"
"Yalcouye (BHA)",7,0,"WOL",174,1,"SGW"
"Yalcouye (BHA)",8,0,"NEW",174,1,"SGW"
"Yalcouye (BHA)",9,0,"MUN",174,1,"SGW"
"Yalcouye (BHA)",10,0,"LEE",174,1,"SGW"
"Yalcouye (BHA)",11,0,"CRY",174,1,"SGW"
"Yalcouye (BHA)",12,0,"BRE",174,1,"SGW"
"Yalcouye (BHA)",13,0,"NFO",174,1,"SGW"
"Yalcouye (BHA)",14,0,"AVL",174,1,"SGW"
"Yalcouye (BHA)",15,0,"WHU",174,1,"SGW"
"Yalcouye (BHA)",16,0,"LIV",174,1,"SGW"
"Yalcouye (BHA)",17,0,"SUN",174,1,"SGW"
"Yalcouye (BHA)",18,0,"ARS",174,1,"SGW"
"Yalcouye (BHA)",19,0,"WHU",174,1,"SGW"
"Yalcouye (BHA)",20,0,"BUR",174,1,"SGW"
"Yalcouye (BHA)",21,0,"MCI",174,1,"SGW"
"Yalcouye (BHA)",22,0,"BOU",174,1,"SGW"
"Yalcouye (BHA)",23,0,"FUL",174,1,"SGW"
"Yarmoliuk (BRE)",1,2,"NFO",129,1,"SGW"
"Yarmoliuk (BRE)",2,5,"AVL",129,1,"SGW"
"Yarmoliuk (BRE)",3,2,"SUN",129,1,"SGW"
"Yarmoliuk (BRE)",4,3,"CHE",129,1,"SGW"
"Yarmoliuk (BRE)",5,2,"FUL",129,1,"SGW"
"Yarmoliuk (BRE)",6,7,"MUN",129,1,"SGW"
"Yarmoliuk (BRE)",7,2,"MCI",129,1,"SGW"
"Yarmoliuk (BRE)",8,3,"WHU",129,1,"SGW"
"Yarmoliuk (BRE)",9,1,"LIV",129,1,"SGW"
"Yarmoliuk (BRE)",10,2,"CRY",129,1,"SGW"
"Yarmoliuk (BRE)",11,4,"NEW",129,1,"SGW"
"Yarmoliuk (BRE)",12,2,"BHA",129,1,"SGW"
"Yarmoliuk (BRE)",13,1,"BUR",129,1,"SGW"
"Yarmoliuk (BRE)",14,1,"ARS",129,1,"SGW"
"Yarmoliuk (BRE)",15,1,"TOT",129,1,"SGW"
"Yarmoliuk (BRE)",16,1,"LEE",129,1,"SGW"
"Yarmoliuk (BRE)",17,5,"WOL",129,1,"SGW"
"Yarmoliuk (BRE)",18,5,"BOU",129,1,"SGW"
"Yarmoliuk (BRE)",19,5,"TOT",129,1,"SGW"
"Yarmoliuk (BRE)",20,3,"EVE",129,1,"SGW"
"Yarmoliuk (BRE)",21,8,"SUN",129,1,"SGW"
"Yarmoliuk (BRE)",22,2,"CHE",129,1,"SGW"
"Yarmoliuk (BRE)",23,3,"NFO",129,1,"SGW"
"Yasin (AVL)",1,0,"NEW",46,1,"SGW"
"Yasin (AVL)",2,0,"BRE",46,1,"SGW"
"Yasin (AVL)",3,0,"CRY",46,1,"SGW"
"Yasin (AVL)",4,0,"EVE",46,1,"SGW"
"Yasin (AVL)",5,0,"SUN",46,1,"SGW"
"Yasin (AVL)",6,0,"FUL",46,1,"SGW"
"Yasin (AVL)",7,0,"BUR",46,1,"SGW"
"Yasin (AVL)",8,0,"TOT",46,1,"SGW"
"Yasin (AVL)",9,0,"MCI",46,1,"SGW"
"Yasin (AVL)",10,0,"LIV",46,1,"SGW"
"Yasin (AVL)",11,0,"BOU",46,1,"SGW"
"Yasin (AVL)",12,0,"LEE",46,1,"SGW"
"Yasin (AVL)",13,0,"WOL",46,1,"SGW"
"Yasin (AVL)",14,0,"BHA",46,1,"SGW"
"Yasin (AVL)",15,0,"ARS",46,1,"SGW"
"Yasin (AVL)",16,0,"WHU",46,1,"SGW"
"Yasin (AVL)",17,0,"MUN",46,1,"SGW"
"Yasin (AVL)",18,0,"CHE",46,1,"SGW"
"Yasin (AVL)",19,0,"ARS",46,1,"SGW"
"Yasin (AVL)",20,0,"NFO",46,1,"SGW"
"Yasin (AVL)",21,0,"CRY",46,1,"SGW"
"Yasin (AVL)",22,0,"EVE",46,1,"SGW"
"Yasin (AVL)",23,0,"NEW",46,1,"SGW"
"Yates (NFO)",1,1,"BRE",522,1,"SGW"
"Yates (NFO)",2,1,"CRY",522,1,"SGW"
"Yates (NFO)",3,0,"WHU",522,1,"SGW"
"Yates (NFO)",4,1,"ARS",522,1,"SGW"
"Yates (NFO)",5,0,"BUR",522,1,"SGW"
"Yates (NFO)",6,0,"SUN",522,1,"SGW"
"Yates (NFO)",7,1,"NEW",522,1,"SGW"
"Yates (NFO)",8,0,"CHE",522,1,"SGW"
"Yates (NFO)",9,1,"BOU",522,1,"SGW"
"Yates (NFO)",10,5,"MUN",522,1,"SGW"
"Yates (NFO)",11,1,"LEE",522,1,"SGW"
"Yates (NFO)",12,1,"LIV",522,1,"SGW"
"Yates (NFO)",13,1,"BHA",522,1,"SGW"
"Yates (NFO)",14,1,"WOL",522,1,"SGW"
"Yates (NFO)",15,1,"EVE",522,1,"SGW"
"Yates (NFO)",16,0,"TOT",522,1,"SGW"
"Yates (NFO)",17,0,"FUL",522,1,"SGW"
"Yates (NFO)",18,0,"MCI",522,1,"SGW"
"Yates (NFO)",19,0,"EVE",522,1,"SGW"
"Yates (NFO)",20,0,"AVL",522,1,"SGW"
"Yates (NFO)",21,0,"WHU",522,1,"SGW"
"Yates (NFO)",22,0,"ARS",522,1,"SGW"
"Yates (NFO)",23,0,"BRE",522,1,"SGW"
"Yeremy (CRY)",1,NA,NA,712,NA,"BGW"
"Yeremy (CRY)",2,NA,NA,712,NA,"BGW"
"Yeremy (CRY)",3,1,"AVL",712,1,"SGW"
"Yeremy (CRY)",4,3,"SUN",712,1,"SGW"
"Yeremy (CRY)",5,1,"WHU",712,1,"SGW"
"Yeremy (CRY)",6,3,"LIV",712,1,"SGW"
"Yeremy (CRY)",7,1,"EVE",712,1,"SGW"
"Yeremy (CRY)",8,1,"BOU",712,1,"SGW"
"Yeremy (CRY)",9,1,"ARS",712,1,"SGW"
"Yeremy (CRY)",10,3,"BRE",712,1,"SGW"
"Yeremy (CRY)",11,1,"BHA",712,1,"SGW"
"Yeremy (CRY)",12,8,"WOL",712,1,"SGW"
"Yeremy (CRY)",13,2,"MUN",712,1,"SGW"
"Yeremy (CRY)",14,3,"BUR",712,1,"SGW"
"Yeremy (CRY)",15,5,"FUL",712,1,"SGW"
"Yeremy (CRY)",16,2,"MCI",712,1,"SGW"
"Yeremy (CRY)",17,2,"LEE",712,1,"SGW"
"Yeremy (CRY)",18,4,"TOT",712,1,"SGW"
"Yeremy (CRY)",19,2,"FUL",712,1,"SGW"
"Yeremy (CRY)",20,2,"NEW",712,1,"SGW"
"Yeremy (CRY)",21,3,"AVL",712,1,"SGW"
"Yeremy (CRY)",22,9,"SUN",712,1,"SGW"
"Yeremy (CRY)",23,1,"CHE",712,1,"SGW"
"Yoro (MUN)",1,4,"ARS",444,1,"SGW"
"Yoro (MUN)",2,6,"FUL",444,1,"SGW"
"Yoro (MUN)",3,1,"BUR",444,1,"SGW"
"Yoro (MUN)",4,1,"MCI",444,1,"SGW"
"Yoro (MUN)",5,1,"CHE",444,1,"SGW"
"Yoro (MUN)",6,1,"BRE",444,1,"SGW"
"Yoro (MUN)",7,6,"SUN",444,1,"SGW"
"Yoro (MUN)",8,1,"LIV",444,1,"SGW"
"Yoro (MUN)",9,1,"BHA",444,1,"SGW"
"Yoro (MUN)",10,1,"NFO",444,1,"SGW"
"Yoro (MUN)",11,0,"TOT",444,1,"SGW"
"Yoro (MUN)",12,2,"EVE",444,1,"SGW"
"Yoro (MUN)",13,1,"CRY",444,1,"SGW"
"Yoro (MUN)",14,1,"WHU",444,1,"SGW"
"Yoro (MUN)",15,1,"WOL",444,1,"SGW"
"Yoro (MUN)",16,1,"BOU",444,1,"SGW"
"Yoro (MUN)",17,1,"AVL",444,1,"SGW"
"Yoro (MUN)",18,1,"NEW",444,1,"SGW"
"Yoro (MUN)",19,1,"WOL",444,1,"SGW"
"Yoro (MUN)",20,2,"LEE",444,1,"SGW"
"Yoro (MUN)",21,1,"BUR",444,1,"SGW"
"Yoro (MUN)",22,0,"MCI",444,1,"SGW"
"Yoro (MUN)",23,0,"ARS",444,1,"SGW"
"Young (AVL)",1,0,"NEW",63,1,"SGW"
"Young (AVL)",2,0,"BRE",63,1,"SGW"
"Young (AVL)",3,0,"CRY",63,1,"SGW"
"Young (AVL)",4,0,"EVE",63,1,"SGW"
"Young (AVL)",5,0,"SUN",63,1,"SGW"
"Young (AVL)",6,0,"FUL",63,1,"SGW"
"Young (AVL)",7,0,"BUR",63,1,"SGW"
"Young (AVL)",8,0,"TOT",63,1,"SGW"
"Young (AVL)",9,0,"MCI",63,1,"SGW"
"Young (AVL)",10,0,"LIV",63,1,"SGW"
"Young (AVL)",11,0,"BOU",63,1,"SGW"
"Young (AVL)",12,0,"LEE",63,1,"SGW"
"Young (AVL)",13,0,"WOL",63,1,"SGW"
"Young (AVL)",14,0,"BHA",63,1,"SGW"
"Young (AVL)",15,0,"ARS",63,1,"SGW"
"Young (AVL)",16,0,"WHU",63,1,"SGW"
"Young (AVL)",17,0,"MUN",63,1,"SGW"
"Young (AVL)",18,0,"CHE",63,1,"SGW"
"Young (AVL)",19,0,"ARS",63,1,"SGW"
"Young (AVL)",20,0,"NFO",63,1,"SGW"
"Young (AVL)",21,0,"CRY",63,1,"SGW"
"Young (AVL)",22,0,"EVE",63,1,"SGW"
"Young (AVL)",23,0,"NEW",63,1,"SGW"
"Zabarnyi (BOU)",1,0,"LIV",71,1,"SGW"
"Zabarnyi (BOU)",2,0,"WOL",71,1,"SGW"
"Zabarnyi (BOU)",3,0,"TOT",71,1,"SGW"
"Zabarnyi (BOU)",4,0,"BHA",71,1,"SGW"
"Zabarnyi (BOU)",5,0,"NEW",71,1,"SGW"
"Zabarnyi (BOU)",6,0,"LEE",71,1,"SGW"
"Zabarnyi (BOU)",7,0,"FUL",71,1,"SGW"
"Zabarnyi (BOU)",8,0,"CRY",71,1,"SGW"
"Zabarnyi (BOU)",9,0,"NFO",71,1,"SGW"
"Zabarnyi (BOU)",10,0,"MCI",71,1,"SGW"
"Zabarnyi (BOU)",11,0,"AVL",71,1,"SGW"
"Zabarnyi (BOU)",12,0,"WHU",71,1,"SGW"
"Zabarnyi (BOU)",13,0,"SUN",71,1,"SGW"
"Zabarnyi (BOU)",14,0,"EVE",71,1,"SGW"
"Zabarnyi (BOU)",15,0,"CHE",71,1,"SGW"
"Zabarnyi (BOU)",16,0,"MUN",71,1,"SGW"
"Zabarnyi (BOU)",17,0,"BUR",71,1,"SGW"
"Zabarnyi (BOU)",18,0,"BRE",71,1,"SGW"
"Zabarnyi (BOU)",19,0,"CHE",71,1,"SGW"
"Zabarnyi (BOU)",20,0,"ARS",71,1,"SGW"
"Zabarnyi (BOU)",21,0,"TOT",71,1,"SGW"
"Zabarnyi (BOU)",22,0,"BHA",71,1,"SGW"
"Zabarnyi (BOU)",23,0,"LIV",71,1,"SGW"
"Zinchenko (NFO)",1,0,"MUN",12,1,"SGW"
"Zinchenko (NFO)",2,0,"LEE",12,1,"SGW"
"Zinchenko (NFO)",3,0,"LIV",12,1,"SGW"
"Zinchenko (NFO)",4,0,"ARS",12,1,"SGW"
"Zinchenko (NFO)",5,2,"BUR",12,1,"SGW"
"Zinchenko (NFO)",6,2,"SUN",12,1,"SGW"
"Zinchenko (NFO)",7,0,"NEW",12,1,"SGW"
"Zinchenko (NFO)",8,1,"CHE",12,1,"SGW"
"Zinchenko (NFO)",9,0,"BOU",12,1,"SGW"
"Zinchenko (NFO)",10,0,"MUN",12,1,"SGW"
"Zinchenko (NFO)",11,0,"LEE",12,1,"SGW"
"Zinchenko (NFO)",12,0,"LIV",12,1,"SGW"
"Zinchenko (NFO)",13,0,"BHA",12,1,"SGW"
"Zinchenko (NFO)",14,0,"WOL",12,1,"SGW"
"Zinchenko (NFO)",15,0,"EVE",12,1,"SGW"
"Zinchenko (NFO)",16,0,"TOT",12,1,"SGW"
"Zinchenko (NFO)",17,1,"FUL",12,1,"SGW"
"Zinchenko (NFO)",18,0,"MCI",12,1,"SGW"
"Zinchenko (NFO)",19,1,"EVE",12,1,"SGW"
"Zinchenko (NFO)",20,0,"AVL",12,1,"SGW"
"Zinchenko (NFO)",21,0,"WHU",12,1,"SGW"
"Zinchenko (NFO)",22,0,"ARS",12,1,"SGW"
"Zinchenko (NFO)",23,0,"BRE",12,1,"SGW"
"Zirkzee (MUN)",1,0,"ARS",466,1,"SGW"
"Zirkzee (MUN)",2,0,"FUL",466,1,"SGW"
"Zirkzee (MUN)",3,1,"BUR",466,1,"SGW"
"Zirkzee (MUN)",4,1,"MCI",466,1,"SGW"
"Zirkzee (MUN)",5,0,"CHE",466,1,"SGW"
"Zirkzee (MUN)",6,1,"BRE",466,1,"SGW"
"Zirkzee (MUN)",7,0,"SUN",466,1,"SGW"
"Zirkzee (MUN)",8,0,"LIV",466,1,"SGW"
"Zirkzee (MUN)",9,1,"BHA",466,1,"SGW"
"Zirkzee (MUN)",10,0,"NFO",466,1,"SGW"
"Zirkzee (MUN)",11,0,"TOT",466,1,"SGW"
"Zirkzee (MUN)",12,2,"EVE",466,1,"SGW"
"Zirkzee (MUN)",13,9,"CRY",466,1,"SGW"
"Zirkzee (MUN)",14,2,"WHU",466,1,"SGW"
"Zirkzee (MUN)",15,0,"WOL",466,1,"SGW"
"Zirkzee (MUN)",16,1,"BOU",466,1,"SGW"
"Zirkzee (MUN)",17,1,"AVL",466,1,"SGW"
"Zirkzee (MUN)",18,1,"NEW",466,1,"SGW"
"Zirkzee (MUN)",19,8,"WOL",466,1,"SGW"
"Zirkzee (MUN)",20,4,"LEE",466,1,"SGW"
"Zirkzee (MUN)",21,1,"BUR",466,1,"SGW"
"Zirkzee (MUN)",22,0,"MCI",466,1,"SGW"
"Zirkzee (MUN)",23,0,"ARS",466,1,"SGW"
"Zubimendi (ARS)",1,5,"MUN",26,1,"SGW"
"Zubimendi (ARS)",2,3,"LEE",26,1,"SGW"
"Zubimendi (ARS)",3,1,"LIV",26,1,"SGW"
"Zubimendi (ARS)",4,16,"NFO",26,1,"SGW"
"Zubimendi (ARS)",5,2,"MCI",26,1,"SGW"
"Zubimendi (ARS)",6,2,"NEW",26,1,"SGW"
"Zubimendi (ARS)",7,3,"WHU",26,1,"SGW"
"Zubimendi (ARS)",8,3,"FUL",26,1,"SGW"
"Zubimendi (ARS)",9,5,"CRY",26,1,"SGW"
"Zubimendi (ARS)",10,3,"BUR",26,1,"SGW"
"Zubimendi (ARS)",11,5,"SUN",26,1,"SGW"
"Zubimendi (ARS)",12,2,"TOT",26,1,"SGW"
"Zubimendi (ARS)",13,0,"CHE",26,1,"SGW"
"Zubimendi (ARS)",14,3,"BRE",26,1,"SGW"
"Zubimendi (ARS)",15,2,"AVL",26,1,"SGW"
"Zubimendi (ARS)",16,1,"WOL",26,1,"SGW"
"Zubimendi (ARS)",17,3,"EVE",26,1,"SGW"
"Zubimendi (ARS)",18,2,"BHA",26,1,"SGW"
"Zubimendi (ARS)",19,8,"AVL",26,1,"SGW"
"Zubimendi (ARS)",20,3,"BOU",26,1,"SGW"
"Zubimendi (ARS)",21,5,"LIV",26,1,"SGW"
"Zubimendi (ARS)",22,3,"NFO",26,1,"SGW"
"Zubimendi (ARS)",23,1,"MUN",26,1,"SGW"
